{"type":"FeatureCollection","features":[{"type":"Feature","properties":{"icaoId":"KKCI","airSigmetType":"SIGMET","alphaChar":"C","hazard":"TURB","seriesId":"OSCAR 4","validTimeFrom":"2026-10-09T23:23:00.000Z","validTimeTo":"2026-10-10T03:23:00.000Z","severity":5,"altitudeHi1":null,"altitudeHi2":15000,"altitudeLow1":null,"altitudeLow2":null,"movementDir":180,"movementSpd":null,"rawAirSigmet":"WSUS05 KKCI 092323\nSLCO WS 092323\nSIGMET OSCAR 4 VALID UNTIL 100323\nMT\nFROM 50NNW FCA TO 60SE YQL TO 30WNW LWT TO 60W HLN TO 50NNW FCA\nOCNL SEV TURB BLW 150. DUE TO STG LOW LVL WNDS AND MTN WV ACT.\nCONDS ENDG 0323Z.\n...."},"geometry":{"type":"Polygon","coordinates":[[[-114.675,48.975],[-111.726,48.919],[-110.292,47.235],[-113.403,46.601],[-114.675,48.975]]]}},{"type":"Feature","properties":{"icaoId":"KKCI","airSigmetType":"SIGMET","alphaChar":"C","hazard":"CONVECTIVE","seriesId":"35C","validTimeFrom":"2026-10-09T23:55:00.000Z","validTimeTo":"2026-10-10T01:55:00.000Z","severity":5,"altitudeHi1":31000,"altitudeHi2":31000,"altitudeLow1":null,"altitudeLow2":null,"movementDir":null,"movementSpd":0,"rawAirSigmet":"WSUS32 KKCI 092355\nMKCC WST 092355\nCONVECTIVE SIGMET 35C\nVALID UNTIL 0155Z\nTX\nFROM 30SW JCT-20S JCT-40E DLF-20NW DLF-30SW JCT\nAREA TS MOV LTL. TOPS TO FL310.\n\n"},"geometry":{"type":"Polygon","coordinates":[[[-100.229,30.246],[-99.82,30.267],[-100.006,29.358],[-101.041,29.595],[-100.229,30.246]]]}},{"type":"Feature","properties":{"icaoId":"KKCI","airSigmetType":"SIGMET","alphaChar":"C","hazard":"CONVECTIVE","seriesId":"36C","validTimeFrom":"2026-10-09T23:55:00.000Z","validTimeTo":"2026-10-10T01:55:00.000Z","severity":5,"altitudeHi1":37000,"altitudeHi2":37000,"altitudeLow1":null,"altitudeLow2":null,"movementDir":60,"movementSpd":20,"rawAirSigmet":"WSUS32 KKCI 092355\nMKCC WST 092355\nCONVECTIVE SIGMET 36C\nVALID UNTIL 0155Z\nMS LA AND LA CSTL WTRS\nFROM 60ENE AEX-30WNW MCB-60SSE LCH-10S LCH-60ENE AEX\nAREA TS MOV FROM 06020KT. TOPS TO FL370.\n\n"},"geometry":{"type":"Polygon","coordinates":[[[-91.421,31.646],[-90.803,31.486],[-92.663,29.22],[-93.11,29.974],[-91.421,31.646]]]}},{"type":"Feature","properties":{"icaoId":"KKCI","airSigmetType":"SIGMET","alphaChar":"E","hazard":"CONVECTIVE","seriesId":"75E","validTimeFrom":"2026-10-09T23:55:00.000Z","validTimeTo":"2026-10-10T01:55:00.000Z","severity":5,"altitudeHi1":45000,"altitudeHi2":45000,"altitudeLow1":null,"altitudeLow2":null,"movementDir":180,"movementSpd":15,"rawAirSigmet":"WSUS31 KKCI 092355\nMKCE WST 092355\nCONVECTIVE SIGMET 75E\nVALID UNTIL 0155Z\nFL GA AL MS AND FL AL MS CSTL WTRS\nFROM 60WNW SAV-30WSW OMN-80WSW SRQ-120ESE LEV-30SSW MEI-60WNW SAV\nAREA SEV EMBD TS MOV FROM 18015KT. TOPS ABV FL450.\nTORNADOES...WIND GUSTS TO 130KT POSS...HAIL TO 0.5 IN POSS.\nTS ASSOCD WITH TC ISAIAS. REF INTL SIGMET MIKE SERIES.\n\n"},"geometry":{"type":"Polygon","coordinates":[[[-82.208,32.529],[-81.636,29.104],[-83.923,26.873],[-88.011,28.384],[-89.02,31.917],[-82.208,32.529]]]}},{"type":"Feature","properties":{"icaoId":"KKCI","airSigmetType":"SIGMET","alphaChar":"E","hazard":"CONVECTIVE","seriesId":"76E","validTimeFrom":"2026-10-09T23:55:00.000Z","validTimeTo":"2026-10-10T01:55:00.000Z","severity":5,"altitudeHi1":45000,"altitudeHi2":45000,"altitudeLow1":null,"altitudeLow2":null,"movementDir":180,"movementSpd":15,"rawAirSigmet":"WSUS31 KKCI 092355\nMKCE WST 092355\nCONVECTIVE SIGMET 76E\nVALID UNTIL 0155Z\nFL AND FL SC GA CSTL WTRS\nFROM 60E CHS-160ESE CHS-190SE CHS-30WSW OMN-10WSW CRG-60E CHS\nAREA TS MOV FROM 18015KT. TOPS ABV FL450.\n\n"},"geometry":{"type":"Polygon","coordinates":[[[-78.851,32.884],[-77.156,31.817],[-77.443,30.628],[-81.636,29.104],[-81.687,30.275],[-78.851,32.884]]]}},{"type":"Feature","properties":{"icaoId":"KKCI","airSigmetType":"SIGMET","alphaChar":"E","hazard":"CONVECTIVE","seriesId":"77E","validTimeFrom":"2026-10-09T23:55:00.000Z","validTimeTo":"2026-10-10T01:55:00.000Z","severity":5,"altitudeHi1":37000,"altitudeHi2":37000,"altitudeLow1":null,"altitudeLow2":null,"movementDir":180,"movementSpd":15,"rawAirSigmet":"WSUS31 KKCI 092355\nMKCE WST 092355\nCONVECTIVE SIGMET 77E\nVALID UNTIL 0155Z\nFL AND CSTL WTRS\nFROM 60WNW EYW-20WNW EYW-30S EYW-50SW EYW-60WNW EYW\nAREA TS MOV FROM 18015KT. TOPS TO FL370.\n\n"},"geometry":{"type":"Polygon","coordinates":[[[-82.821,24.96],[-82.14,24.714],[-81.8,24.091],[-82.444,24],[-82.821,24.96]]]}},{"type":"Feature","properties":{"icaoId":"KKCI","airSigmetType":"SIGMET","alphaChar":"W","hazard":"CONVECTIVE","seriesId":"23W","validTimeFrom":"2026-10-09T23:55:00.000Z","validTimeTo":"2026-10-10T01:55:00.000Z","severity":5,"altitudeHi1":32000,"altitudeHi2":32000,"altitudeLow1":null,"altitudeLow2":null,"movementDir":220,"movementSpd":5,"rawAirSigmet":"WSUS33 KKCI 092355\nMKCW WST 092355\nCONVECTIVE SIGMET 23W\nVALID UNTIL 0155Z\nAZ UT\nFROM 30SSE DTA-10E HVE-40WNW SJN-50W DRK-60N PGS-30SSE DTA\nAREA TS MOV FROM 22005KT. TOPS TO FL320.\n\n"},"geometry":{"type":"Polygon","coordinates":[[[-112.26,38.84],[-110.488,38.42],[-109.89,34.667],[-113.492,34.696],[-113.54,36.618],[-112.26,38.84]]]}},{"type":"Feature","properties":{"icaoId":"KKCI","airSigmetType":"SIGMET","alphaChar":"W","hazard":"CONVECTIVE","seriesId":"24W","validTimeFrom":"2026-10-09T23:55:00.000Z","validTimeTo":"2026-10-10T01:55:00.000Z","severity":5,"altitudeHi1":34000,"altitudeHi2":34000,"altitudeLow1":null,"altitudeLow2":null,"movementDir":null,"movementSpd":0,"rawAirSigmet":"WSUS33 KKCI 092355\nMKCW WST 092355\nCONVECTIVE SIGMET 24W\nVALID UNTIL 0155Z\nAZ\nFROM 50WNW SSO-60SE TUS-50S TUS-50WSW TUS-40NW TUS-50WNW SSO\nAREA TS MOV LTL. TOPS TO FL340.\n\n"},"geometry":{"type":"Polygon","coordinates":[[[-110.175,32.578],[-110.093,31.391],[-110.92,31.268],[-111.821,31.772],[-111.478,32.569],[-110.175,32.578]]]}},{"type":"Feature","properties":{"icaoId":"KKCI","airSigmetType":"SIGMET","alphaChar":"W","hazard":"CONVECTIVE","seriesId":"25W","validTimeFrom":"2026-10-09T23:55:00.000Z","validTimeTo":"2026-10-10T01:55:00.000Z","severity":5,"altitudeHi1":29000,"altitudeHi2":29000,"altitudeLow1":null,"altitudeLow2":null,"movementDir":290,"movementSpd":5,"rawAirSigmet":"WSUS33 KKCI 092355\nMKCW WST 092355\nCONVECTIVE SIGMET 25W\nVALID UNTIL 0155Z\nNM AZ\nFROM 20NE SJN-40E SJN-40S SJN-40SW SJN-20NE SJN\nDMSHG AREA TS MOV FROM 29005KT. TOPS TO FL290.\n\n"},"geometry":{"type":"Polygon","coordinates":[[[-108.854,34.655],[-108.333,34.417],[-109.14,33.755],[-109.707,33.948],[-108.854,34.655]]]}},{"type":"Feature","properties":{"icaoId":"KKCI","airSigmetType":"SIGMET","alphaChar":"W","hazard":"CONVECTIVE","seriesId":"26W","validTimeFrom":"2026-10-09T23:55:00.000Z","validTimeTo":"2026-10-10T01:55:00.000Z","severity":5,"altitudeHi1":30000,"altitudeHi2":30000,"altitudeLow1":null,"altitudeLow2":null,"movementDir":260,"movementSpd":20,"rawAirSigmet":"WSUS33 KKCI 092355\nMKCW WST 092355\nCONVECTIVE SIGMET 26W\nVALID UNTIL 0155Z\nWY ID\nFROM 30NE JAC-50NNE BPI-20WSW MLD-30SW TWF-30NE JAC\nAREA TS MOV FROM 26020KT. TOPS TO FL300.\n\n"},"geometry":{"type":"Polygon","coordinates":[[[-110.24,43.972],[-109.681,43.35],[-112.863,42.069],[-114.966,42.126],[-110.24,43.972]]]}},{"type":"Feature","properties":{"icaoId":"KKCI","airSigmetType":"SIGMET","alphaChar":"W","hazard":"CONVECTIVE","seriesId":"27W","validTimeFrom":"2026-10-09T23:55:00.000Z","validTimeTo":"2026-10-10T01:55:00.000Z","severity":5,"altitudeHi1":33000,"altitudeHi2":33000,"altitudeLow1":null,"altitudeLow2":null,"movementDir":null,"movementSpd":0,"rawAirSigmet":"WSUS33 KKCI 092355\nMKCW WST 092355\nCONVECTIVE SIGMET 27W\nVALID UNTIL 0155Z\nCO WY UT\nFROM 60NE SLC-10NNW CYS-50N ALS-50NE RSK-40SW SLC-60NE SLC\nAREA TS MOV LTL. TOPS TO FL330.\n\n"},"geometry":{"type":"Polygon","coordinates":[[[-111.037,41.552],[-104.857,41.363],[-105.82,38.182],[-107.36,37.336],[-112.598,40.378],[-111.037,41.552]]]}},{"type":"Feature","properties":{"icaoId":"WAAA","firId":"WAAF","firName":"WAAF UJUNG PANDANG","seriesId":"12","hazard":"VA","qualifier":"ERUPTION MT SEMERU","validTimeFrom":"2026-10-09T18:20:00.000Z","validTimeTo":"2026-10-10T00:20:00.000Z","base":0,"top":15000,"dir":"E","spd":"10","chng":"NC","rawSigmet":"WVID21 WAAA 091820\nWAAF SIGMET 12 VALID 091820/100020 WAAA-\nWAAF UJUNG PANDANG  FIR VA\nERUPTION MT SEMERU PSN S0806 E11255 VA CLD OBS AT 1800Z WI S0803\nE11253 - S0754 E11316 - S0807 E11324 - S0820 E11318 - S0811 E11253 -\nS0803 E11253 SFC/FL150 MOV E 10KT NC="},"geometry":{"type":"Polygon","coordinates":[[[112.883,-8.05],[113.267,-7.9],[113.4,-8.117],[113.3,-8.333],[112.883,-8.183],[112.883,-8.05]]]}},{"type":"Feature","properties":{"icaoId":"MHTG","firId":"MHTG","firName":"MHCC CENTRAL AMERICAN","seriesId":"1","hazard":"VA","qualifier":"MASAYA","validTimeFrom":"2026-10-09T18:32:00.000Z","validTimeTo":"2026-10-10T00:32:00.000Z","base":0,"top":5000,"dir":"SW","spd":"6","chng":null,"rawSigmet":"WVHO31 MHTG 091832\nMHTG SIGMET 1 VALID 091832/100032 MHTG-\nMHCC CENTRAL AMERICAN FIR VA MASAYA PSN N1159 W08610\nVA CLD OBS AT 1740Z SFC/FL050 N1200 W08610 - N1158 W08610\n- N1156 W08614 - N1158 W08616 - N1200 W08610 MOV SW 6KT \nFCST 2330Z VA CLD SFC/FL050 N1201 W08610\n- N1159 W08609 - N1153 W08616 - N1155 W08618 - N1201 W08610="},"geometry":{"type":"Polygon","coordinates":[[[-86.167,12],[-86.167,11.967],[-86.233,11.933],[-86.267,11.967],[-86.167,12]]]}},{"type":"Feature","properties":{"icaoId":"MHTG","firId":"MHTG","firName":"MHCC CENTRAL AMERICAN","seriesId":"1F","hazard":"VA","qualifier":"MASAYA","validTimeFrom":"2026-10-09T18:32:00.000Z","validTimeTo":"2026-10-10T00:32:00.000Z","base":0,"top":5000,"dir":"SW","spd":"6","chng":null,"rawSigmet":"WVHO31 MHTG 091832\nMHTG SIGMET 1 VALID 091832/100032 MHTG-\nMHCC CENTRAL AMERICAN FIR VA MASAYA PSN N1159 W08610\nVA CLD OBS AT 1740Z SFC/FL050 N1200 W08610 - N1158 W08610\n- N1156 W08614 - N1158 W08616 - N1200 W08610 MOV SW 6KT \nFCST 2330Z VA CLD SFC/FL050 N1201 W08610\n- N1159 W08609 - N1153 W08616 - N1155 W08618 - N1201 W08610="},"geometry":{"type":"Polygon","coordinates":[[[-86.167,12.017],[-86.15,11.983],[-86.267,11.883],[-86.3,11.917],[-86.167,12.017]]]}},{"type":"Feature","properties":{"icaoId":"MHTG","firId":"MHTG","firName":"MHCC CENTRAL AMERICAN","seriesId":"A5","hazard":"VA","qualifier":"FUEGO","validTimeFrom":"2026-10-09T19:00:00.000Z","validTimeTo":"2026-10-10T01:00:00.000Z","base":0,"top":14000,"dir":"SE","spd":"10","chng":null,"rawSigmet":"WVHO31 MHTG 091900\nMHTG SIGMET A5 VALID 091900/100100 MHTG-\nMHCC CENTRAL AMERICAN FIR VA FUEGO PSN N1428 W09052\nVA CLD OBS AT 1830Z SFC/FL140 N1428 W09052 - N1423 W09047\n- N1420 W09050 - N1427 W09053 - N1428 W09052 MOV SE 10KT  \nFCST 0030Z VA CLD SFC/FL140 N1427 W09052\n- N1415 W09047 - N1414 W09052 - N1427 W09053 - N1427 W09052="},"geometry":{"type":"Polygon","coordinates":[[[-90.867,14.467],[-90.783,14.383],[-90.833,14.333],[-90.883,14.45],[-90.867,14.467]]]}},{"type":"Feature","properties":{"icaoId":"MHTG","firId":"MHTG","firName":"MHCC CENTRAL AMERICAN","seriesId":"A5F","hazard":"VA","qualifier":"FUEGO","validTimeFrom":"2026-10-09T19:00:00.000Z","validTimeTo":"2026-10-10T01:00:00.000Z","base":0,"top":14000,"dir":"SE","spd":"10","chng":null,"rawSigmet":"WVHO31 MHTG 091900\nMHTG SIGMET A5 VALID 091900/100100 MHTG-\nMHCC CENTRAL AMERICAN FIR VA FUEGO PSN N1428 W09052\nVA CLD OBS AT 1830Z SFC/FL140 N1428 W09052 - N1423 W09047\n- N1420 W09050 - N1427 W09053 - N1428 W09052 MOV SE 10KT  \nFCST 0030Z VA CLD SFC/FL140 N1427 W09052\n- N1415 W09047 - N1414 W09052 - N1427 W09053 - N1427 W09052="},"geometry":{"type":"Polygon","coordinates":[[[-90.867,14.45],[-90.783,14.25],[-90.867,14.233],[-90.883,14.45],[-90.867,14.45]]]}},{"type":"Feature","properties":{"icaoId":"RJTD","firId":"RJJJ","firName":"RJJJ FUKUOKA","seriesId":"G04","hazard":"TC","qualifier":"NOLO","validTimeFrom":"2026-10-09T19:09:00.000Z","validTimeTo":"2026-10-10T01:09:00.000Z","dir":null,"spd":null,"chng":"NC","rawSigmet":"WCJP31 RJTD 091909\nRJJJ SIGMET G04 VALID 091909/100109 RJTD-\nRJJJ FUKUOKA FIR TC NOLO PSN N2955 E14700 CB OBS AT 1800Z NC\nFCST AT 0000Z TC CENTRE PSN N3035 E14635="},"geometry":{"type":"Polygon","coordinates":[[[147,30.75],[147.167,30.737],[147.329,30.7],[147.481,30.638],[147.618,30.555],[147.737,30.452],[147.833,30.333],[147.903,30.202],[147.947,30.061],[147.961,29.917],[147.947,29.772],[147.903,29.632],[147.833,29.5],[147.737,29.381],[147.618,29.278],[147.481,29.195],[147.329,29.134],[147.167,29.096],[147,29.083],[146.833,29.096],[146.671,29.134],[146.519,29.195],[146.382,29.278],[146.263,29.381],[146.167,29.5],[146.097,29.632],[146.053,29.772],[146.039,29.917],[146.053,30.061],[146.097,30.202],[146.167,30.333],[146.263,30.452],[146.382,30.555],[146.519,30.638],[146.671,30.7],[146.833,30.737],[147,30.75]]]}},{"type":"Feature","properties":{"icaoId":"RJTD","firId":"RJJJ","firName":"RJJJ FUKUOKA","seriesId":"G04F","hazard":"TC","qualifier":"NOLO","validTimeFrom":"2026-10-09T19:09:00.000Z","validTimeTo":"2026-10-10T01:09:00.000Z","dir":null,"spd":null,"chng":"NC","rawSigmet":"WCJP31 RJTD 091909\nRJJJ SIGMET G04 VALID 091909/100109 RJTD-\nRJJJ FUKUOKA FIR TC NOLO PSN N2955 E14700 CB OBS AT 1800Z NC\nFCST AT 0000Z TC CENTRE PSN N3035 E14635="},"geometry":{"type":"Polygon","coordinates":[[[147,30.75],[147.167,30.737],[147.329,30.7],[147.481,30.638],[147.618,30.555],[147.737,30.452],[147.833,30.333],[147.903,30.202],[147.947,30.061],[147.961,29.917],[147.947,29.772],[147.903,29.632],[147.833,29.5],[147.737,29.381],[147.618,29.278],[147.481,29.195],[147.329,29.134],[147.167,29.096],[147,29.083],[146.833,29.096],[146.671,29.134],[146.519,29.195],[146.382,29.278],[146.263,29.381],[146.167,29.5],[146.097,29.632],[146.053,29.772],[146.039,29.917],[146.053,30.061],[146.097,30.202],[146.167,30.333],[146.263,30.452],[146.382,30.555],[146.519,30.638],[146.671,30.7],[146.833,30.737],[147,30.75]]]}},{"type":"Feature","properties":{"icaoId":"RJTD","firId":"RJJJ","firName":"RJJJ FUKUOKA","seriesId":"H01","hazard":"TC","qualifier":"KOGUMA","validTimeFrom":"2026-10-09T19:29:00.000Z","validTimeTo":"2026-10-10T01:29:00.000Z","top":58000,"dir":null,"spd":null,"chng":"INTSF","rawSigmet":"WCJP31 RJTD 091929\nRJJJ SIGMET H01 VALID 091929/100129 RJTD-\nRJJJ FUKUOKA FIR TC KOGUMA PSN N2050 E15250 CB OBS AT 1800Z WI N2100\nE15140 - N2140 E15135 - N2240 E15300 - N2100 E15431 - N2100 E15140\nTOP FL580 INTSF\nFCST AT 0000Z TC CENTRE PSN N2130 E15135="},"geometry":{"type":"Polygon","coordinates":[[[151.667,21],[151.583,21.667],[153,22.667],[154.517,21],[151.667,21]]]}},{"type":"Feature","properties":{"icaoId":"RJTD","firId":"RJJJ","firName":"RJJJ FUKUOKA","seriesId":"H01F","hazard":"TC","qualifier":"KOGUMA","validTimeFrom":"2026-10-09T19:29:00.000Z","validTimeTo":"2026-10-10T01:29:00.000Z","top":58000,"dir":null,"spd":null,"chng":"INTSF","rawSigmet":"WCJP31 RJTD 091929\nRJJJ SIGMET H01 VALID 091929/100129 RJTD-\nRJJJ FUKUOKA FIR TC KOGUMA PSN N2050 E15250 CB OBS AT 1800Z WI N2100\nE15140 - N2140 E15135 - N2240 E15300 - N2100 E15431 - N2100 E15140\nTOP FL580 INTSF\nFCST AT 0000Z TC CENTRE PSN N2130 E15135="},"geometry":{"type":"Polygon","coordinates":[[[151.667,21],[151.583,21.667],[153,22.667],[154.517,21],[151.667,21]]]}},{"type":"Feature","properties":{"icaoId":"WAAA","firId":"WAAF","firName":"WAAF UJUNG PANDANG","seriesId":"13","hazard":"VA","qualifier":"ERUPTION MT IBU","validTimeFrom":"2026-10-09T19:30:00.000Z","validTimeTo":"2026-10-10T01:30:00.000Z","base":0,"top":7000,"dir":"E","spd":"10","chng":"INTSF","rawSigmet":"WVID21 WAAA 091930\nWAAF SIGMET 13 VALID 091930/100130 WAAA-\nWAAF UJUNG PANDANG  FIR VA\nERUPTION MT IBU PSN N0129 E12738 VA CLD OBS AT 1910Z WI N0132 E12736\n- N0147 E12821 - N0135 E12832 - N0117 E12827 - N0126 E12736 - N0132\nE12736 SFC/FL070 MOV E 10KT INTSF="},"geometry":{"type":"Polygon","coordinates":[[[127.6,1.533],[128.35,1.783],[128.533,1.583],[128.45,1.283],[127.6,1.433],[127.6,1.533]]]}},{"type":"Feature","properties":{"icaoId":"PHFO","firId":"KZAK","firName":"OAKLAND OCEANIC","seriesId":"VICTOR 20","hazard":"TC","qualifier":"KOGUMA","validTimeFrom":"2026-10-09T19:55:00.000Z","validTimeTo":"2026-10-10T01:55:00.000Z","top":53000,"dir":"WNW","spd":"14","chng":"INTSF","rawSigmet":"WCPA09 PHFO 091951\n\nKZAK SIGMET VICTOR 20 VALID 091955/100155 PHFO-\nOAKLAND OCEANIC FIR TC KOGUMA PSN N2050 E15250 CB OBS AT 1800Z WI\nN2245 E15500 - N2300 E15630 - N1830 E15545 - N1845 E15045 - N2100\nE15030 - N2100 E15500 - N2245 E15500. TOP FL530. MOV WNW 14KT. INTSF.\nFCST AT 0000Z TC CENTER PSN N2130 E15135."},"geometry":{"type":"Polygon","coordinates":[[[155,22.75],[156.5,23],[155.75,18.5],[150.75,18.75],[150.5,21],[155,21],[155,22.75]]]}},{"type":"Feature","properties":{"icaoId":"PHFO","firId":"KZAK","firName":"OAKLAND OCEANIC","seriesId":"VICTOR 20F","hazard":"TC","qualifier":"KOGUMA","validTimeFrom":"2026-10-09T19:55:00.000Z","validTimeTo":"2026-10-10T01:55:00.000Z","top":53000,"dir":"WNW","spd":"14","chng":"INTSF","rawSigmet":"WCPA09 PHFO 091951\n\nKZAK SIGMET VICTOR 20 VALID 091955/100155 PHFO-\nOAKLAND OCEANIC FIR TC KOGUMA PSN N2050 E15250 CB OBS AT 1800Z WI\nN2245 E15500 - N2300 E15630 - N1830 E15545 - N1845 E15045 - N2100\nE15030 - N2100 E15500 - N2245 E15500. TOP FL530. MOV WNW 14KT. INTSF.\nFCST AT 0000Z TC CENTER PSN N2130 E15135."},"geometry":{"type":"Polygon","coordinates":[[[155,22.75],[156.5,23],[155.75,18.5],[150.75,18.75],[150.5,21],[155,21],[155,22.75]]]}},{"type":"Feature","properties":{"icaoId":"VGHS","firId":"VGFR","firName":"VGFR DHAKA","seriesId":"06","hazard":"TS","qualifier":"EMBD","validTimeFrom":"2026-10-09T20:00:00.000Z","validTimeTo":"2026-10-10T00:00:00.000Z","top":32000,"dir":"ENE","spd":"5","chng":"NC","rawSigmet":"WSBW20 VGHS 091730\nVGFR SIGMET 06 VALID 092000/092400 VGHS-\nVGFR DHAKA FIR EMBD TS FCST ENTIRE FIR TOP FL320 MOV ENE 05KT NC="},"geometry":{"type":"Polygon","coordinates":[[[88.498,26.517],[88.08,25.86],[88.948,25.276],[88.458,25.191],[88.005,24.64],[88.706,24.241],[88.709,23.277],[88.876,23.235],[89.115,21.659],[91.979,21.028],[92.605,21.998],[92.215,23.723],[91.613,22.93],[91.144,23.642],[91.342,24.074],[91.994,24.181],[92.36,25.068],[89.856,25.335],[89.728,26.169],[89.563,25.974],[88.498,26.517]]]}},{"type":"Feature","properties":{"icaoId":"UACC","firId":"UACN","firName":"UACN ASTANA","seriesId":"3","hazard":"TURB","qualifier":"SEV","validTimeFrom":"2026-10-09T20:00:00.000Z","validTimeTo":"2026-10-10T00:00:00.000Z","base":24000,"top":39000,"dir":"NE","spd":"10","chng":"NC","rawSigmet":"WSKZ31 UACC 091911\nUACN SIGMET 3 VALID 092000/100000 UACC-\nUACN ASTANA FIR SEV TURB FCST NE OF LINE N5442 E06624 - N5117 E06713\n- N4805 E07306 FL240/390 MOV NE 20KMH NC="},"geometry":{"type":"Polygon","coordinates":[[[69.187,55.418],[68.675,55.208],[68.248,55.171],[68.18,54.959],[66.396,54.717],[66.4,54.7],[67.217,51.283],[73.1,48.083],[73.14,48.062],[74.288,48.12],[76.175,48.822],[76.165,49.804],[78.198,50.709],[79.843,51.027],[79.229,51.891],[77.899,53.307],[76.522,54.048],[76.851,54.419],[75.866,54.202],[74.382,53.485],[73.909,53.65],[73.444,53.44],[73.224,53.614],[73.535,53.921],[73.063,54.111],[72.533,54.138],[72.221,54.398],[71.661,54.081],[71.144,54.17],[71.264,54.594],[70.791,55.306],[70.226,55.18],[69.187,55.418]]]}},{"type":"Feature","properties":{"icaoId":"UBBB","firId":"UBBB","firName":"UBBA BAKU","seriesId":"3","hazard":"TS","qualifier":"EMBD","validTimeFrom":"2026-10-09T20:00:00.000Z","validTimeTo":"2026-10-10T00:00:00.000Z","top":34000,"dir":"NE","spd":"20","chng":"NC","rawSigmet":"WSAJ31 UBBB 091941\nUBBB SIGMET 3 VALID 092000/092400 UBBB-\nUBBA BAKU FIR EMBD TS FCST E OF E048 TOP FL340 MOV NE 20KT NC="},"geometry":{"type":"Polygon","coordinates":[[[50.006,42.621],[48.585,41.838],[48.387,41.566],[48.056,41.521],[48,41.417],[48,39.702],[48.38,39.386],[48.128,39.267],[48.35,39.028],[48.018,38.884],[48.041,38.798],[48.66,38.396],[48.811,38.463],[51.483,37.866],[51.45,39.079],[51.499,42.011],[50.006,42.621]]]}},{"type":"Feature","properties":{"icaoId":"GOOY","firId":"GOOO/O","firName":"GOOO DAKAR OCEANIC","seriesId":"A09","hazard":"TS","qualifier":"EMBD","validTimeFrom":"2026-10-09T20:10:00.000Z","validTimeTo":"2026-10-10T00:10:00.000Z","top":46000,"dir":"W","spd":"5","chng":"WKN","rawSigmet":"WSSG31 GOOY 092009\nGOOO SIGMET A09 VALID 092010/100010 GOBD-\nGOOO DAKAR OCEANIC FIR/UIR EMBD TS OBS AT 2000Z\nN OF LINE N0728 W01614 - N0520 W02511\nTOP FL460 MOV W 05KT WKN="},"geometry":{"type":"Polygon","coordinates":[[[-16.233,8.367],[-16.906,9],[-19.201,11.035],[-21.398,12.972],[-25.183,13.878],[-25.183,5.333],[-16.233,7.467],[-16.233,8.367]]]}},{"type":"Feature","properties":{"icaoId":"MHTG","firId":"MHTG","firName":"MHCC CENTRAL AMERICAN","seriesId":"F5","hazard":"TS","qualifier":"EMBD","validTimeFrom":"2026-10-09T20:13:00.000Z","validTimeTo":"2026-10-10T00:13:00.000Z","top":50000,"dir":"-","spd":"0","chng":"NC","rawSigmet":"WSCA31 MHTG 092013\nMHTG SIGMET F5 VALID 092013/100013 MHTG-\nMHCC CENTRAL AMERICAN FIR EMBD TS OBS AT 2000Z\nWI N1046 W08459 - N0928 W08308 - N0217 W08656 - N0419 W09126\n- N0815 W09320 TOP FL500 STNR NC="},"geometry":{"type":"Polygon","coordinates":[[[-84.983,10.767],[-83.133,9.467],[-86.933,2.283],[-91.433,4.317],[-93.333,8.25]]]}},{"type":"Feature","properties":{"icaoId":"GOOY","firId":"GOOO","firName":"GOOO DAKAR TERRESTRE","seriesId":"B13","hazard":"TS","qualifier":"EMBD","validTimeFrom":"2026-10-09T20:15:00.000Z","validTimeTo":"2026-10-10T00:15:00.000Z","top":48000,"dir":"W","spd":"17","chng":"NC","rawSigmet":"WSSG31 GOOY 092014\nGOOO SIGMET B13 VALID 092015/100015 GOBD-\nGOOO DAKAR TERRESTRE FIR/UIR EMBD TS OBS AT 2005Z\nS OF LINE N1734 W01455 - N1918 W01025 - N1223 W00504 - N0932 W00828\nTOP FL480 MOV W 17KT NC="},"geometry":{"type":"Polygon","coordinates":[[[-14.917,11.059],[-14.657,11.486],[-13.691,11.722],[-13.687,11.998],[-13.954,12.185],[-13.698,12.288],[-13.677,12.667],[-13.056,12.633],[-12.323,12.314],[-11.407,12.41],[-11.517,12.173],[-11.202,11.972],[-10.898,12.241],[-10.726,11.92],[-10.291,12.229],[-9.769,12.033],[-9.293,12.391],[-9.166,11.939],[-8.729,11.465],[-8.033,11.223],[-7.974,10.154],[-8.015,9.912],[-5.067,12.383],[-10.417,19.3],[-14.917,17.567],[-14.917,11.059]]]}},{"type":"Feature","properties":{"icaoId":"KKCI","firId":"KZWY","firName":"NEW YORK OCEANIC","seriesId":"GOLF 13","hazard":"TS","qualifier":"EMBD","validTimeFrom":"2026-10-09T20:30:00.000Z","validTimeTo":"2026-10-10T00:30:00.000Z","top":47000,"dir":"ENE","spd":"30","chng":"NC","rawSigmet":"WSNT07 KKCI 092030\nKZWY SIGMET GOLF 13 VALID 092030/100030 KKCI-\nNEW YORK OCEANIC FIR EMBD TS OBS AT 2030Z WI N3636 W04641 - N3413\nW04604 - N3102 W05230 - N3305 W05515 - N3510 W05332 - N3636\nW04641. TOP FL470. MOV ENE 30KT. NC."},"geometry":{"type":"Polygon","coordinates":[[[-46.683,36.6],[-46.067,34.217],[-52.5,31.033],[-55.25,33.083],[-53.533,35.167],[-46.683,36.6]]]}},{"type":"Feature","properties":{"icaoId":"KKCI","firId":"KZMA","firName":"MIAMI OCEANIC","seriesId":"MIKE 1","hazard":"TS","qualifier":"FRQ","validTimeFrom":"2026-10-09T20:30:00.000Z","validTimeTo":"2026-10-10T00:30:00.000Z","top":45000,"dir":"-","spd":"0","chng":"NC","rawSigmet":"WSNT13 KKCI 092030\nKZMA KZHU SIGMET MIKE 1 VALID 092030/100030 KKCI-\nMIAMI OCEANIC FIR HOUSTON OCEANIC FIR FRQ TS OBS AT 2030Z WI\nN2732 W08519 - N2724 W08350 - N2402 W08305 - N2357 W08601 - N2420\nW08706 - N2732 W08519. TOP FL450. STNR. NC."},"geometry":{"type":"Polygon","coordinates":[[[-85.317,27.533],[-83.833,27.4],[-83.083,24.033],[-86.017,23.95],[-87.1,24.333],[-85.317,27.533]]]}},{"type":"Feature","properties":{"icaoId":"FIMP","firId":"FIMM","firName":"FIMM MAURITIUS","seriesId":"A06","hazard":"TS","qualifier":"EMBD","validTimeFrom":"2026-10-09T20:30:00.000Z","validTimeTo":"2026-10-10T00:30:00.000Z","top":39000,"dir":"W","spd":"20","chng":"NC","rawSigmet":"WSMA31 FIMP 092030\nFIMM SIGMET A06 VALID 092030/100030 FIMP-\nFIMM MAURITIUS FIR EMBD TS FCST N OF LINE S0600 E07000 - S0730 E07000\n - S0845 E06430 -S0600 E06500 TOP ABV FL390 MOV W 20KT NC="},"geometry":{"type":"Polygon","coordinates":[[[68.024,-5.985],[64.998,-6.01],[64.5,-8.75],[70,-7.5],[70,-6],[70,-5.997],[68.024,-5.985]]]}},{"type":"Feature","properties":{"icaoId":"SLLP","firId":"SLLF","firName":"SLLF LA PAZ","seriesId":"B2","hazard":"TS","qualifier":"EMBD","validTimeFrom":"2026-10-09T20:50:00.000Z","validTimeTo":"2026-10-10T00:50:00.000Z","top":42000,"dir":"SE","spd":"5","chng":"NC","rawSigmet":"WSBO31 SLLP 092050\nSLLF SIGMET B2 VALID 092050/100050 SLLP-\nSLLF LA PAZ FIR EMBD TS OBS AND FCST AT 2045Z WI S1918 W06127 -\nS1835 W06316 - S1757 W06500 - S1650 W06603 -\nS1512 W06625 - S1322 W06455 - S1254 W06252 -\nS1324 W06218 - S1329 W06132 - S1327 W06105 -\nS1352 W06027 - S1610 W06015 - S1612 W05811 -\nS1702 W05821 - S1725 W05749 - S1805 W05732 -\nS1933 W05806 - S1905 W05904 - S1908 W06015 -\nS1918 W06127 - TOP FL420 MOV SE 05KT NC="},"geometry":{"type":"Polygon","coordinates":[[[-61.45,-19.3],[-63.267,-18.583],[-65,-17.95],[-66.05,-16.833],[-66.417,-15.2],[-64.917,-13.367],[-62.867,-12.9],[-62.3,-13.4],[-61.533,-13.483],[-61.083,-13.45],[-60.45,-13.867],[-60.25,-16.167],[-58.183,-16.2],[-58.35,-17.033],[-57.817,-17.417],[-57.533,-18.083],[-58.1,-19.55],[-59.067,-19.083],[-60.25,-19.133],[-61.45,-19.3]]]}},{"type":"Feature","properties":{"icaoId":"MMMX","firId":"MMEX","firName":"MMFR MEXICO","seriesId":"4","hazard":"TC","qualifier":"SIMON","validTimeFrom":"2026-10-09T20:57:00.000Z","validTimeTo":"2026-10-10T02:57:00.000Z","top":56000,"dir":"NW","spd":"2","chng":"INTSF","rawSigmet":"WCMX31 MMMX 092059\nMMEX SIGMET 4 VALID 092057/100257 MMMX-\nMMFR MEXICO FIR TC SIMON OBS\nN1612 W10442 AT 2100Z\nFRQ TS FL560 WI 150NM OF CENTRE\nMOV NW AT 2 KT INTSF.\nFCST TC CENTRE 100300Z N1630 W10454="},"geometry":{"type":"Polygon","coordinates":[[[-104.7,18.7],[-104.248,18.662],[-103.81,18.549],[-103.398,18.365],[-103.027,18.115],[-102.706,17.807],[-102.445,17.45],[-102.254,17.055],[-102.136,16.634],[-102.097,16.2],[-102.136,15.766],[-102.254,15.345],[-102.445,14.95],[-102.706,14.593],[-103.027,14.285],[-103.398,14.035],[-103.81,13.851],[-104.248,13.738],[-104.7,13.7],[-105.152,13.738],[-105.59,13.851],[-106.002,14.035],[-106.373,14.285],[-106.694,14.593],[-106.955,14.95],[-107.146,15.345],[-107.264,15.766],[-107.303,16.2],[-107.264,16.634],[-107.146,17.055],[-106.955,17.45],[-106.694,17.807],[-106.373,18.115],[-106.002,18.365],[-105.59,18.549],[-105.152,18.662],[-104.7,18.7]]]}},{"type":"Feature","properties":{"icaoId":"MMMX","firId":"MMEX","firName":"MMFR MEXICO","seriesId":"4F","hazard":"TC","qualifier":"SIMON","validTimeFrom":"2026-10-09T20:57:00.000Z","validTimeTo":"2026-10-10T02:57:00.000Z","top":56000,"dir":"NW","spd":"2","chng":"INTSF","rawSigmet":"WCMX31 MMMX 092059\nMMEX SIGMET 4 VALID 092057/100257 MMMX-\nMMFR MEXICO FIR TC SIMON OBS\nN1612 W10442 AT 2100Z\nFRQ TS FL560 WI 150NM OF CENTRE\nMOV NW AT 2 KT INTSF.\nFCST TC CENTRE 100300Z N1630 W10454="},"geometry":{"type":"Polygon","coordinates":[[[-104.9,19],[-104.447,18.962],[-104.008,18.849],[-103.596,18.665],[-103.224,18.415],[-102.903,18.107],[-102.642,17.75],[-102.45,17.355],[-102.332,16.934],[-102.293,16.5],[-102.332,16.066],[-102.45,15.645],[-102.642,15.25],[-102.903,14.893],[-103.224,14.585],[-103.596,14.335],[-104.008,14.151],[-104.447,14.038],[-104.9,14],[-105.353,14.038],[-105.792,14.151],[-106.204,14.335],[-106.576,14.585],[-106.897,14.893],[-107.158,15.25],[-107.35,15.645],[-107.468,16.066],[-107.507,16.5],[-107.468,16.934],[-107.35,17.355],[-107.158,17.75],[-106.897,18.107],[-106.576,18.415],[-106.204,18.665],[-105.792,18.849],[-105.353,18.962],[-104.9,19]]]}},{"type":"Feature","properties":{"icaoId":"ULLL","firId":"ULLL","firName":"ULLL SANKT-PETERBURG","seriesId":"7","hazard":"TURB","qualifier":"SEV","validTimeFrom":"2026-10-09T21:00:00.000Z","validTimeTo":"2026-10-10T00:00:00.000Z","base":0,"top":10000,"dir":"E","spd":"10","chng":"WKN","rawSigmet":"WSRS31 ULLL 091932\nULLL SIGMET 7 VALID 092100/100000 ULLI-\nULLL SANKT-PETERBURG FIR SEV TURB FCST WI N7121 E05745 - N6829 E05935\n- N6703 E05814 - N6649 E05143 - N6739 E04812 - N6901 E04428 - N7114\nE04857 - N7121 E05745 SFC/FL100 MOV E 20KMH WKN="},"geometry":{"type":"Polygon","coordinates":[[[57.75,71.35],[59.583,68.483],[58.233,67.05],[51.717,66.817],[48.2,67.65],[44.467,69.017],[48.95,71.233],[57.75,71.35]]]}},{"type":"Feature","properties":{"icaoId":"FNLU","firId":"FNAN","firName":"FNAN LUANDA","seriesId":"A02","hazard":"TS","qualifier":"EMBD","validTimeFrom":"2026-10-09T21:00:00.000Z","validTimeTo":"2026-10-10T01:00:00.000Z","top":46000,"dir":"S","spd":"5","chng":"NC","rawSigmet":"WSAN31 FNLU 092108\nFNAN SIGMET A02 VALID 092100/100100 FNLU-\nFNAN LUANDA FIR/UIR EMBD TSGR OBS AT 2100Z WI S1313 E02156 - S1310 E02013 - S1157 E01744 - S1002 E01717 - S0932 E01911 - S0755 E02038 - S0748 E02153 - S0859 E02155 - S1102 E02414 - S1255 E02258 - S1255 E02156 - S1313 E02156 TOP FL460 MOV S 05KT NC="},"geometry":{"type":"Polygon","coordinates":[[[21.933,-13.217],[20.217,-13.167],[17.733,-11.95],[17.283,-10.033],[19.183,-9.533],[20.633,-7.917],[21.883,-7.8],[21.917,-8.983],[24.233,-11.033],[22.967,-12.917],[21.933,-12.917],[21.933,-13.217]]]}},{"type":"Feature","properties":{"icaoId":"SACO","firId":"SACF","firName":"SACF CORDOBA","seriesId":"4","hazard":"ICE","qualifier":"SEV","validTimeFrom":"2026-10-09T21:01:00.000Z","validTimeTo":"2026-10-10T01:01:00.000Z","base":8000,"top":20000,"dir":"-","spd":"0","chng":"INTSF","rawSigmet":"WSAG31 SACO 092101\nSACF SIGMET 4 VALID 092101/100101 SACO-\nSACF CORDOBA FIR SEV ICE FCST AT 2101Z\nWI S3353 W06317 - S3035 W06101 - S2618 W06807 - S2836 W06938 - S3304 W06606 - S3401 W06331 - S3353 W06317 FL080/200 STNR INTSF="},"geometry":{"type":"Polygon","coordinates":[[[-63.283,-33.883],[-61.017,-30.583],[-68.117,-26.3],[-69.633,-28.6],[-66.1,-33.067],[-63.517,-34.017],[-63.283,-33.883]]]}},{"type":"Feature","properties":{"icaoId":"VABB","firId":"VABF","firName":"VABF MUMBAI","seriesId":"F05","hazard":"TS","qualifier":"EMBD","validTimeFrom":"2026-10-09T21:04:00.000Z","validTimeTo":"2026-10-10T01:20:00.000Z","top":45000,"dir":"-","spd":"0","chng":"NC","rawSigmet":"WSIN90 VABB 092124\nVABF SIGMET F05 VALID 092104/100120 VABB-\nVABF MUMBAI FIR EMBD TS FCST WI S0553 E06751 - S0553 E06455 - S0021\nE06349 - S0016 E06743 - S0553 E06751 TOP FL450 STNR NC="},"geometry":{"type":"Polygon","coordinates":[[[67.85,-5.883],[64.917,-5.883],[63.817,-0.35],[67.717,-0.267],[67.85,-5.883]]]}},{"type":"Feature","properties":{"icaoId":"YMRF","firId":"YMMM","firName":"YMMM MELBOURNE","seriesId":"U01","hazard":"TURB","qualifier":"SEV","validTimeFrom":"2026-10-09T21:06:00.000Z","validTimeTo":"2026-10-10T01:00:00.000Z","base":0,"top":6000,"dir":"-","spd":"0","chng":"NC","rawSigmet":"WSAU21 YMRF 092106\nYMMM SIGMET U01 VALID 092106/100100 YMRF-\nYMMM MELBOURNE FIR SEV TURB FCST WI S4340 E14720 - S4340 E14600 -\nS4230 E14600 - S4230 E14720 SFC/6000FT STNR NC="},"geometry":{"type":"Polygon","coordinates":[[[147.333,-43.667],[146,-43.667],[146,-42.5],[147.333,-42.5]]]}},{"type":"Feature","properties":{"icaoId":"MMMX","firId":"MMEX","firName":"MMFR MEXICO","seriesId":"Q3","hazard":"TS","qualifier":"OCNL","validTimeFrom":"2026-10-09T21:11:00.000Z","validTimeTo":"2026-10-10T01:11:00.000Z","top":50000,"dir":"NW","spd":"5","chng":"INTSF","rawSigmet":"WSMX31 MMMX 092112\nMMEX SIGMET Q3 VALID 092111/100111 MMMX-\nMMFR MEXICO FIR OCNL TS OBS\n AT 2111Z\nWI N1653W10214 - N1615W09941 - N1441W10044 - N1132W09959 - N1401W10327\n         - N1422W10254 - N1455W10231 - N1523W10213 - N1556W10210 - N1624W10214\n         CB TOP FL500\nMOV NW 05KT INTSF.\n="},"geometry":{"type":"Polygon","coordinates":[[[-102.233,16.883],[-99.683,16.25],[-100.733,14.683],[-99.983,11.533],[-103.45,14.017],[-102.9,14.367],[-102.517,14.917],[-102.217,15.383],[-102.167,15.933],[-102.233,16.4]]]}},{"type":"Feature","properties":{"icaoId":"MMMX","firId":"MMEX","firName":"MMFR MEXICO","seriesId":"O3","hazard":"TS","qualifier":"OCNL","validTimeFrom":"2026-10-09T21:13:00.000Z","validTimeTo":"2026-10-10T01:13:00.000Z","top":45000,"dir":"SW","spd":"5","chng":"INTSF","rawSigmet":"WSMX31 MMMX 092114\nMMEX SIGMET O3 VALID 092113/100113 MMMX-\nMMFR MEXICO FIR OCNL TS OBS\n AT 2113Z\nWI N1400W10331 - N1134W10001 - N1119W10140 - N1113W10345 - N1026W10514\n         - N1040W10622 - N1136W10646 - N1225W10553 - N1334W10413 - N1347W10403\n         - N1351W10350 CB TOP FL450\nMOV SW 05KT  INTSF.\n="},"geometry":{"type":"Polygon","coordinates":[[[-103.517,14],[-100.017,11.567],[-101.667,11.317],[-103.75,11.217],[-105.233,10.433],[-106.367,10.667],[-106.767,11.6],[-105.883,12.417],[-104.217,13.567],[-104.05,13.783],[-103.833,13.85]]]}},{"type":"Feature","properties":{"icaoId":"MMMX","firId":"MMID","firName":"MMFO MAZATLAN OCEANICA","seriesId":"O3","hazard":"TS","qualifier":"OCNL","validTimeFrom":"2026-10-09T21:13:00.000Z","validTimeTo":"2026-10-10T01:13:00.000Z","top":45000,"dir":"SW","spd":"5","chng":"INTSF","rawSigmet":"WSMX31 MMMX 092117 CCA\nMMID SIGMET O3 VALID 092113/100113 MMMX-\nMMFO MAZATLAN OCEANICA FIR OCNL TS OBS\n AT 2113Z\nWI N1400W10331 - N1134W10001 - N1119W10140 - N1113W10345 - N1026W10514\n         - N1040W10622 - N1136W10646 - N1225W10553 - N1334W10413 - N1347W10403\n         - N1351W10350 CB TOP FL450\nMOV SW 05KT  INTSF.\n="},"geometry":{"type":"Polygon","coordinates":[[[-103.517,14],[-100.017,11.567],[-101.667,11.317],[-103.75,11.217],[-105.233,10.433],[-106.367,10.667],[-106.767,11.6],[-105.883,12.417],[-104.217,13.567],[-104.05,13.783],[-103.833,13.85]]]}},{"type":"Feature","properties":{"icaoId":"VRMM","firId":"VRMF","firName":"VRMF MALE","seriesId":"3","hazard":"TS","qualifier":"EMBD","validTimeFrom":"2026-10-09T21:15:00.000Z","validTimeTo":"2026-10-10T01:15:00.000Z","top":42000,"dir":"-","spd":"0","chng":"WKN","rawSigmet":"WSMV31 VRMM 092115\nVRMF SIGMET 3 VALID 092115/100115 VRMM-\nVRMF MALE FIR EMBD TS OBS WI\nN0708 E07010 - N0717 E07350 - N0559 E07353 - N0505 E07431 - N0504\nE07015 - N0708 E07010 TOP FL420 STNR WKN="},"geometry":{"type":"Polygon","coordinates":[[[70.167,7.133],[73.833,7.283],[73.883,5.983],[74.517,5.083],[70.25,5.067],[70.167,7.133]]]}},{"type":"Feature","properties":{"icaoId":"KKCI","firId":"KZAK","firName":"OAKLAND OCEANIC","seriesId":"ECHO 13","hazard":"TC","qualifier":"RACHEL","validTimeFrom":"2026-10-09T21:15:00.000Z","validTimeTo":"2026-10-10T03:15:00.000Z","top":34000,"dir":"NE","spd":"6","chng":"WKN","rawSigmet":"WCPN05 KKCI 092115\nKZAK SIGMET ECHO 13 VALID 092115/100315 KKCI-\nOAKLAND OCEANIC FIR TC RACHEL OBS AT 2100Z NR N2318 W12400. MOV\nNE 6KT. WKN. EMBD TS TOP FL340 WI 80NM OF CENTER.\nFCST 0300Z TC CENTER N2354 W12256."},"geometry":{"type":"Polygon","coordinates":[[[-124,24.633],[-123.748,24.613],[-123.503,24.553],[-123.274,24.455],[-123.067,24.321],[-122.888,24.157],[-122.743,23.967],[-122.636,23.756],[-122.57,23.532],[-122.548,23.3],[-122.57,23.068],[-122.636,22.844],[-122.743,22.633],[-122.888,22.443],[-123.067,22.279],[-123.274,22.145],[-123.503,22.047],[-123.748,21.987],[-124,21.967],[-124.252,21.987],[-124.497,22.047],[-124.726,22.145],[-124.933,22.279],[-125.112,22.443],[-125.257,22.633],[-125.364,22.844],[-125.43,23.068],[-125.452,23.3],[-125.43,23.532],[-125.364,23.756],[-125.257,23.967],[-125.112,24.157],[-124.933,24.321],[-124.726,24.455],[-124.497,24.553],[-124.252,24.613],[-124,24.633]]]}},{"type":"Feature","properties":{"icaoId":"KKCI","firId":"KZAK","firName":"OAKLAND OCEANIC","seriesId":"ECHO 13F","hazard":"TC","qualifier":"RACHEL","validTimeFrom":"2026-10-09T21:15:00.000Z","validTimeTo":"2026-10-10T03:15:00.000Z","top":34000,"dir":"NE","spd":"6","chng":"WKN","rawSigmet":"WCPN05 KKCI 092115\nKZAK SIGMET ECHO 13 VALID 092115/100315 KKCI-\nOAKLAND OCEANIC FIR TC RACHEL OBS AT 2100Z NR N2318 W12400. MOV\nNE 6KT. WKN. EMBD TS TOP FL340 WI 80NM OF CENTER.\nFCST 0300Z TC CENTER N2354 W12256."},"geometry":{"type":"Polygon","coordinates":[[[-122.933,25.233],[-122.68,25.213],[-122.435,25.153],[-122.204,25.055],[-121.996,24.921],[-121.816,24.757],[-121.67,24.567],[-121.563,24.356],[-121.497,24.132],[-121.475,23.9],[-121.497,23.668],[-121.563,23.444],[-121.67,23.233],[-121.816,23.043],[-121.996,22.879],[-122.204,22.745],[-122.435,22.647],[-122.68,22.587],[-122.933,22.567],[-123.187,22.587],[-123.432,22.647],[-123.663,22.745],[-123.871,22.879],[-124.051,23.043],[-124.196,23.233],[-124.304,23.444],[-124.37,23.668],[-124.392,23.9],[-124.37,24.132],[-124.304,24.356],[-124.196,24.567],[-124.051,24.757],[-123.871,24.921],[-123.663,25.055],[-123.432,25.153],[-123.187,25.213],[-122.933,25.233]]]}},{"type":"Feature","properties":{"icaoId":"SACO","firId":"SACF","firName":"SACF CORDOBA","seriesId":"C1","hazard":"TURB","qualifier":"SEV","validTimeFrom":"2026-10-09T21:16:00.000Z","validTimeTo":"2026-10-10T01:16:00.000Z","base":14000,"top":42000,"dir":"-","spd":"0","chng":"INTSF","rawSigmet":"WSAG31 SACO 092116\nSACF SIGMET C1 VALID 092116/100116 SACO-\nSACF CORDOBA FIR SEV TURB FCST AT 2116Z\nWI S3028 W06742 - S2632 W06527 - S2613 W06203 - S2315 W06159 - S2301 W06634 - S2503 W06830 - S2821 W06928 - S3021 W06746 - S3028 W06742 FL140/420 STNR INTSF="},"geometry":{"type":"Polygon","coordinates":[[[-67.7,-30.467],[-65.45,-26.533],[-62.05,-26.217],[-61.983,-23.25],[-66.567,-23.017],[-68.5,-25.05],[-69.467,-28.35],[-67.767,-30.35],[-67.7,-30.467]]]}},{"type":"Feature","properties":{"icaoId":"MMMX","firId":"MMEX","firName":"MMFR MEXICO","seriesId":"R1","hazard":"TS","qualifier":"OCNL","validTimeFrom":"2026-10-09T21:16:00.000Z","validTimeTo":"2026-10-10T01:16:00.000Z","top":50000,"dir":"NE","spd":"5","chng":"INTSF","rawSigmet":"WSMX31 MMMX 092117\nMMEX SIGMET R1 VALID 092116/100116 MMMX-\nMMFR MEXICO FIR OCNL TS OBS\n AT 2116Z\nWI N1932W10149 - N2003W10130 - N2010W09937 - N1915W09953 - N1719W09918\n         - N1617W09949 - N1631W10022 - N1905W10109 CB TOP FL500\nMOV NE 05KT INTSF.\n="},"geometry":{"type":"Polygon","coordinates":[[[-101.817,19.533],[-101.5,20.05],[-99.617,20.167],[-99.883,19.25],[-99.3,17.317],[-99.817,16.283],[-100.367,16.517],[-101.15,19.083]]]}},{"type":"Feature","properties":{"icaoId":"VABB","firId":"VABF","firName":"VABF MUMBAI","seriesId":"E05","hazard":"TS","qualifier":"EMBD","validTimeFrom":"2026-10-09T21:20:00.000Z","validTimeTo":"2026-10-10T01:20:00.000Z","top":45000,"dir":"-","spd":"0","chng":"NC","rawSigmet":"WSIN90 VABB 092122\nVABF SIGMET E05 VALID 092120/100120 VABB-\nVABF MUMBAI FIR EMBD TS FCST WI N0737 E07153 - N0745 E06354 - N1147\nE06423 - N1202 E07153 - N0737 E07153 TOP FL450 STNR NC="},"geometry":{"type":"Polygon","coordinates":[[[71.883,7.617],[63.9,7.75],[64.383,11.783],[71.883,12.033],[71.883,7.617]]]}},{"type":"Feature","properties":{"icaoId":"VABB","firId":"VABF","firName":"VABF MUMBAI","seriesId":"C07","hazard":"TS","qualifier":"EMBD","validTimeFrom":"2026-10-09T21:20:00.000Z","validTimeTo":"2026-10-10T01:20:00.000Z","top":45000,"dir":"-","spd":"0","chng":"NC","rawSigmet":"WSIN90 VABB 092121\nVABF SIGMET C07 VALID 092120/100120 VABB-\nVABF MUMBAI FIR EMBD TS FCST WI N0042 E06007 - N0704 E06013 - N0719\nE06307 - N0055 E06322 - N0042 E06007 TOP FL450 STNR NC="},"geometry":{"type":"Polygon","coordinates":[[[60.117,0.7],[60.217,7.067],[63.117,7.317],[63.367,0.917],[60.117,0.7]]]}},{"type":"Feature","properties":{"icaoId":"VABB","firId":"VABF","firName":"VABF MUMBAI","seriesId":"C06","hazard":"TS","qualifier":"EMBD","validTimeFrom":"2026-10-09T21:20:00.000Z","validTimeTo":"2026-10-10T01:20:00.000Z","top":45000,"dir":"-","spd":"0","chng":"NC","rawSigmet":"WSIN90 VABB 092120\nVABF SIGMET C06 VALID 092120/100120 VABB-\nVABF MUMBAI FIR EMBD TS FCST WI S0553 E06425 - S0558 E06002 - S0143\nE06004 - S0225 E06359 - S0553 E06425 TOP FL450 STNR NC="},"geometry":{"type":"Polygon","coordinates":[[[64.417,-5.883],[60.033,-5.967],[60.067,-1.717],[63.983,-2.417],[64.417,-5.883]]]}},{"type":"Feature","properties":{"icaoId":"VABB","firId":"VABF","firName":"VABF MUMBAI","seriesId":"F04","hazard":"TS","qualifier":"EMBD","validTimeFrom":"2026-10-09T21:20:00.000Z","validTimeTo":"2026-10-10T01:20:00.000Z","top":52000,"dir":"-","spd":"0","chng":"NC","rawSigmet":"WSIN90 VABB 092123\nVABF SIGMET F04 VALID 092120/100120 VABB-\nVABF MUMBAI FIR EMBD TS FCST WI N0002 E06754 - N0013 E06417 - N0732\nE06420 - N0725 E06955 - N0317 E06955 - N0002 E06754 TOP FL520 STNR NC\n="},"geometry":{"type":"Polygon","coordinates":[[[67.9,0.033],[64.283,0.217],[64.333,7.533],[69.917,7.417],[69.917,3.283],[67.9,0.033]]]}},{"type":"Feature","properties":{"icaoId":"SARE","firId":"SARR","firName":"SARR RESISTENCIA","seriesId":"A1","hazard":"TS","qualifier":"EMBD","validTimeFrom":"2026-10-09T21:26:00.000Z","validTimeTo":"2026-10-10T01:26:00.000Z","top":39000,"dir":"E","spd":"3","chng":"INTSF","rawSigmet":"WSAG31 SARE 092126\nSARR SIGMET A1 VALID 092126/100126 SARE-\nSARR RESISTENCIA FIR EMBD TS FCST AT 2126Z\nWI S2542 W05435 - S2538 W05357 - S2613 W05337 - S2700 W05345 - S2723 W05419 - S2708 W05518 - S2627 W05444 - S2542 W05435 TOP FL390 MOV E 03KT INTSF="},"geometry":{"type":"Polygon","coordinates":[[[-54.583,-25.7],[-53.95,-25.633],[-53.617,-26.217],[-53.75,-27],[-54.317,-27.383],[-55.3,-27.133],[-54.733,-26.45],[-54.583,-25.7]]]}},{"type":"Feature","properties":{"icaoId":"SARE","firId":"SARR","firName":"SARR RESISTENCIA","seriesId":"B1","hazard":"TURB","qualifier":"SEV","validTimeFrom":"2026-10-09T21:30:00.000Z","validTimeTo":"2026-10-10T01:30:00.000Z","base":27000,"top":30000,"dir":"E","spd":"3","chng":"INTSF","rawSigmet":"WSAG31 SARE 092130\nSARR SIGMET B1 VALID 092130/100130 SARE-\nSARR RESISTENCIA FIR SEV TURB FCST AT 2130Z\nWI S2324 W06156 - S2454 W06156 - S3007 W05711 - S2809 W05531 - S2725\nW05601 - S2734 W05622 - S2731 W05709 - S2701 W05835 - S2713 W05841 - \nS2637 W05812 - S2613 W05809 - S2527 W05736 - S2502 W05810 - S2440 \nW05904 - S2407 W05958 - S2351 W06105 - S2324 W06133 - S2324 W06156 \nFL270/300 MOV E 03KT INTSF="},"geometry":{"type":"Polygon","coordinates":[[[-61.933,-23.4],[-61.933,-24.9],[-57.183,-30.117],[-55.517,-28.15],[-56.017,-27.417],[-56.367,-27.567],[-57.15,-27.517],[-58.583,-27.017],[-58.683,-27.217],[-58.2,-26.617],[-58.15,-26.217],[-57.6,-25.45],[-58.167,-25.033],[-59.067,-24.667],[-59.967,-24.117],[-61.083,-23.85],[-61.55,-23.4],[-61.933,-23.4]]]}},{"type":"Feature","properties":{"icaoId":"MKJP","firId":"MKJK","firName":"MKJK KINGSTON","seriesId":"3","hazard":"TS","qualifier":"EMBD","validTimeFrom":"2026-10-09T21:35:00.000Z","validTimeTo":"2026-10-10T00:35:00.000Z","top":50000,"dir":"NW","spd":"0","chng":"INTSF","rawSigmet":"WSCA31 MKJP 092135\nMKJK SIGMET 3 VALID 092135/100035 MKJP- \nMKJK KINGSTON FIR EMBD TS OBS AT 2130Z WI\nN1930 W08100 - N1950 W07820 - N1826 W07535 - \nN1510 W07535 - N1510 W08100 CB TOPS ABV FL500 MOV NW INTSF="},"geometry":{"type":"Polygon","coordinates":[[[-81,19.5],[-78.333,19.833],[-75.583,18.433],[-75.583,15.167],[-81,15.167]]]}},{"type":"Feature","properties":{"icaoId":"TTPP","firId":"TTZP","firName":"TTZP PIARCO","seriesId":"4","hazard":"TS","qualifier":"EMBD","validTimeFrom":"2026-10-09T21:35:00.000Z","validTimeTo":"2026-10-10T01:35:00.000Z","top":42000,"dir":"NNE","spd":"10","chng":"NC","rawSigmet":"WSCA31 TTPP 092135\nTTZP SIGMET 4 VALID 092135/100135 TTPP-\nTTZP PIARCO FIR EMBD TS OBS AT 2115Z WI N1224 W04423 - \nN1231 W05004 - N1429 W05001 - N1616 W04711 - N1609 W04355 - \nN1224 W04423 TOP ABV FL420 MOV NNE 10KT NC="},"geometry":{"type":"Polygon","coordinates":[[[-44.383,12.4],[-50.067,12.517],[-50.017,14.483],[-47.183,16.267],[-43.917,16.15],[-44.383,12.4]]]}},{"type":"Feature","properties":{"icaoId":"WMKK","firId":"WBFC","firName":"WBFC KOTA KINABALU","seriesId":"10","hazard":"TS","qualifier":"EMBD","validTimeFrom":"2026-10-09T21:36:00.000Z","validTimeTo":"2026-10-10T01:00:00.000Z","top":48000,"dir":"SW","spd":"5","chng":"NC","rawSigmet":"WSMS31 WMKK 092136\nWBFC SIGMET 10 VALID 092136/100100 WBKK-\nWBFC KOTA KINABALU FIR EMBD TS\nOBS WI N0400 E12000 - N0400 E11800 - N0412 E11731 - N0534 E11853 -\nN0400 E12000 TOP FL480 MOV SW 05KT NC="},"geometry":{"type":"Polygon","coordinates":[[[120,4],[118,4],[117.517,4.2],[118.883,5.567],[120,4]]]}},{"type":"Feature","properties":{"icaoId":"GVAC","firId":"GVSC","firName":"GVSC SAL OCEANIC","seriesId":"1","hazard":"TS","qualifier":"EMBD","validTimeFrom":"2026-10-09T21:43:00.000Z","validTimeTo":"2026-10-10T01:43:00.000Z","top":40000,"dir":null,"spd":null,"chng":null,"rawSigmet":"WSCV31 GVAC 092143\nGVSC SIGMET 1 VALID 092143/100143 GVAC- \nGVSC SAL OCEANIC FIR/UIR EMBD TS OBS AT 2130Z\nWI N1302 W02121 - N1504 W02934 - N1846 W02003 - N1500 W02005\nTOP ABV FL400 W 05KT INTSF="},"geometry":{"type":"Polygon","coordinates":[[[-21.35,13.033],[-29.567,15.067],[-20.05,18.767],[-20.083,15]]]}},{"type":"Feature","properties":{"icaoId":"ZJHK","firId":"ZJSA","firName":"ZJSA SANYA","seriesId":"6","hazard":"TS","qualifier":"EMBD","validTimeFrom":"2026-10-09T21:45:00.000Z","validTimeTo":"2026-10-10T01:45:00.000Z","top":40000,"dir":"SW","spd":"10","chng":"NC","rawSigmet":"WSCI35 ZJHK 092138\nZJSA SIGMET 6 VALID 092145/100145 ZJHK-\nZJSA SANYA FIR EMBD TS FCST WI N1824 E11227 - N1916 E11142 - N1746\nE10819 - N1658 E10912 - N1824 E11227 TOP FL400 MOV SW 20KMH NC="},"geometry":{"type":"Polygon","coordinates":[[[112.45,18.4],[111.7,19.267],[108.317,17.767],[109.2,16.967],[112.45,18.4]]]}},{"type":"Feature","properties":{"icaoId":"WAAA","firId":"WAAF","firName":"WAAF UJUNG PANDANG","seriesId":"14","hazard":"VA","qualifier":"ERUPTION MT DUKONO","validTimeFrom":"2026-10-09T21:50:00.000Z","validTimeTo":"2026-10-10T03:50:00.000Z","base":0,"top":7000,"dir":"E","spd":"15","chng":"NC","rawSigmet":"WVID21 WAAA 092150\nWAAF SIGMET 14 VALID 092150/100350 WAAA-\nWAAF UJUNG PANDANG  FIR VA\nERUPTION MT DUKONO PSN N0142 E12754 VA CLD OBS AT 2130Z WI N0145\nE12750 - N0226 E12835 - N0207 E12901 - N0136 E12854 - N0137 E12752 -\nN0145 E12750 SFC/FL070 MOV E 15KT NC="},"geometry":{"type":"Polygon","coordinates":[[[127.833,1.75],[128.583,2.433],[129.017,2.117],[128.9,1.6],[127.867,1.617],[127.833,1.75]]]}},{"type":"Feature","properties":{"icaoId":"RUMG","firId":"UHMM","firName":"UHMM MAGADAN","seriesId":"M19","hazard":"TURB","qualifier":"SEV","validTimeFrom":"2026-10-09T22:00:00.000Z","validTimeTo":"2026-10-10T00:00:00.000Z","base":0,"top":15000,"dir":"-","spd":"0","chng":"NC","rawSigmet":"WSRA31 RUMG 092110\nUHMM SIGMET M19 VALID 092200/100000 UHMM-\nUHMM MAGADAN FIR SEV TURB FCST WI N6545 E15800\n- N6345 E16030 - N6257 E16600 - N6240 E16535\n- N6205 E16415 - N6126 E16213 - N6035 E16010\n- N5920 E15659 - N6022 E15458 - N6032 E15326\n- N6037 E15000 - N6200 E15000 - N6405 E15000\n- N6545 E15800 SFC/FL150 STNR NC="},"geometry":{"type":"Polygon","coordinates":[[[158,65.75],[160.5,63.75],[166,62.95],[165.583,62.667],[164.25,62.083],[162.217,61.433],[160.167,60.583],[156.983,59.333],[154.967,60.367],[153.433,60.533],[150,60.617],[150,62],[150,64.083],[158,65.75]]]}},{"type":"Feature","properties":{"icaoId":"RUMG","firId":"UHMM","firName":"UHMM MAGADAN","seriesId":"M20","hazard":"ICE","qualifier":"SEV","validTimeFrom":"2026-10-09T22:00:00.000Z","validTimeTo":"2026-10-10T00:00:00.000Z","base":0,"top":13000,"dir":"-","spd":"0","chng":"NC","rawSigmet":"WSRA31 RUMG 092113\nUHMM SIGMET M20 VALID 092200/100000 UHMM-\nUHMM MAGADAN FIR SEV ICE FCST WI N6545 E15800\n- N6345 E16030 - N6257 E16600 - N6240 E16535\n- N6205 E16415 - N6126 E16213 - N6035 E16010\n- N5920 E15659 - N6022 E15458 - N6032 E15326\n- N6037 E15000 - N6200 E15000 - N6405 E15000\n- N6545 E15800 SFC/FL130 STNR NC="},"geometry":{"type":"Polygon","coordinates":[[[158,65.75],[160.5,63.75],[166,62.95],[165.583,62.667],[164.25,62.083],[162.217,61.433],[160.167,60.583],[156.983,59.333],[154.967,60.367],[153.433,60.533],[150,60.617],[150,62],[150,64.083],[158,65.75]]]}},{"type":"Feature","properties":{"icaoId":"RUKR","firId":"UNKL","firName":"UNKL KRASNOYARSK","seriesId":"7","hazard":"ICE","qualifier":"SEV","validTimeFrom":"2026-10-09T22:00:00.000Z","validTimeTo":"2026-10-10T00:00:00.000Z","base":0,"top":10000,"dir":"-","spd":"0","chng":"NC","rawSigmet":"WSRA31 RUKR 092131\nUNKL SIGMET 7 VALID 092200/100000 UNKL-\nUNKL KRASNOYARSK FIR SEV ICE FCST WI N5800 E08802 - N5833 E09550 -\nN6020 E09550 - N5838 E10320 - N6200 E10700 - N6700 E10655 - N6850\nE10230 - N6728 E09432 - N6639 E08826 - N6305 E09000 - N6327 E08448 -\nN6055 E08300 - N5845 E08756 - N5800 E08802 SFC/FL100 STNR NC="},"geometry":{"type":"Polygon","coordinates":[[[88.033,58],[95.833,58.55],[95.833,60.333],[103.333,58.633],[107,62],[106.917,67],[102.5,68.833],[94.533,67.467],[88.433,66.65],[90,63.083],[84.8,63.45],[83,60.917],[87.933,58.75],[88.033,58]]]}},{"type":"Feature","properties":{"icaoId":"RUMG","firId":"UHMM","firName":"UHMM MAGADAN","seriesId":"M21","hazard":"TURB","qualifier":"SEV","validTimeFrom":"2026-10-09T22:00:00.000Z","validTimeTo":"2026-10-10T00:00:00.000Z","base":0,"top":15000,"dir":"-","spd":"0","chng":"NC","rawSigmet":"WSRA31 RUMG 092133\nUHMM SIGMET M21 VALID 092200/100000 UHMM-\nUHMM MAGADAN FIR SEV TURB FCST WI N7235 E17600 - N7223 W17600 -\nN7200 W16858 - N6700 W16858 - N6500 W16858 - N6403 W17212 - N6120\nW17745 - N6131 E18000 - N6150 E17445 - N6220 E17300 - N6400 E17300 -\nN6633 E17100 - N6730 E17100 - N6730 E17650 - N7000 E17600 - N7235\nE17600 SFC/FL150 STNR NC="},"geometry":{"type":"Polygon","coordinates":[[[176,72.583],[184,72.383],[191.033,72],[191.033,67],[191.033,65],[187.8,64.05],[182.25,61.333],[180,61.517],[174.75,61.833],[173,62.333],[173,64],[171,66.55],[171,67.5],[176.833,67.5],[176,70],[176,72.583]]]}},{"type":"Feature","properties":{"icaoId":"RUMG","firId":"UHMM","firName":"UHMM MAGADAN","seriesId":"M22","hazard":"ICE","qualifier":"SEV","validTimeFrom":"2026-10-09T22:00:00.000Z","validTimeTo":"2026-10-10T00:00:00.000Z","base":0,"top":15000,"dir":"-","spd":"0","chng":"NC","rawSigmet":"WSRA31 RUMG 092134\nUHMM SIGMET M22 VALID 092200/100000 UHMM-\nUHMM MAGADAN FIR SEV ICE FCST WI N7235 E17600 - N7223 W17600 -\nN7200 W16858 - N6700 W16858 - N6500 W16858 - N6403 W17212 -\nN6120 W17745 - N6131 E18000 - N6150 E17445 - N6220 E17300 -\nN6342 E16737 - N6257 E16600 - N6345 E16030 - N6545 E15800 -\nN6633 E15800 - N6633 E16200 - N6840 E16500 - N7030 E16800 -\nN7230 E16800 - N7235 E17600 SFC/FL150 STNR NC="},"geometry":{"type":"Polygon","coordinates":[[[176,72.583],[184,72.383],[191.033,72],[191.033,67],[191.033,65],[187.8,64.05],[182.25,61.333],[180,61.517],[174.75,61.833],[173,62.333],[167.617,63.7],[166,62.95],[160.5,63.75],[158,65.75],[158,66.55],[162,66.55],[165,68.667],[168,70.5],[168,72.5],[176,72.583]]]}},{"type":"Feature","properties":{"icaoId":"LIIB","firId":"LIRR","firName":"LIRR ROMA","seriesId":"10","hazard":"TS","qualifier":"FRQ","validTimeFrom":"2026-10-09T22:00:00.000Z","validTimeTo":"2026-10-10T01:00:00.000Z","top":39000,"dir":"-","spd":"0","chng":"NC","rawSigmet":"WSIY32 LIIB 092131\nLIRR SIGMET 10 VALID 092200/100100 LIIB-\nLIRR ROMA FIR FRQ TS FCST WI N3710 E01246 - N3847 E01332 - N3838\nE01439 - N3648 E01347 - N3710 E01246 TOP FL390 STNR NC="},"geometry":{"type":"Polygon","coordinates":[[[12.767,37.167],[13.533,38.783],[14.65,38.633],[13.783,36.8],[12.767,37.167]]]}},{"type":"Feature","properties":{"icaoId":"LIIB","firId":"LIRR","firName":"LIRR ROMA","seriesId":"11","hazard":"TS","qualifier":"FRQ","validTimeFrom":"2026-10-09T22:00:00.000Z","validTimeTo":"2026-10-10T01:00:00.000Z","top":39000,"dir":"-","spd":"0","chng":"NC","rawSigmet":"WSIY32 LIIB 092132\nLIRR SIGMET 11 VALID 092200/100100 LIIB-\nLIRR ROMA FIR FRQ TS FCST WI N3851 E01755 - N3852 E01640 - N3857\nE01543 - N3807 E01536 - N3755 E01708 - N3851 E01755 TOP FL390 STNR\nNC="},"geometry":{"type":"Polygon","coordinates":[[[17.917,38.85],[16.667,38.867],[15.717,38.95],[15.6,38.117],[17.133,37.917],[17.917,38.85]]]}},{"type":"Feature","properties":{"icaoId":"RUPK","firId":"UHMM","firName":"UHMM MAGADAN","seriesId":"P06","hazard":"TURB","qualifier":"SEV","validTimeFrom":"2026-10-09T22:00:00.000Z","validTimeTo":"2026-10-10T02:00:00.000Z","base":0,"top":30000,"dir":"-","spd":"0","chng":"NC","rawSigmet":"WSRA31 RUPK 092126\nUHMM SIGMET P06 VALID 092200/100200 UHPP-\nUHMM MAGADAN FIR SEV TURB FCST WI N6341 E16736 - N6149 E17444 -\nN6120 W17756 - N5410 E16903 - N5009 E15852 - N4509 E15002 - N5601\nE15007 - N6201 E16411 - N6341 E16736 SFC/FL300 STNR NC="},"geometry":{"type":"Polygon","coordinates":[[[167.6,63.683],[174.733,61.817],[182.067,61.333],[169.05,54.167],[158.867,50.15],[150.033,45.15],[150.117,56.017],[164.183,62.017],[167.6,63.683]]]}},{"type":"Feature","properties":{"icaoId":"FAOR","firId":"FAJA","firName":"FAJA JOHANNESBURG","seriesId":"B01","hazard":"TS","qualifier":"EMBD","validTimeFrom":"2026-10-09T22:00:00.000Z","validTimeTo":"2026-10-10T02:00:00.000Z","top":36000,"dir":null,"spd":null,"chng":null,"rawSigmet":"WSZA21 FAOR 092133\nFAJA SIGMET B01 VALID 092200/100200 FAOR-\nFAJA JOHANNESBURG FIR EMBD TS FCST WI\nS2515 E02320 - S2528 E02344 - S2539 E02355 - S2539 E02412 -\nS2549 E02440 - S2543 E02525 - S2537 E02537 - S2532 E02538 -\nS2751 E03047 - S2939 E02936 - S2833 E02835 - S2937 E02653 -\nS2817 E01951 - S2730 E01933 - S2730 E02100 - S2649 E02101 -\nS2650 E02140 - S2639 E02145 - S2639 E02200 - S2622 E02215 -\nS2612 E02230 - S2600 E02244 - S2527 E02250 - S2517 E02301 TOP FL360="},"geometry":{"type":"Polygon","coordinates":[[[23.333,-25.25],[23.733,-25.467],[23.917,-25.65],[24.2,-25.65],[24.667,-25.817],[25.417,-25.717],[25.617,-25.617],[25.633,-25.533],[30.783,-27.85],[29.6,-29.65],[28.583,-28.55],[26.883,-29.617],[19.85,-28.283],[19.55,-27.5],[21,-27.5],[21.017,-26.817],[21.667,-26.833],[21.75,-26.65],[22,-26.65],[22.25,-26.367],[22.5,-26.2],[22.733,-26],[22.833,-25.45],[23.017,-25.283]]]}},{"type":"Feature","properties":{"icaoId":"FAOR","firId":"FAJO","firName":"FAJO JOHANNESBURG OCEANIC","seriesId":"D01","hazard":"TS","qualifier":"EMBD","validTimeFrom":"2026-10-09T22:00:00.000Z","validTimeTo":"2026-10-10T02:00:00.000Z","top":30000,"dir":null,"spd":null,"chng":null,"rawSigmet":"WSZA21 FAOR 092135\nFAJO SIGMET D01 VALID 092200/100200 FAOR-\nFAJO JOHANNESBURG OCEANIC FIR EMBD TS FCST WI\nS3948 E00134 - S4051 E00647 - S4352 E00553 - S4301 W00108 TOP FL300="},"geometry":{"type":"Polygon","coordinates":[[[1.567,-39.8],[6.783,-40.85],[5.883,-43.867],[-1.133,-43.017]]]}},{"type":"Feature","properties":{"icaoId":"FAOR","firId":"FACA","firName":"FACA CAPE TOWN","seriesId":"B01","hazard":"TURB","qualifier":"SEV","validTimeFrom":"2026-10-09T22:00:00.000Z","validTimeTo":"2026-10-10T02:00:00.000Z","base":6500,"top":8000,"dir":null,"spd":null,"chng":null,"rawSigmet":"WSZA21 FAOR 092134\nFACA SIGMET B01 VALID 092200/100200 FAOR-\nFACA CAPE TOWN FIR SEV TURB FCST WI\nS3117 E02516 - S3149 E02729 - S3322 E02630 - S3357 E02427 -\nS3238 E02125 - S3135 E02309 FL065/080="},"geometry":{"type":"Polygon","coordinates":[[[25.267,-31.283],[27.483,-31.817],[26.5,-33.367],[24.45,-33.95],[21.417,-32.633],[23.15,-31.583]]]}},{"type":"Feature","properties":{"icaoId":"FAOR","firId":"FAJO","firName":"FAJO JOHANNESBURG OCEANIC","seriesId":"F01","hazard":"TURB","qualifier":"SEV","validTimeFrom":"2026-10-09T22:00:00.000Z","validTimeTo":"2026-10-10T02:00:00.000Z","base":14000,"top":24000,"dir":null,"spd":null,"chng":null,"rawSigmet":"WSZA21 FAOR 092138\nFAJO SIGMET F01 VALID 092200/100200 FAOR-\nFAJO JOHANNESBURG OCEANIC FIR SEV TURB FCST WI\nS4002 E02653 - S4003 E04701 - S4224 E05200 - S4644 E04926 -\nS4423 E04106 - S4414 E02633 FL140/240="},"geometry":{"type":"Polygon","coordinates":[[[26.883,-40.033],[47.017,-40.05],[52,-42.4],[49.433,-46.733],[41.1,-44.383],[26.55,-44.233]]]}},{"type":"Feature","properties":{"icaoId":"FAOR","firId":"FAJO","firName":"FAJO JOHANNESBURG OCEANIC","seriesId":"I01","hazard":"TURB","qualifier":"SEV","validTimeFrom":"2026-10-09T22:00:00.000Z","validTimeTo":"2026-10-10T02:00:00.000Z","base":27000,"top":30000,"dir":null,"spd":null,"chng":null,"rawSigmet":"WSZA21 FAOR 092141\nFAJO SIGMET I01 VALID 092200/100200 FAOR-\nFAJO JOHANNESBURG OCEANIC FIR SEV TURB FCST WI\nS4433 E05626 - S4458 E05652 - S4458 E05700 - S4500 E05700 -\nS4500 E06256 - S4939 E06833 - S5944 E06318 - S5749 E05008 -\nS5149 E05622 - S4540 E05357 FL270/300="},"geometry":{"type":"Polygon","coordinates":[[[56.433,-44.55],[56.867,-44.967],[57,-44.967],[57,-45],[62.933,-45],[68.55,-49.65],[63.3,-59.733],[50.133,-57.817],[56.367,-51.817],[53.95,-45.667]]]}},{"type":"Feature","properties":{"icaoId":"FAOR","firId":"FAJO","firName":"FAJO JOHANNESBURG OCEANIC","seriesId":"G01","hazard":"TURB","qualifier":"SEV","validTimeFrom":"2026-10-09T22:00:00.000Z","validTimeTo":"2026-10-10T02:00:00.000Z","base":14000,"top":24000,"dir":null,"spd":null,"chng":null,"rawSigmet":"WSZA21 FAOR 092139\nFAJO SIGMET G01 VALID 092200/100200 FAOR-\nFAJO JOHANNESBURG OCEANIC FIR SEV TURB FCST WI\nS3511 E00023 - S3758 E00842 - S4055 E00650 - S3942 E00126 -\nS4241 W00058 - S3616 W00828 FL140/240="},"geometry":{"type":"Polygon","coordinates":[[[0.383,-35.183],[8.7,-37.967],[6.833,-40.917],[1.433,-39.7],[-0.967,-42.683],[-8.467,-36.267]]]}},{"type":"Feature","properties":{"icaoId":"FAOR","firId":"FAJO","firName":"FAJO JOHANNESBURG OCEANIC","seriesId":"J01","hazard":"TURB","qualifier":"SEV","validTimeFrom":"2026-10-09T22:00:00.000Z","validTimeTo":"2026-10-10T02:00:00.000Z","base":10000,"top":18000,"dir":null,"spd":null,"chng":null,"rawSigmet":"WSZA21 FAOR 092142\nFAJO SIGMET J01 VALID 092200/100200 FAOR-\nFAJO JOHANNESBURG OCEANIC FIR SEV TURB FCST WI\nS6518 E05053 - S6615 E05839 - S7005 E05144 - S6755 E04518 -\nS6518 E05053 FL100/180="},"geometry":{"type":"Polygon","coordinates":[[[50.883,-65.3],[58.65,-66.25],[51.733,-70.083],[45.3,-67.917],[50.883,-65.3]]]}},{"type":"Feature","properties":{"icaoId":"EGRR","firId":"EGPX","firName":"EGPX SCOTTISH","seriesId":"02","hazard":"TURB","qualifier":"SEV MTW","validTimeFrom":"2026-10-09T22:00:00.000Z","validTimeTo":"2026-10-10T02:00:00.000Z","base":5000,"top":20000,"dir":"-","spd":"0","chng":"NC","rawSigmet":"WSUK33 EGRR 092153\nEGPX SIGMET 02 VALID 092200/100200 EGRR-\nEGPX SCOTTISH FIR SEV MTW FCST WI N5655 W00427 - N5711 W00151 -\nN5500 W00022 - N5500 W00311 - N5655 W00427 FL050/200 STNR NC="},"geometry":{"type":"Polygon","coordinates":[[[-4.45,56.917],[-1.85,57.183],[-0.367,55],[-3.183,55],[-4.45,56.917]]]}},{"type":"Feature","properties":{"icaoId":"SVMI","firId":"SVZM","firName":"SVZM MAIQUETIA","seriesId":"03","hazard":"TS","qualifier":"EMBD","validTimeFrom":"2026-10-09T22:00:00.000Z","validTimeTo":"2026-10-10T02:00:00.000Z","dir":null,"spd":null,"chng":null,"rawSigmet":"WSVN31 SVMI 092200\nSVZM SIGMET 03 VALID 092200/100200 SVMI-\nSVZM MAIQUETIA FIR EMBD TS OBS AT 2200Z WI N1123 W07244 N1106 W06861 N1037 W06406 N0836 W06420 N0745 W06826 N0789 W07202 N0968 W07284 WI N1123 W07244 TOP FL240 MOV NW INTSF"},"geometry":{"type":"Polygon","coordinates":[[[-72.733,11.383],[-69.017,11.1],[-64.1,10.617],[-64.333,8.6],[-68.433,7.75],[-72.033,8.483],[-73.4,10.133]]]}},{"type":"Feature","properties":{"icaoId":"EGRR","firId":"EGTT","firName":"EGTT LONDON","seriesId":"02","hazard":"TURB","qualifier":"SEV MTW","validTimeFrom":"2026-10-09T22:00:00.000Z","validTimeTo":"2026-10-10T02:00:00.000Z","base":5000,"top":20000,"dir":"-","spd":"0","chng":"NC","rawSigmet":"WSUK31 EGRR 092155\nEGTT SIGMET 02 VALID 092200/100200 EGRR-\nEGTT LONDON FIR SEV MTW FCST WI N5500 W00022 - N5320 E00046 - N5209\nW00039 - N5147 W00324 - N5252 W00330 - N5319 W00204 - N5500 W00311 -\nN5500 W00022 FL050/200 STNR NC="},"geometry":{"type":"Polygon","coordinates":[[[-0.367,55],[0.767,53.333],[-0.65,52.15],[-3.4,51.783],[-3.5,52.867],[-2.067,53.317],[-3.183,55],[-0.367,55]]]}},{"type":"Feature","properties":{"icaoId":"SVMI","firId":"SVZM","firName":"SVZM MAIQUETIA","seriesId":"A2","hazard":"TS","qualifier":"EMBD","validTimeFrom":"2026-10-09T22:00:00.000Z","validTimeTo":"2026-10-10T02:00:00.000Z","dir":null,"spd":null,"chng":null,"rawSigmet":"WSVN31 SVMI 092200\nSVZM SIGMET A2 VALID 092200/100200 SVMI-\nSVZM MAIQUETIA FIR EMBD TS OBS AT 2200Z WI N0679 W06743 N0659 W06234 N0491 W06199 N0462 W06552 N0256 W06456 N0190 W06672 N0467 W06759 N0587 W06751 WI N0679 W06743 TOP FL240 MOV W INTSF"},"geometry":{"type":"Polygon","coordinates":[[[-67.717,7.317],[-62.567,6.983],[-62.65,5.517],[-65.867,5.033],[-64.933,2.933],[-67.2,2.5],[-67.983,5.117],[-67.85,6.45]]]}},{"type":"Feature","properties":{"icaoId":"NFFN","firId":"NFFF","firName":"NFFF NADI","seriesId":"07","hazard":"TS","qualifier":"EMBD","validTimeFrom":"2026-10-09T22:10:00.000Z","validTimeTo":"2026-10-10T02:10:00.000Z","top":53000,"dir":"-","spd":"0","chng":"NC","rawSigmet":"WSFJ01 NFFN 092100\nNFFF SIGMET 07 VALID 092210/100210 NFFN-\nNFFF NADI FIR EMBD TS FCST WI S0536 E17036 - S0400 E17924 - S0800\nE17906 - S0930 E17118 - S0536 E17036 TOP FL530 STNR NC="},"geometry":{"type":"Polygon","coordinates":[[[170.6,-5.6],[179.4,-4],[179.1,-8],[171.3,-9.5],[170.6,-5.6]]]}},{"type":"Feature","properties":{"icaoId":"SKBO","firId":"SKED","firName":"SKED BOGOTA","seriesId":"A4","hazard":"VA","qualifier":"ERUPTION MT VOLCAN PURACE","validTimeFrom":"2026-10-09T22:10:00.000Z","validTimeTo":"2026-10-10T04:00:00.000Z","base":0,"top":18000,"dir":"NW","spd":"5","chng":null,"rawSigmet":"WVCO31 SKBO 092254\nSKED SIGMET A4 VALID 092210/100400 SKBO-\nSKED BOGOTA FIR VA ERUPTION MT VOLCAN PURACE PSN N0219 W07624 VA CLD\nOBS AT 2210Z WI N0221 W07629 - N0220 W07623- N0218 W07623 - N0219 W07630 - N0221 W07629 SFC/FL180 MOV NW 5KT="},"geometry":{"type":"Polygon","coordinates":[[[-76.483,2.35],[-76.383,2.333],[-76.383,2.3],[-76.5,2.317],[-76.483,2.35]]]}},{"type":"Feature","properties":{"icaoId":"SCTE","firId":"SCTZ","firName":"SCTZ PUERTO MONTT","seriesId":"A1","hazard":"TURB","qualifier":"SEV","validTimeFrom":"2026-10-09T22:12:00.000Z","validTimeTo":"2026-10-10T02:12:00.000Z","base":20000,"top":30000,"dir":"E","spd":"0","chng":"NC","rawSigmet":"WSCH31 SCTE 092212\nSCTZ SIGMET A1 VALID 092212/100212 SCTE-\nSCTZ PUERTO MONTT FIR SEV TURB FCST WI S3830 W07445 - S3830 W07140 - \nS4015 W07230 - S4044 W07600 FL200/300 MOV E NC="},"geometry":{"type":"Polygon","coordinates":[[[-74.75,-38.5],[-71.667,-38.5],[-72.5,-40.25],[-76,-40.733]]]}},{"type":"Feature","properties":{"icaoId":"WIII","firId":"WIIF","firName":"WIIF JAKARTA","seriesId":"09","hazard":"VA","qualifier":"ERUPTION MT KRAKATAU","validTimeFrom":"2026-10-09T22:12:00.000Z","validTimeTo":"2026-10-10T04:12:00.000Z","base":0,"top":6000,"dir":"SW","spd":"5","chng":"WKN","rawSigmet":"WVID20 WIII 092212\nWIIF SIGMET 09 VALID 092212/100412 WIII- WIIF JAKARTA FIR VA ERUPTION\nMT KRAKATAU PSN S0606 E10525 VA CLD OBS AT 2150Z WI S0546 E10524 -\nS0600 E10545 - S0625 E10540 - S0627 E10511 - S0557 E10455 - S0546\nE10524 SFC/FL060 MOV SW 05KT WKN="},"geometry":{"type":"Polygon","coordinates":[[[105.4,-5.767],[105.75,-6],[105.667,-6.417],[105.183,-6.45],[104.917,-5.95],[105.4,-5.767]]]}},{"type":"Feature","properties":{"icaoId":"SABE","firId":"SAEF","firName":"SAEF EZEIZA","seriesId":"9","hazard":"ICE","qualifier":"SEV","validTimeFrom":"2026-10-09T22:14:00.000Z","validTimeTo":"2026-10-10T02:14:00.000Z","base":4000,"top":16000,"dir":"-","spd":"0","chng":"WKN","rawSigmet":"WSAG31 SABE 092214\nSAEF SIGMET 9 VALID 092214/100214 SABE-\nSAEF EZEIZA FIR SEV ICE FCST AT 2214Z\nWI S3837 W06346 - S3602 W06322 - S3558 W06450 - S3834 W07048 - S4102\nW07125 - S3942 W06507 - S3837 W06346 FL040/160 STNR WKN="},"geometry":{"type":"Polygon","coordinates":[[[-63.767,-38.617],[-63.367,-36.033],[-64.833,-35.967],[-70.8,-38.567],[-71.417,-41.033],[-65.117,-39.7],[-63.767,-38.617]]]}},{"type":"Feature","properties":{"icaoId":"NTAA","firId":"NTTT","firName":"NTTT TAHITI","seriesId":"A3","hazard":"TS","qualifier":"EMBD","validTimeFrom":"2026-10-09T22:15:00.000Z","validTimeTo":"2026-10-10T02:15:00.000Z","top":53000,"dir":"-","spd":"0","chng":"NC","rawSigmet":"WSPF21 NTAA 092153\nNTTT SIGMET A3 VALID 092215/100215 NTAA-\nNTTT TAHITI FIR/UIR EMBD TS FCST WI S0745 W14745 - S0015 W14115 -\nS0015 W13730 - S0615 W14145 - S0745 W14745 TOP FL530 STNR NC="},"geometry":{"type":"Polygon","coordinates":[[[-147.75,-7.75],[-141.25,-0.25],[-137.5,-0.25],[-141.75,-6.25],[-147.75,-7.75]]]}},{"type":"Feature","properties":{"icaoId":"FMMI","firId":"FMMM","firName":"FMMM ANTANANARIVO","seriesId":"B1","hazard":"TS","qualifier":"EMBD","validTimeFrom":"2026-10-09T22:15:00.000Z","validTimeTo":"2026-10-10T02:15:00.000Z","top":34000,"dir":"-","spd":"0","chng":"NC","rawSigmet":"WSMG31 FMMI 092215\nFMMM SIGMET B1 VALID 092215/100215 FMMI-\nFMMM ANTANANARIVO FIR/UIR EMBD TS OBS WI\nS1750 E05530 - S1508 E04928 - S1749 E04651 - S1808 E04840 -\nS1711 E05104 - S1846 E05530 - S1750 E05530 TOP ABV FL340 STNR NC="},"geometry":{"type":"Polygon","coordinates":[[[55.5,-17.833],[49.467,-15.133],[46.85,-17.817],[48.667,-18.133],[51.067,-17.183],[55.5,-18.767],[55.5,-17.833]]]}},{"type":"Feature","properties":{"icaoId":"FCBB","firId":"FCCC","firName":"FCCC BRAZZAVILLE","seriesId":"I1","hazard":"TS","qualifier":"EMBD","validTimeFrom":"2026-10-09T22:15:00.000Z","validTimeTo":"2026-10-10T02:15:00.000Z","top":42000,"dir":"W","spd":"5","chng":"INTSF","rawSigmet":"WSCG31 FCBB 092230\nFCCC SIGMET I1 VALID 092215/100215 FCBB-\nFCCC BRAZZAVILLE FIR/UIR EMBD TS OBS AT 2230Z\nE OF LINE N0517 E01000 - S0120 E00745\nE OF LINE N0758 E01758 - N0404 E01810\nTOP FL420 MOV W 05KT INTSF="},"geometry":{"type":"MultiPolygon","coordinates":[[[[10,5.283],[7.75,-1.333],[9.75,-1.333],[12,5.283],[10,5.283]]],[[[17.967,7.967],[18.167,4.067],[20.167,4.067],[19.967,7.967],[17.967,7.967]]]]}},{"type":"Feature","properties":{"icaoId":"SABE","firId":"SAEF","firName":"SAEF EZEIZA","seriesId":"C2","hazard":"ICE","qualifier":"SEV","validTimeFrom":"2026-10-09T22:16:00.000Z","validTimeTo":"2026-10-10T02:16:00.000Z","base":8000,"top":18000,"dir":"SE","spd":"10","chng":"NC","rawSigmet":"WSAG31 SABE 092216\nSAEF SIGMET C2 VALID 092216/100216 SABE-\nSAEF EZEIZA FIR SEV ICE FCST AT 2216Z\nWI S3601 W06313 - S3603 W06446 - S3400 W06428 - S3402 W06314 - S3259\nW06219 - S3300 W06155 - S3249 W06143 - S3231 W06154 - S3157 W06127 - \nS3136 W06130 - S3101 W06127 - S3058 W06058 - S3058 W06038 - S3052 \nW05752 - S3347 W05834 - S3404 W05817 - S3547 W06019 - S3601 W06313 \nFL080/180 MOV SE 10KT NC="},"geometry":{"type":"Polygon","coordinates":[[[-63.217,-36.017],[-64.767,-36.05],[-64.467,-34],[-63.233,-34.033],[-62.317,-32.983],[-61.917,-33],[-61.717,-32.817],[-61.9,-32.517],[-61.45,-31.95],[-61.5,-31.6],[-61.45,-31.017],[-60.967,-30.967],[-60.633,-30.967],[-57.867,-30.867],[-58.567,-33.783],[-58.283,-34.067],[-60.317,-35.783],[-63.217,-36.017]]]}},{"type":"Feature","properties":{"icaoId":"SABE","firId":"SAEF","firName":"SAEF EZEIZA","seriesId":"B2","hazard":"TURB","qualifier":"SEV","validTimeFrom":"2026-10-09T22:19:00.000Z","validTimeTo":"2026-10-10T02:19:00.000Z","base":20000,"top":32000,"dir":"E","spd":"20","chng":"NC","rawSigmet":"WSAG31 SABE 092219\nSAEF SIGMET B2 VALID 092219/100219 SABE-\nSAEF EZEIZA FIR SEV TURB FCST AT 2219Z\nWI S4039 W05236 - S4001 W05804 - S3427 W06227 - S3255 W05948 - S3047\nW05842 - S3043 W05754 - S3402 W05827 - S3449 W05731 - S3800 W05600 - \nS3851 W05241 - S4039 W05236 FL200/320 MOV E 20KT NC="},"geometry":{"type":"Polygon","coordinates":[[[-52.6,-40.65],[-58.067,-40.017],[-62.45,-34.45],[-59.8,-32.917],[-58.7,-30.783],[-57.9,-30.717],[-58.45,-34.033],[-57.517,-34.817],[-56,-38],[-52.683,-38.85],[-52.6,-40.65]]]}},{"type":"Feature","properties":{"icaoId":"WIII","firId":"WIIF","firName":"WIIF JAKARTA","seriesId":"10","hazard":"TS","qualifier":"EMBD","validTimeFrom":"2026-10-09T22:20:00.000Z","validTimeTo":"2026-10-10T02:20:00.000Z","top":53000,"dir":"WSW","spd":"5","chng":"INTSF","rawSigmet":"WSID20 WIII 092217\nWIIF SIGMET 10 VALID 092220/100220 WIII- WIIF JAKARTA FIR EMBD TS OBS\nWI N0425 E09658 - S0322 E10213 - S0451 E10005 - S0143 E09238 - N0600\nE09324 - N0425 E09658 TOP FL530 MOV WSW 05KT INTSF="},"geometry":{"type":"Polygon","coordinates":[[[96.967,4.417],[102.217,-3.367],[100.083,-4.85],[92.633,-1.717],[93.4,6],[96.967,4.417]]]}},{"type":"Feature","properties":{"icaoId":"WIII","firId":"WIIF","firName":"WIIF JAKARTA","seriesId":"11","hazard":"TS","qualifier":"EMBD","validTimeFrom":"2026-10-09T22:20:00.000Z","validTimeTo":"2026-10-10T02:20:00.000Z","top":51000,"dir":"W","spd":"5","chng":"INTSF","rawSigmet":"WSID20 WIII 092219\nWIIF SIGMET 11 VALID 092220/100220 WIII- WIIF JAKARTA FIR EMBD TS OBS\nWI N0139 E10210 - N0040 E10224 - S0033 E10050 - N0417 E09730 - N0504\nE09830 - N0139 E10210 TOP FL510 MOV W 05KT INTSF="},"geometry":{"type":"Polygon","coordinates":[[[102.167,1.65],[102.4,0.667],[100.833,-0.55],[97.5,4.283],[98.5,5.067],[102.167,1.65]]]}},{"type":"Feature","properties":{"icaoId":"MPTO","firId":"MPZL","firName":"MPZL PANAMA","seriesId":"01","hazard":"TS","qualifier":"EMBD","validTimeFrom":"2026-10-09T22:21:00.000Z","validTimeTo":"2026-10-10T02:21:00.000Z","top":48000,"dir":"-","spd":"0","chng":"INTSF","rawSigmet":"WSPM31 MPTO 092221\nMPZL SIGMET 01 VALID 092221/100221 MPTO-\nMPZL PANAMA FIR EMBD TS OBS AT 2200Z W OF LINE N0940 W08125 - N0755 \nW07945 - N0632 W08038 TOP FL480 STNR INTSF="},"geometry":{"type":"Polygon","coordinates":[[[-82.587,9.667],[-82.581,9.582],[-82.64,9.508],[-82.863,9.605],[-82.861,9.501],[-82.93,9.491],[-82.941,9.096],[-82.777,8.961],[-82.916,8.773],[-82.814,8.556],[-83.049,8.34],[-82.887,8.016],[-82.921,6.533],[-80.633,6.533],[-79.75,7.917],[-81.417,9.667],[-82.587,9.667]]]}},{"type":"Feature","properties":{"icaoId":"WMKK","firId":"WMFC","firName":"WMFC KUALA LUMPUR","seriesId":"11","hazard":"TS","qualifier":"EMBD","validTimeFrom":"2026-10-09T22:30:00.000Z","validTimeTo":"2026-10-10T02:00:00.000Z","dir":null,"spd":null,"chng":null,"rawSigmet":"WSMS31 WMKK 092228\nWMFC SIGMET 11 VALID 092230/100200 WMKK-\nWMFC KUALA LUMPUR FIR EMBD TS\nOBS S OF LINE N0546 E10313 - N0500 E09835 AND W OF LINE N0332 E10348\n- N0122 E10302 TOP FL520 MOV WSW 05KT NC="},"geometry":{"type":"Polygon","coordinates":[[[98.625,5.007],[99.335,4.374],[101.16,2.7],[102.343,1.629],[103.526,1.221],[103.709,1.467],[104.059,1.438],[104.11,1.349],[104.345,1.378],[104.705,2.587],[103.674,3.668],[103.714,4.832],[103.197,5.763],[98.625,5.007]]]}},{"type":"Feature","properties":{"icaoId":"SUMU","firId":"SUEO","firName":"SUEO MONTEVIDEO","seriesId":"3","hazard":"TURB","qualifier":"SEV","validTimeFrom":"2026-10-09T22:30:00.000Z","validTimeTo":"2026-10-10T02:30:00.000Z","base":16000,"top":38000,"dir":"ESE","spd":"5","chng":"NC","rawSigmet":"WSUY31 SUMU 092225\nSUEO SIGMET 3 VALID 092230/100230 SUMU-\nSUEO MONTEVIDEO FIR SEV TURB FCST WI S3406 W05828 - S3018 W05738 - S3014 W05650 - S3242 W05301 - S3609 W05343 - S3406 W05828 FL160/380 MOV ESE 05KT NC="},"geometry":{"type":"Polygon","coordinates":[[[-58.467,-34.1],[-57.633,-30.3],[-56.833,-30.233],[-53.017,-32.7],[-53.717,-36.15],[-58.467,-34.1]]]}},{"type":"Feature","properties":{"icaoId":"WMKK","firId":"WBFC","firName":"WBFC KOTA KINABALU","seriesId":"11","hazard":"TS","qualifier":"EMBD","validTimeFrom":"2026-10-09T22:32:00.000Z","validTimeTo":"2026-10-10T01:00:00.000Z","top":49000,"dir":"SW","spd":"10","chng":"NC","rawSigmet":"WSMS31 WMKK 092232\nWBFC SIGMET 11 VALID 092232/100100 WBKK-\nWBFC KOTA KINABALU FIR EMBD TS\nOBS WI N0730 E11730 - N0706 E11747 - N0706 E11448 - N0825 E11630 - N0730 E11730 TOP FL490 MOV SW 10KT NC="},"geometry":{"type":"Polygon","coordinates":[[[117.5,7.5],[117.783,7.1],[114.8,7.1],[116.5,8.417],[117.5,7.5]]]}},{"type":"Feature","properties":{"icaoId":"LFPW","firId":"LFMM","firName":"LFMM MARSEILLE","seriesId":"T03","hazard":"TS","qualifier":"EMBD","validTimeFrom":"2026-10-09T22:35:00.000Z","validTimeTo":"2026-10-10T00:30:00.000Z","top":26000,"dir":"SSE","spd":"25","chng":"NC","rawSigmet":"WSFR34 LFPW 092237\nLFMM SIGMET T03 VALID 092235/100030 LFPW-\nLFMM MARSEILLE FIR/UIR EMBD TS OBS WI N4030 E00630 - N4045 E00615 -\nN4130 E00615 - N4145 E00630 - N4030 E00630 TOP FL260 MOV SSE 25KT NC="},"geometry":{"type":"Polygon","coordinates":[[[6.5,40.5],[6.25,40.75],[6.25,41.5],[6.5,41.75],[6.5,40.5]]]}},{"type":"Feature","properties":{"icaoId":"VDPP","firId":"VDPF","firName":"VDPF PHNOM PENH","seriesId":"2","hazard":"TS","qualifier":"EMBD","validTimeFrom":"2026-10-09T22:40:00.000Z","validTimeTo":"2026-10-10T02:40:00.000Z","top":52000,"dir":"W","spd":"15","chng":"NC","rawSigmet":"WSKP31 VDPP 092239\nVDPF SIGMET 2 VALID 092240/100240 VDPP-\nVDPF PHNOM PENH FIR EMBD TS OBS WI N1301 E10304 - N1307 E10414 - \nN1151 E10433 - N1100 E10417 - N1102 E10350 - N1301 E10304 TOP FL520\nMOV W 15KT NC="},"geometry":{"type":"Polygon","coordinates":[[[103.067,13.017],[104.233,13.117],[104.55,11.85],[104.283,11],[103.833,11.033],[103.067,13.017]]]}},{"type":"Feature","properties":{"icaoId":"MUHA","firId":"MUFH","firName":"MUFH HABANA","seriesId":"A6","hazard":"TS","qualifier":"EMBD","validTimeFrom":"2026-10-09T22:40:00.000Z","validTimeTo":"2026-10-10T02:40:00.000Z","top":45000,"dir":"-","spd":"0","chng":"NC","rawSigmet":"WSCU31 MUHA 092240\nMUFH SIGMET A6 VALID 092240/100240 MUHA-\nMUFH HABANA FIR EMBD TS OBS AT 2230Z WI N2300 W08200 N2400 W08100\nN2200 W07510 N2100 W07800 TO N2300 W08200 CB TOP FL450 MOV STNR \nNC="},"geometry":{"type":"Polygon","coordinates":[[[-82,23],[-81,24],[-75.167,22],[-78,21],[-82,23]]]}},{"type":"Feature","properties":{"icaoId":"SEQU","firId":"SEFG","firName":"SEFG GUAYAQUIL","seriesId":"4","hazard":"VA","qualifier":"ERUPTION MT REVENTADOR","validTimeFrom":"2026-10-09T22:42:00.000Z","validTimeTo":"2026-10-10T04:42:00.000Z","base":0,"top":14000,"dir":"W","spd":"5","chng":null,"rawSigmet":"WVEQ31 SEQU 092242\nSEFG SIGMET 4 VALID 092242/100442 SEGU-\nSEFG GUAYAQUIL FIR VA ERUPTION MT REVENTADOR PSN S0004 W07739\nVA CLD OBS AT 2210Z WI N0003 W07750 - N0003 W07749 - S0003 W07747 -\nS0004 W07740 - S0005 W07740 - S0005 W07750 - N0003 W07750 SFC/FL140\nMOV W 5KT\nFCST AT 0400Z WI S0000 W07756 - S0004 W07739 - S0005 W07738 - S0005\nW07758 - S0000 W07756="},"geometry":{"type":"Polygon","coordinates":[[[-77.833,0.05],[-77.817,0.05],[-77.783,-0.05],[-77.667,-0.067],[-77.667,-0.083],[-77.833,-0.083],[-77.833,0.05]]]}},{"type":"Feature","properties":{"icaoId":"SEQU","firId":"SEFG","firName":"SEFG GUAYAQUIL","seriesId":"4F","hazard":"VA","qualifier":"ERUPTION MT REVENTADOR","validTimeFrom":"2026-10-09T22:42:00.000Z","validTimeTo":"2026-10-10T04:42:00.000Z","base":0,"top":14000,"dir":"W","spd":"5","chng":null,"rawSigmet":"WVEQ31 SEQU 092242\nSEFG SIGMET 4 VALID 092242/100442 SEGU-\nSEFG GUAYAQUIL FIR VA ERUPTION MT REVENTADOR PSN S0004 W07739\nVA CLD OBS AT 2210Z WI N0003 W07750 - N0003 W07749 - S0003 W07747 -\nS0004 W07740 - S0005 W07740 - S0005 W07750 - N0003 W07750 SFC/FL140\nMOV W 5KT\nFCST AT 0400Z WI S0000 W07756 - S0004 W07739 - S0005 W07738 - S0005\nW07758 - S0000 W07756="},"geometry":{"type":"Polygon","coordinates":[[[-77.933,0],[-77.65,-0.067],[-77.633,-0.083],[-77.967,-0.083],[-77.933,0]]]}},{"type":"Feature","properties":{"icaoId":"LFPW","firId":"LFMM","firName":"LFMM MARSEILLE","seriesId":"T04","hazard":"TS","qualifier":"EMBD","validTimeFrom":"2026-10-09T23:00:00.000Z","validTimeTo":"2026-10-10T01:00:00.000Z","top":28000,"dir":"SE","spd":"15","chng":"NC","rawSigmet":"WSFR34 LFPW 092253\nLFMM SIGMET T04 VALID 092300/100100 LFPW-\nLFMM MARSEILLE FIR/UIR EMBD TS OBS WI N3915 E00730 - N3945 E00645 -\nN4015 E00645 - N3945 E00730 - N4000 E00800 - N3915 E00800 - N3915\nE00730 TOP FL280 MOV SE 15KT NC="},"geometry":{"type":"Polygon","coordinates":[[[7.5,39.25],[6.75,39.75],[6.75,40.25],[7.5,39.75],[8,40],[8,39.25],[7.5,39.25]]]}},{"type":"Feature","properties":{"icaoId":"SPIM","firId":"SPIM","firName":"SPIM LIMA","seriesId":"10","hazard":"TS","qualifier":"EMBD","validTimeFrom":"2026-10-09T23:00:00.000Z","validTimeTo":"2026-10-10T02:00:00.000Z","top":50000,"dir":"-","spd":"0","chng":"NC","rawSigmet":"WSPR31 SPIM 092300\nSPIM SIGMET 10 VALID 092300/100200 SPJC-\nSPIM LIMA FIR EMBD TS OBS AT 2240Z E OF LINE S0517 W07302 -\nS0356 W07327 - S0227 W07604 - S0108 W07517\nTOP FL500 STNR NC="},"geometry":{"type":"Polygon","coordinates":[[[-72.965,-5.503],[-72.745,-5.081],[-71.749,-4.49],[-70.933,-4.389],[-70.774,-4.192],[-70.358,-4.167],[-70.013,-4.355],[-69.944,-4.239],[-70.257,-3.81],[-70.735,-3.771],[-70.1,-2.716],[-70.864,-2.296],[-71.374,-2.393],[-71.771,-2.181],[-72.207,-2.432],[-73.054,-2.345],[-73.526,-1.435],[-74.73,-0.315],[-74.779,-0.285],[-75.283,-1.133],[-76.067,-2.45],[-73.45,-3.933],[-73.033,-5.283],[-72.965,-5.503]]]}},{"type":"Feature","properties":{"icaoId":"DAAA","firId":"DAAA","firName":"DAAA ALGER","seriesId":"11","hazard":"TURB","qualifier":"SEV","validTimeFrom":"2026-10-09T23:00:00.000Z","validTimeTo":"2026-10-10T03:00:00.000Z","base":18000,"top":38000,"dir":"-","spd":"0","chng":"NC","rawSigmet":"WSAL31 DAAA 092240\nDAAA SIGMET 11 VALID 092300/100300 DAMM-\nDAAA ALGER FIR SEV TURB FCST WI N3438 W00154 - N3539 E00815 - N3409\nE00738 - N2930 E00941 - N2751 W00308 - N3200 W00246 - N3213 W00112 -\nN3438 W00154 FL180/380 STNR NC="},"geometry":{"type":"Polygon","coordinates":[[[-1.9,34.633],[8.25,35.65],[7.633,34.15],[9.683,29.5],[-3.133,27.85],[-2.767,32],[-1.2,32.217],[-1.9,34.633]]]}},{"type":"Feature","properties":{"icaoId":"UTAA","firId":"UTAA","firName":"UTAA AHGABAT","seriesId":"1","hazard":"TS","qualifier":null,"validTimeFrom":"2026-10-09T23:00:00.000Z","validTimeTo":"2026-10-10T03:00:00.000Z","top":34000,"dir":"NE","spd":"20","chng":"NC","rawSigmet":"WSTR31 UTAA 092254\nUTAA SIGMET 1 VALID 092300/100300 UTAA-\nUTAA AHGABAT FIR OBSC TS OBS AND FCST ENTIRE FIR TOP FL340 MOV NE\n20KT NC="},"geometry":{"type":"Polygon","coordinates":[[[60.258,40.413],[57.649,40.27],[56.977,40.029],[56.566,39.321],[56.525,38.288],[57.218,38.259],[57.466,37.967],[57.967,37.869],[58.38,37.629],[58.854,37.713],[59.388,37.519],[59.468,37.213],[60.017,37.045],[60.362,36.645],[61.143,36.638],[61.277,35.584],[61.604,36.66],[61.981,37.467],[61.468,38.525],[60.312,39.909],[60.258,40.413]]]}},{"type":"Feature","properties":{"icaoId":"ORBI","firId":"ORBB","firName":"ORBB BAGHDAD","seriesId":"S4","hazard":"TS","qualifier":"EMBD","validTimeFrom":"2026-10-09T23:00:00.000Z","validTimeTo":"2026-10-10T03:00:00.000Z","dir":null,"spd":null,"chng":null,"rawSigmet":"WSIQ01 ORBI 092300\nORBB SIGMET S4 VALID 092300/100300 ORBI?\nORBB BAGHDAD FIR/UIR EMBD TS OBS W OF LINE N3036 E04244 - N3559 E0452\n0 MOV NE 10KT NC="},"geometry":{"type":"Polygon","coordinates":[[[42.798,37.366],[42.566,37.166],[42.355,37.103],[41.908,36.65],[41.284,36.456],[41.378,35.791],[41.224,34.791],[40.953,34.408],[38.806,33.345],[39.085,32.491],[38.982,32.457],[39.034,32.321],[39.27,32.36],[39.301,32.253],[39.203,32.15],[40.397,31.941],[41.468,31.336],[42.093,31.14],[44.759,29.182],[46.594,29.109],[47.149,30.009],[47.414,30.085],[47.745,30.104],[48.463,29.836],[48.721,29.867],[48.466,29.979],[48.014,30.542],[47.998,30.948],[47.685,31.055],[47.677,31.398],[47.871,31.808],[47.366,32.459],[47.149,32.463],[46.475,32.916],[46.118,33.025],[46.192,33.218],[45.443,33.975],[45.549,34.166],[45.5,34.559],[45.718,34.552],[45.693,34.777],[45.915,35.032],[46.145,35.164],[46.001,35.621],[46.294,35.796],[45.761,35.829],[45.404,36.006],[45.251,36.405],[45.03,36.505],[45.063,36.691],[44.867,36.809],[44.916,37.004],[44.746,37.151],[44.656,37.178],[44.293,36.971],[44.185,37.082],[44.273,37.229],[44.068,37.324],[43.848,37.198],[42.798,37.366]]]}},{"type":"Feature","properties":{"icaoId":"SGAS","firId":"SGFA","firName":"SGFA ASUNCION","seriesId":"08","hazard":"TS","qualifier":"EMBD","validTimeFrom":"2026-10-09T23:10:00.000Z","validTimeTo":"2026-10-10T02:15:00.000Z","top":39000,"dir":"ESE","spd":"5","chng":"INTSF","rawSigmet":"WSPY31 SGAS 092310\nSGFA SIGMET 08 VALID 092310/100215 SGAS-\nSGFA ASUNCION FIR EMBD TS OBS AT 2305Z E OF LINE S1932 W05850 - S2417\n W05934 - S2523 W05738 - S2636 W05757  FL390 MOV ESE 05KT INTSF="},"geometry":{"type":"Polygon","coordinates":[[[-58.615,-24.825],[-57.834,-25.12],[-57.673,-25.361],[-57.633,-25.383],[-57.64,-25.41],[-57.577,-25.505],[-57.704,-25.655],[-57.633,-25.383],[-58.615,-24.825]]]}},{"type":"Feature","properties":{"icaoId":"WAAA","firId":"WAAF","firName":"WAAF UJUNG PANDANG","seriesId":"15","hazard":"VA","qualifier":"ERUPTION MT LEWOTOLOK","validTimeFrom":"2026-10-09T23:10:00.000Z","validTimeTo":"2026-10-10T05:10:00.000Z","base":0,"top":7000,"dir":"N","spd":"5","chng":"NC","rawSigmet":"WVID21 WAAA 092310\nWAAF SIGMET 15 VALID 092310/100510 WAAA-\nWAAF UJUNG PANDANG  FIR VA\nERUPTION MT LEWOTOLOK PSN S0816 E12330 VA CLD OBS AT 2250Z WI S0819\nE12328 - S0810 E12321 - S0801 E12324 - S0801 E12335 - S0819 E12332 -\nS0819 E12328 SFC/FL070 MOV N 05KT NC="},"geometry":{"type":"Polygon","coordinates":[[[123.467,-8.317],[123.35,-8.167],[123.4,-8.017],[123.583,-8.017],[123.533,-8.317],[123.467,-8.317]]]}},{"type":"Feature","properties":{"icaoId":"VNKT","firId":"VNSM","firName":"VNSM KATHMANDU","seriesId":"06","hazard":"TS","qualifier":"EMBD","validTimeFrom":"2026-10-09T23:11:00.000Z","validTimeTo":"2026-10-10T03:11:00.000Z","top":26000,"dir":"ESE","spd":"15","chng":"INTSF","rawSigmet":"WSNP31 VNKT 092311\nVNSM SIGMET 06 VALID 092311/100311 VNKT-\nVNSM KATHMANDU FIR EMBD TS OBS AT 2250Z E OF E08442 TOP FL260 MOV\n ESE\n15KT INTSF="},"geometry":{"type":"Polygon","coordinates":[[[84.7,27.031],[85.291,26.759],[85.629,26.859],[85.723,26.806],[85.737,26.659],[85.86,26.562],[86.096,26.651],[86.432,26.587],[86.768,26.419],[87.033,26.577],[87.156,26.393],[88.017,26.397],[88.172,26.722],[88.024,27.103],[88.144,27.88],[87.47,27.808],[86.708,28.134],[86.005,27.971],[85.705,28.365],[85.161,28.359],[85.247,28.667],[84.7,28.737],[84.7,27.031]]]}},{"type":"Feature","properties":{"icaoId":"MMMX","firId":"MMEX","firName":"MMFR MEXICO","seriesId":"B6","hazard":"TS","qualifier":"OCNL","validTimeFrom":"2026-10-09T23:11:00.000Z","validTimeTo":"2026-10-10T03:11:00.000Z","top":48000,"dir":"NE","spd":"5","chng":"INTSF","rawSigmet":"WSMX31 MMMX 092313\nMMEX SIGMET B6 VALID 092311/100311 MMMX-\nMMFR MEXICO FIR OCNL TS OBS\n AT 2311Z\nWI N1856W10445 - N1912W10418 - N2026W10522 - N2110W10428 - N2017W10348\n         - N2026W10222 - N2008W10132 - N1936W10155 - N1903W10111 - N1632W10021\n         - N1701W10212 - N1738W10239 - N1803W10300 - N1825W10319 - N1843W10401\n         - N1850W10459 CB TOP FL480\nMOV NE 05KT INTSF.\n="},"geometry":{"type":"Polygon","coordinates":[[[-104.75,18.933],[-104.3,19.2],[-105.367,20.433],[-104.467,21.167],[-103.8,20.283],[-102.367,20.433],[-101.533,20.133],[-101.917,19.6],[-101.183,19.05],[-100.35,16.533],[-102.2,17.017],[-102.65,17.633],[-103,18.05],[-103.317,18.417],[-104.017,18.717],[-104.983,18.833]]]}},{"type":"Feature","properties":{"icaoId":"SEQU","firId":"SEFG","firName":"SEFG GUAYAQUIL","seriesId":"A1","hazard":"VA","qualifier":"ERUPTION MT SANGAY","validTimeFrom":"2026-10-09T23:14:00.000Z","validTimeTo":"2026-10-10T05:14:00.000Z","base":0,"top":19500,"dir":"SW","spd":"5","chng":null,"rawSigmet":"WVEQ31 SEQU 092314\nSEFG SIGMET A1 VALID 092314/100514 SEGU-\nSEFG GUAYAQUIL FIR VA ERUPTION MT SANGAY PSN S0200 W07820\nVA CLD OBS AT 2240Z WI S0200 W07820 - S0201 W07820 - S0202 W07823 -\nS0200 W07824 - S0200 W07820 SFC/FL195 MOV SW 5KT\nFCST AT 0430Z WI S0159 W07820 - S0201 W07820 - S0205 W07836 - S0202\nW07837 - S0159 W07820="},"geometry":{"type":"Polygon","coordinates":[[[-78.333,-2],[-78.333,-2.017],[-78.383,-2.033],[-78.4,-2],[-78.333,-2]]]}},{"type":"Feature","properties":{"icaoId":"SEQU","firId":"SEFG","firName":"SEFG GUAYAQUIL","seriesId":"A1F","hazard":"VA","qualifier":"ERUPTION MT SANGAY","validTimeFrom":"2026-10-09T23:14:00.000Z","validTimeTo":"2026-10-10T05:14:00.000Z","base":0,"top":19500,"dir":"SW","spd":"5","chng":null,"rawSigmet":"WVEQ31 SEQU 092314\nSEFG SIGMET A1 VALID 092314/100514 SEGU-\nSEFG GUAYAQUIL FIR VA ERUPTION MT SANGAY PSN S0200 W07820\nVA CLD OBS AT 2240Z WI S0200 W07820 - S0201 W07820 - S0202 W07823 -\nS0200 W07824 - S0200 W07820 SFC/FL195 MOV SW 5KT\nFCST AT 0430Z WI S0159 W07820 - S0201 W07820 - S0205 W07836 - S0202\nW07837 - S0159 W07820="},"geometry":{"type":"Polygon","coordinates":[[[-78.333,-1.983],[-78.333,-2.017],[-78.6,-2.083],[-78.617,-2.033],[-78.333,-1.983]]]}},{"type":"Feature","properties":{"icaoId":"UDYZ","firId":"UDDD","firName":"UDDD YEREVAN","seriesId":"3","hazard":"TS","qualifier":null,"validTimeFrom":"2026-10-09T23:15:00.000Z","validTimeTo":"2026-10-10T02:00:00.000Z","top":34000,"dir":"-","spd":"0","chng":"NC","rawSigmet":"WSAY31 UDYZ 092302\nUDDD SIGMET 3 VALID 092315/100200 UDYZ-\nUDDD YEREVAN FIR OBSC TS FCST ENTIRE FIR TOP FL340\nSTNR NC="},"geometry":{"type":"Polygon","coordinates":[[[44.986,41.269],[43.463,41.123],[43.482,41.011],[43.665,40.957],[43.755,40.683],[43.558,40.468],[43.696,40.084],[43.925,40.017],[44.349,40.048],[44.773,39.703],[45.087,39.778],[45.199,39.592],[45.473,39.523],[45.753,39.637],[45.797,39.381],[45.974,39.299],[46.159,38.85],[46.313,38.927],[46.521,38.866],[46.468,39.127],[46.588,39.219],[46.394,39.399],[46.534,39.531],[46.196,39.591],[45.614,40.02],[45.834,40.007],[45.974,40.237],[45.495,40.456],[45.359,40.669],[45.58,40.839],[44.986,41.269]]]}},{"type":"Feature","properties":{"icaoId":"TFFF","firId":"SOOO","firName":"SOOO CAYENNE","seriesId":"05","hazard":"ICE","qualifier":"SEV","validTimeFrom":"2026-10-09T23:15:00.000Z","validTimeTo":"2026-10-10T02:00:00.000Z","base":17500,"top":19500,"dir":"SW","spd":"5","chng":"WKN","rawSigmet":"WSFG20 TFFF 092317\nSOOO SIGMET 05 VALID 092315/100200 TFFF-\nSOOO CAYENNE FIR/UIR SEV ICE FCST WI N0445 W05130 - N0700 W05315 -\nN0800 W04845 - N0545 W04730 - N0445 W05130 FL175/195 MOV SW 05KT WKN="},"geometry":{"type":"Polygon","coordinates":[[[-51.5,4.75],[-53.25,7],[-48.75,8],[-47.5,5.75],[-51.5,4.75]]]}},{"type":"Feature","properties":{"icaoId":"TFFF","firId":"SOOO","firName":"SOOO CAYENNE","seriesId":"06","hazard":"TS","qualifier":"FRQ","validTimeFrom":"2026-10-09T23:15:00.000Z","validTimeTo":"2026-10-10T02:00:00.000Z","top":42000,"dir":"-","spd":"0","chng":"NC","rawSigmet":"WSFG20 TFFF 092318\nSOOO SIGMET 06 VALID 092315/100200 TFFF-\nSOOO CAYENNE FIR/UIR FRQ TS OBS WI N0830 W04315 - N1100 W04445 -\nN1330 W03730 - N1030 W03615 - N0830 W04000 - N0830 W04315 TOP FL420\nSTNR NC="},"geometry":{"type":"Polygon","coordinates":[[[-43.25,8.5],[-44.75,11],[-37.5,13.5],[-36.25,10.5],[-40,8.5],[-43.25,8.5]]]}},{"type":"Feature","properties":{"icaoId":"GMMC","firId":"GMMM","firName":"GMMM CASABLANCA","seriesId":"U02","hazard":"TURB","qualifier":"SEV","validTimeFrom":"2026-10-09T23:15:00.000Z","validTimeTo":"2026-10-10T03:15:00.000Z","base":22000,"top":40000,"dir":"E","spd":"0","chng":"NC","rawSigmet":"WSMC31 GMMC 092315\nGMMM SIGMET U02 VALID 092315/100315 GMMC-\nGMMM CASABLANCA FIR\nSEV TURB FCST E OF LINE N3335 W00140 - N3115 W00400 FL220/400 MOV E\nNC="},"geometry":{"type":"Polygon","coordinates":[[[-4.14,31.11],[-3.771,31.3],[-2.702,31.789],[-2.912,32.018],[-2.891,32.119],[-2.003,32.166],[-1.167,32.063],[-1.145,32.131],[-1.233,32.171],[-1.201,32.376],[-0.994,32.508],[-1.358,32.713],[-1.548,32.957],[-1.493,33.028],[-1.657,33.305],[-1.605,33.603],[-1.629,33.621],[-1.667,33.583],[-4,31.25],[-4.14,31.11]]]}},{"type":"Feature","properties":{"icaoId":"SKBO","firId":"SKED","firName":"SKED BOGOTA","seriesId":"F1","hazard":"TS","qualifier":"FRQ","validTimeFrom":"2026-10-09T23:15:00.000Z","validTimeTo":"2026-10-10T03:15:00.000Z","top":36000,"dir":"NW","spd":"5","chng":"INTSF","rawSigmet":"WSCO31 SKBO 092308\nSKED SIGMET F1 VALID 092315/100315 SKBO-\nSKED BOGOTA FIR FRQ TS OBS AT 2310Z WI N0704 W07736 - N0726 W07523 - N0142 W07452 - N0159 W07914 - N0704 W07736 TOP ABV FL360 MOV NW 05KT INTSF="},"geometry":{"type":"Polygon","coordinates":[[[-77.6,7.067],[-75.383,7.433],[-74.867,1.7],[-79.233,1.983],[-77.6,7.067]]]}},{"type":"Feature","properties":{"icaoId":"LPMG","firId":"LPPO","firName":"LPPO SANTA MARIA OCEANIC","seriesId":"T02","hazard":"TS","qualifier":"EMBD","validTimeFrom":"2026-10-09T23:15:00.000Z","validTimeTo":"2026-10-10T03:15:00.000Z","top":40000,"dir":"ENE","spd":"20","chng":"NC","rawSigmet":"WSAZ31 LPMG 092315\nLPPO SIGMET T02 VALID 092315/100315 LPPT-\nLPPO SANTA MARIA OCEANIC FIR EMBD TS FCST NW OF LINE N4131 W040 - N45 W03231 TOP FL400 MOV ENE 20KT NC="},"geometry":{"type":"Polygon","coordinates":[[[-35.017,45.022],[-40.025,45.01],[-40.013,41.511],[-40,41.517],[-32.517,45],[-32.478,45.018],[-35.017,45.022]]]}},{"type":"Feature","properties":{"icaoId":"LPMG","firId":"LPPO","firName":"LPPO SANTA MARIA OCEANIC","seriesId":"T02","hazard":"TS","qualifier":"EMBD","validTimeFrom":"2026-10-09T23:15:00.000Z","validTimeTo":"2026-10-10T03:15:00.000Z","top":40000,"dir":"ENE","spd":"20","chng":"NC","rawSigmet":"WSAZ31 LPMG 092315\nLPPO SIGMET T02 VALID 092315/100315 LPPT-\nLPPO SANTA MARIA OCEANIC FIR EMBD TS FCST NW OF LINE N4131 W040 - N45\n W03231 TOP FL400 MOV ENE 20KT NC="},"geometry":{"type":"Polygon","coordinates":[[[-35.017,45.022],[-40.025,45.01],[-40.013,41.511],[-40,41.517],[-32.517,45],[-32.478,45.018],[-35.017,45.022]]]}},{"type":"Feature","properties":{"icaoId":"VCBI","firId":"VCCF","firName":"VCCF COLOMBO","seriesId":"B05","hazard":"TS","qualifier":"EMBD","validTimeFrom":"2026-10-09T23:15:00.000Z","validTimeTo":"2026-10-10T03:15:00.000Z","top":49000,"dir":"-","spd":"0","chng":"NC","rawSigmet":"WSSB31 VCBI 092315\nVCCF SIGMET B05 VALID 092315/100315 VCBI-\nVCCF COLOMBO FIR EMBD TS OBS WI\nN0611 E07805 - N0653 E07826 -\nN0727 E07846 - N0511 E07926 -\nN0507 E07803 - N0611 E07805 TOP FL490 STNR NC="},"geometry":{"type":"Polygon","coordinates":[[[78.083,6.183],[78.433,6.883],[78.767,7.45],[79.433,5.183],[78.05,5.117],[78.083,6.183]]]}},{"type":"Feature","properties":{"icaoId":"NZKL","firId":"NZZO","firName":"NZZO AUCKLAND OCEANIC","seriesId":"17","hazard":"TURB","qualifier":"SEV","validTimeFrom":"2026-10-09T23:17:00.000Z","validTimeTo":"2026-10-10T03:17:00.000Z","base":24000,"top":31000,"dir":"NE","spd":"20","chng":"NC","rawSigmet":"WSPS21 NZKL 092313\nNZZO SIGMET 17 VALID 092317/100317 NZKL-\nNZZO AUCKLAND OCEANIC FIR SEV TURB FCST WI S6530 W15210 - S5730\nW15100 - S4900 W14840 - S5010 W14630 - S5440 W14820 - S6510 W15000 -\nS6530 W15210 FL240/310 MOV NE 20KT NC="},"geometry":{"type":"Polygon","coordinates":[[[-152.167,-65.5],[-151,-57.5],[-148.667,-49],[-146.5,-50.167],[-148.333,-54.667],[-150,-65.167],[-152.167,-65.5]]]}},{"type":"Feature","properties":{"icaoId":"OIII","firId":"OIIX","firName":"OIIX TEHRAN","seriesId":"20","hazard":"TS","qualifier":"EMBD","validTimeFrom":"2026-10-09T23:23:00.000Z","validTimeTo":"2026-10-10T02:30:00.000Z","top":32000,"dir":"ENE","spd":"0","chng":"NC","rawSigmet":"WSIR31 OIII 092323\nOIIX SIGMET 20 VALID 092323/100230 OIII-\nOIIX TEHRAN FIR\nEMBD TS OBS/FCST WI N3721 E05449 - N3830 E05617 -\n N3757 E05841 - N3636 E05745 - N3625 E05607 -\nN3721 E05449 TOP ABV FL320 MOV ENE NC="},"geometry":{"type":"Polygon","coordinates":[[[54.817,37.35],[56.283,38.5],[58.683,37.95],[57.75,36.6],[56.117,36.417],[54.817,37.35]]]}},{"type":"Feature","properties":{"icaoId":"CWAO","firId":"CZEG","firName":"CZEG EDMONTON","seriesId":"E5","hazard":"TURB","qualifier":"SEV MTW","validTimeFrom":"2026-10-09T23:25:00.000Z","validTimeTo":"2026-10-10T03:25:00.000Z","base":0,"top":12000,"dir":"-","spd":"0","chng":"NC","rawSigmet":"WSCN02 CWAO 092328\nCZEG SIGMET E5 VALID 092325/100325 CWEG-\nCZEG EDMONTON FIR SEV MTW FCST WI 40NM WID LINE BTN N4902 W11349 - N4929 W11349\n- N5033 W11434 SFC/FL120 STNR NC="},"geometry":{"type":"Polygon","coordinates":[[[-113.308,49.033],[-114.325,49.033],[-114.325,49.41],[-115.028,50.41],[-114.105,50.69],[-113.308,49.556],[-113.308,49.033]]]}},{"type":"Feature","properties":{"icaoId":"YMMC","firId":"YBBB","firName":"YBBB BRISBANE","seriesId":"O10","hazard":"TURB","qualifier":"SEV","validTimeFrom":"2026-10-09T23:27:00.000Z","validTimeTo":"2026-10-10T03:27:00.000Z","base":24000,"top":30000,"dir":"E","spd":"20","chng":"INTSF","rawSigmet":"WSAU21 YMMC 092304\nYBBB SIGMET O10 VALID 092327/100327 YMMC-\nYBBB BRISBANE FIR SEV TURB FCST WI S4630 E15850 - S3950 E15850 -\nS3540 E16300 - S4500 E16300 FL240/300 MOV E 20KT INTSF="},"geometry":{"type":"Polygon","coordinates":[[[158.833,-46.5],[158.833,-39.833],[163,-35.667],[163,-45]]]}},{"type":"Feature","properties":{"icaoId":"YMMC","firId":"YMMM","firName":"YMMM MELBOURNE","seriesId":"T02","hazard":"TURB","qualifier":"SEV","validTimeFrom":"2026-10-09T23:27:00.000Z","validTimeTo":"2026-10-10T03:27:00.000Z","base":24000,"top":30000,"dir":"E","spd":"20","chng":"INTSF","rawSigmet":"WSAU21 YMMC 092305\nYMMM SIGMET T02 VALID 092327/100327 YMMC-\nYMMM MELBOURNE FIR SEV TURB FCST WI S4630 E15850 - S3950 E15850 -\nS3540 E16300 - S4500 E16300 FL240/300 MOV E 20KT INTSF="},"geometry":{"type":"Polygon","coordinates":[[[158.833,-46.5],[158.833,-39.833],[163,-35.667],[163,-45]]]}},{"type":"Feature","properties":{"icaoId":"NZKL","firId":"NZZO","firName":"NZZO AUCKLAND OCEANIC","seriesId":"19","hazard":"TURB","qualifier":"SEV","validTimeFrom":"2026-10-09T23:28:00.000Z","validTimeTo":"2026-10-10T03:28:00.000Z","base":25000,"top":36000,"dir":"-","spd":"0","chng":"NC","rawSigmet":"WSPS21 NZKL 092326\nNZZO SIGMET 19 VALID 092328/100328 NZKL-\nNZZO AUCKLAND OCEANIC FIR SEV TURB FCST WI S2630 W17920 - S2530\nW16730 - S2320 W15700 - S2510 W15700 - S2730 W16700 - S2830 E17700 -\nS2630 W17920 FL250/360 STNR NC="},"geometry":{"type":"Polygon","coordinates":[[[-179.333,-26.5],[-167.5,-25.5],[-157,-23.333],[-157,-25.167],[-167,-27.5],[-183,-28.5],[-179.333,-26.5]]]}},{"type":"Feature","properties":{"icaoId":"YMMC","firId":"YMMM","firName":"YMMM MELBOURNE","seriesId":"R04","hazard":"TURB","qualifier":"SEV","validTimeFrom":"2026-10-09T23:29:00.000Z","validTimeTo":"2026-10-10T03:29:00.000Z","base":14000,"top":26000,"dir":"ENE","spd":"40","chng":"INTSF","rawSigmet":"WSAU21 YMMC 092307\nYMMM SIGMET R04 VALID 092329/100329 YMMC-\nYMMM MELBOURNE FIR SEV TURB FCST WI S4250 E09840 - S3830 E09950 -\nS4210 E13120 - S4730 E13120 - S4330 E10420 - S5000 E10430 - S5000\nE10050 FL140/260 MOV ENE 40KT INTSF="},"geometry":{"type":"Polygon","coordinates":[[[98.667,-42.833],[99.833,-38.5],[131.333,-42.167],[131.333,-47.5],[104.333,-43.5],[104.5,-50],[100.833,-50]]]}},{"type":"Feature","properties":{"icaoId":"SAME","firId":"SAMF","firName":"SAMF MENDOZA","seriesId":"5","hazard":"ICE","qualifier":"SEV","validTimeFrom":"2026-10-09T23:29:00.000Z","validTimeTo":"2026-10-10T03:29:00.000Z","base":7000,"top":14000,"dir":"-","spd":"0","chng":"NC","rawSigmet":"WSAG31 SAME 092329\nSAMF SIGMET 5 VALID 092329/100329 SAME-\nSAMF MENDOZA FIR SEV ICE OBS AT 2329Z\nWI S2829 W06939 - S2916 W07001 - S3003 W06945 - S3115 W07029 - S3316\nW06949 - S3401 W06949 - S3513 W07029 - S3600 W07026 - S3637 W07108 - \nS3739 W07109 - S3823 W07058 - S3545 W06446 - S3325 W06430 - S3204 \nW06507 - S3300 W06554 - S3052 W06713 - S2829 W06939 FL070/140 STNR \nNC="},"geometry":{"type":"Polygon","coordinates":[[[-69.65,-28.483],[-70.017,-29.267],[-69.75,-30.05],[-70.483,-31.25],[-69.817,-33.267],[-69.817,-34.017],[-70.483,-35.217],[-70.433,-36],[-71.133,-36.617],[-71.15,-37.65],[-70.967,-38.383],[-64.767,-35.75],[-64.5,-33.417],[-65.117,-32.067],[-65.9,-33],[-67.217,-30.867],[-69.65,-28.483]]]}},{"type":"Feature","properties":{"icaoId":"SPIM","firId":"SPIM","firName":"SPIM LIMA","seriesId":"B10","hazard":"TS","qualifier":"EMBD","validTimeFrom":"2026-10-09T23:30:00.000Z","validTimeTo":"2026-10-10T02:30:00.000Z","top":50000,"dir":"NE","spd":"0","chng":"WKN","rawSigmet":"WSPR31 SPIM 092328\nSPIM SIGMET B10 VALID 092330/100230 SPJC-\nSPIM LIMA FIR EMBD TS OBS AT 2310Z WI S0703 W07347 -\nS0626 W07445 - S0643 W07618 - S0455 W07745 - S0408 W07723 -\nS0416 W07354 - S0544 W07301 - S0703 W07347\nTOP FL500 MOV NE WKN="},"geometry":{"type":"Polygon","coordinates":[[[-73.783,-7.05],[-74.75,-6.433],[-76.3,-6.717],[-77.75,-4.917],[-77.383,-4.133],[-73.9,-4.267],[-73.017,-5.733],[-73.783,-7.05]]]}},{"type":"Feature","properties":{"icaoId":"YMMC","firId":"YBBB","firName":"YBBB BRISBANE","seriesId":"V05","hazard":"ICE","qualifier":"SEV","validTimeFrom":"2026-10-09T23:30:00.000Z","validTimeTo":"2026-10-10T03:30:00.000Z","base":10000,"top":22000,"dir":"E","spd":"30","chng":"NC","rawSigmet":"WSAU21 YMMC 092315\nYBBB SIGMET V05 VALID 092330/100330 YMMC-\nYBBB BRISBANE FIR SEV ICE FCST WI S2240 E14540 - S2320 E14910 -\nS2800 E15330 - S3250 E15500 - S4050 E15330 - S3850 E14930 - S3300\nE15130 - S2800 E15010 10000FT/FL220 MOV E 30KT NC="},"geometry":{"type":"Polygon","coordinates":[[[145.667,-22.667],[149.167,-23.333],[153.5,-28],[155,-32.833],[153.5,-40.833],[149.5,-38.833],[151.5,-33],[150.167,-28]]]}},{"type":"Feature","properties":{"icaoId":"YMMC","firId":"YMMM","firName":"YMMM MELBOURNE","seriesId":"P05","hazard":"ICE","qualifier":"SEV","validTimeFrom":"2026-10-09T23:30:00.000Z","validTimeTo":"2026-10-10T03:30:00.000Z","base":10000,"top":22000,"dir":"E","spd":"30","chng":"NC","rawSigmet":"WSAU21 YMMC 092315\nYMMM SIGMET P05 VALID 092330/100330 YMMC-\nYMMM MELBOURNE FIR SEV ICE FCST WI S2240 E14540 - S2320 E14910 -\nS2800 E15330 - S3250 E15500 - S4050 E15330 - S3850 E14930 - S3300\nE15130 - S2800 E15010 10000FT/FL220 MOV E 30KT NC="},"geometry":{"type":"Polygon","coordinates":[[[145.667,-22.667],[149.167,-23.333],[153.5,-28],[155,-32.833],[153.5,-40.833],[149.5,-38.833],[151.5,-33],[150.167,-28]]]}},{"type":"Feature","properties":{"icaoId":"SBGL","firId":"SBAO","firName":"SBAO ATLANTICO","seriesId":"14","hazard":"ICE","qualifier":"SEV","validTimeFrom":"2026-10-09T23:30:00.000Z","validTimeTo":"2026-10-10T03:30:00.000Z","base":13000,"top":18000,"dir":"-","spd":"0","chng":"NC","rawSigmet":"WSBZ23 SBGL 092325\nSBAO SIGMET 14 VALID 092330/100330 SBAO - SBAO ATLANTICO FIR SEV ICE FCST WI S3530 W03644 - S3536 W03502 - S3542 W02854 - S3537 W02638 - S3253 W02630 - S3059 W02823 - S3117 W03250 - S3244 W03605 - S3530 W03644 FL130/180 STNR NC="},"geometry":{"type":"Polygon","coordinates":[[[-36.733,-35.5],[-35.033,-35.6],[-28.9,-35.7],[-26.633,-35.617],[-26.5,-32.883],[-28.383,-30.983],[-32.833,-31.283],[-36.083,-32.733],[-36.733,-35.5]]]}},{"type":"Feature","properties":{"icaoId":"SBGL","firId":"SBAO","firName":"SBAO ATLANTICO","seriesId":"13","hazard":"TURB","qualifier":"SEV","validTimeFrom":"2026-10-09T23:30:00.000Z","validTimeTo":"2026-10-10T03:30:00.000Z","base":17000,"top":45000,"dir":"-","spd":"0","chng":"NC","rawSigmet":"WSBZ23 SBGL 092325\nSBAO SIGMET 13 VALID 092330/100330 SBAO - SBAO ATLANTICO FIR SEV TURB FCST WI S3400 W05024 - S3441 W04557 - S3515 W04051 - S3536 W03502 - S3542 W02854 - S3531 W02341 - S3509 W01929 - S2802 W01502 - S2238 W01213 - S1939 W02418 - S2642 W03001 - S2748 W03711 - S2706 W04402 - S2930 W04601 - S3400 W05024 FL170/450 STNR NC="},"geometry":{"type":"Polygon","coordinates":[[[-50.4,-34],[-45.95,-34.683],[-40.85,-35.25],[-35.033,-35.6],[-28.9,-35.7],[-23.683,-35.517],[-19.483,-35.15],[-15.033,-28.033],[-12.217,-22.633],[-24.3,-19.65],[-30.017,-26.7],[-37.183,-27.8],[-44.033,-27.1],[-46.017,-29.5],[-50.4,-34]]]}},{"type":"Feature","properties":{"icaoId":"SBGL","firId":"SBAO","firName":"SBAO ATLANTICO","seriesId":"15","hazard":"ICE","qualifier":"SEV","validTimeFrom":"2026-10-09T23:30:00.000Z","validTimeTo":"2026-10-10T03:30:00.000Z","base":14000,"top":24000,"dir":"-","spd":"0","chng":"NC","rawSigmet":"WSBZ23 SBGL 092325\nSBAO SIGMET 15 VALID 092330/100330 SBAO - SBAO ATLANTICO FIR SEV ICE FCST WI S3207 W04834 - S3309 W04643 - S3120 W04350 - S2816 W04348 - S2750 W04438 - S2930 W04601 - S3207 W04834 FL140/240 STNR NC="},"geometry":{"type":"Polygon","coordinates":[[[-48.567,-32.117],[-46.717,-33.15],[-43.833,-31.333],[-43.8,-28.267],[-44.633,-27.833],[-46.017,-29.5],[-48.567,-32.117]]]}},{"type":"Feature","properties":{"icaoId":"SBGL","firId":"SBCW","firName":"SBCW CURITIBA","seriesId":"45","hazard":"ICE","qualifier":"SEV","validTimeFrom":"2026-10-09T23:30:00.000Z","validTimeTo":"2026-10-10T03:30:00.000Z","base":14000,"top":24000,"dir":"-","spd":"0","chng":"NC","rawSigmet":"WSBZ23 SBGL 092325\nSBCW SIGMET 45 VALID 092330/100330 SBCW - SBCW CURITIBA FIR SEV ICE FCST WI S2547 W05306 - S2744 W05251 - S3122 W05037 - S3211 W04838 - S2930 W04601 - S2749 W04438 - S2610 W04734 - S2607 W04815 - S2620 W04858 - S2516 W05051 - S2547 W05306 FL140/240 STNR NC="},"geometry":{"type":"Polygon","coordinates":[[[-53.1,-25.783],[-52.85,-27.733],[-50.617,-31.367],[-48.633,-32.183],[-46.017,-29.5],[-44.633,-27.817],[-47.567,-26.167],[-48.25,-26.117],[-48.967,-26.333],[-50.85,-25.267],[-53.1,-25.783]]]}},{"type":"Feature","properties":{"icaoId":"SBGL","firId":"SBCW","firName":"SBCW CURITIBA","seriesId":"46","hazard":"TS","qualifier":"EMBD","validTimeFrom":"2026-10-09T23:30:00.000Z","validTimeTo":"2026-10-10T03:30:00.000Z","top":48000,"dir":"-","spd":"0","chng":"NC","rawSigmet":"WSBZ23 SBGL 092325\nSBCW SIGMET 46 VALID 092330/100330 SBCW - SBCW CURITIBA FIR EMBD TS FCST WI S3010 W05737 - S3148 W05416 - S3122 W05204 - S2915 W05247 - S2846 W05618 - S3010 W05737 TOP FL480 STNR NC="},"geometry":{"type":"Polygon","coordinates":[[[-57.617,-30.167],[-54.267,-31.8],[-52.067,-31.367],[-52.783,-29.25],[-56.3,-28.767],[-57.617,-30.167]]]}},{"type":"Feature","properties":{"icaoId":"SBGL","firId":"SBCW","firName":"SBCW CURITIBA","seriesId":"48","hazard":"TS","qualifier":"EMBD","validTimeFrom":"2026-10-09T23:30:00.000Z","validTimeTo":"2026-10-10T03:30:00.000Z","top":48000,"dir":"-","spd":"0","chng":"NC","rawSigmet":"WSBZ23 SBGL 092325\nSBCW SIGMET 48 VALID 092330/100330 SBCW - SBCW CURITIBA FIR EMBD TS FCST WI S2522 W05040 - S2620 W04858 - S2607 W04815 - S2610 W04734 - S2619 W04718 - S2529 W04441 - S2319 W04150 - S2037 W04201 - S2025 W04245 - S2009 W04324 - S2032 W04358 - S2248 W04546 - S2314 W04552 - S2338 W04639 - S2307 W04734 - S2225 W04941 - S2324 W05017 - S2522 W05040 TOP FL480 STNR NC="},"geometry":{"type":"Polygon","coordinates":[[[-50.667,-25.367],[-48.967,-26.333],[-48.25,-26.117],[-47.567,-26.167],[-47.3,-26.317],[-44.683,-25.483],[-41.833,-23.317],[-42.017,-20.617],[-42.75,-20.417],[-43.4,-20.15],[-43.967,-20.533],[-45.767,-22.8],[-45.867,-23.233],[-46.65,-23.633],[-47.567,-23.117],[-49.683,-22.417],[-50.283,-23.4],[-50.667,-25.367]]]}},{"type":"Feature","properties":{"icaoId":"SBGL","firId":"SBCW","firName":"SBCW CURITIBA","seriesId":"47","hazard":"TS","qualifier":"EMBD","validTimeFrom":"2026-10-09T23:30:00.000Z","validTimeTo":"2026-10-10T03:30:00.000Z","top":48000,"dir":"-","spd":"0","chng":"NC","rawSigmet":"WSBZ23 SBGL 092325\nSBCW SIGMET 47 VALID 092330/100330 SBCW - SBCW CURITIBA FIR EMBD TS FCST WI S1945 W05808 - S2204 W05801 - S2221 W05549 - S2359 W05525 - S2349 W05440 - S2418 W05416 - S2532 W05438 - S2542 W05426 - S2537 W05405 - S2546 W05305 - S2545 W05259 - S2545 W05256 - S2541 W05240 - S2540 W05234 - S2536 W05227 - S2537 W05221 - S2532 W05203 - S2505 W05135 - S2308 W05321 - S2153 W05016 - S2020 W05127 - S1724 W05407 - S1734 W05441 - S1743 W05611 - S1750 W05743 - S1812 W05733 - S1945 W05808 TOP FL480 STNR NC="},"geometry":{"type":"Polygon","coordinates":[[[-58.133,-19.75],[-58.017,-22.067],[-55.817,-22.35],[-55.417,-23.983],[-54.667,-23.817],[-54.267,-24.3],[-54.633,-25.533],[-54.433,-25.7],[-54.083,-25.617],[-53.083,-25.767],[-52.983,-25.75],[-52.933,-25.75],[-52.667,-25.683],[-52.567,-25.667],[-52.45,-25.6],[-52.35,-25.617],[-52.05,-25.533],[-51.583,-25.083],[-53.35,-23.133],[-50.267,-21.883],[-51.45,-20.333],[-54.117,-17.4],[-54.683,-17.567],[-56.183,-17.717],[-57.717,-17.833],[-57.55,-18.2],[-58.133,-19.75]]]}},{"type":"Feature","properties":{"icaoId":"SBGL","firId":"SBBS","firName":"SBBS BRASILIA","seriesId":"15","hazard":"TS","qualifier":"EMBD","validTimeFrom":"2026-10-09T23:30:00.000Z","validTimeTo":"2026-10-10T03:30:00.000Z","top":48000,"dir":"-","spd":"0","chng":"NC","rawSigmet":"WSBZ23 SBGL 092325\nSBBS SIGMET 15 VALID 092330/100330 SBBS - SBBS BRASILIA FIR EMBD TS FCST WI S1724 W05407 - S2020 W05127 - S2117 W05044 - S2020 W04950 - S1703 W05231 - S1454 W05333 - S1643 W05306 - S1724 W05407 TOP FL480 STNR NC="},"geometry":{"type":"Polygon","coordinates":[[[-54.117,-17.4],[-51.45,-20.333],[-50.733,-21.283],[-49.833,-20.333],[-52.517,-17.05],[-53.55,-14.9],[-53.1,-16.717],[-54.117,-17.4]]]}},{"type":"Feature","properties":{"icaoId":"SBGL","firId":"SBBS","firName":"SBBS BRASILIA","seriesId":"16","hazard":"TS","qualifier":"EMBD","validTimeFrom":"2026-10-09T23:30:00.000Z","validTimeTo":"2026-10-10T03:30:00.000Z","top":48000,"dir":"-","spd":"0","chng":"NC","rawSigmet":"WSBZ23 SBGL 092325\nSBBS SIGMET 16 VALID 092330/100330 SBBS - SBBS BRASILIA FIR EMBD TS FCST WI S2223 W04946 - S2307 W04734 - S2338 W04639 - S2314 W04552 - S2248 W04546 - S2032 W04358 - S2009 W04324 - S1920 W04354 - S1805 W04621 - S1908 W04814 - S2223 W04946 TOP FL480 STNR NC="},"geometry":{"type":"Polygon","coordinates":[[[-49.767,-22.383],[-47.567,-23.117],[-46.65,-23.633],[-45.867,-23.233],[-45.767,-22.8],[-43.967,-20.533],[-43.4,-20.15],[-43.9,-19.333],[-46.35,-18.083],[-48.233,-19.133],[-49.767,-22.383]]]}},{"type":"Feature","properties":{"icaoId":"SBGL","firId":"SBAZ","firName":"SBAZ AMAZONICA","seriesId":"39","hazard":"TS","qualifier":"EMBD","validTimeFrom":"2026-10-09T23:30:00.000Z","validTimeTo":"2026-10-10T03:30:00.000Z","top":48000,"dir":"-","spd":"0","chng":"NC","rawSigmet":"WSBZ23 SBGL 092325\nSBAZ SIGMET 39 VALID 092330/100330 SBAZ - SBAZ AMAZONICA FIR EMBD TS FCST WI S0731 W07358 - S0925 W07313 - S1000 W07210 - S1001 W07116 - S0928 W07035 - S1104 W07038 - S1107 W06840 - S0955 W06631 - S0948 W06521 - S1057 W06523 - S0928 W06336 - S0943 W06158 - S0658 W06244 - S0314 W06633 - S0335 W06950 - S0415 W06957 - S0406 W07037 - S0501 W07246 - S0731 W07358 TOP FL480 STNR NC="},"geometry":{"type":"Polygon","coordinates":[[[-73.967,-7.517],[-73.217,-9.417],[-72.167,-10],[-71.267,-10.017],[-70.583,-9.467],[-70.633,-11.067],[-68.667,-11.117],[-66.517,-9.917],[-65.35,-9.8],[-65.383,-10.95],[-63.6,-9.467],[-61.967,-9.717],[-62.733,-6.967],[-66.55,-3.233],[-69.833,-3.583],[-69.95,-4.25],[-70.617,-4.1],[-72.767,-5.017],[-73.967,-7.517]]]}},{"type":"Feature","properties":{"icaoId":"SBGL","firId":"SBAZ","firName":"SBAZ AMAZONICA","seriesId":"40","hazard":"TS","qualifier":"EMBD","validTimeFrom":"2026-10-09T23:30:00.000Z","validTimeTo":"2026-10-10T03:30:00.000Z","top":48000,"dir":"-","spd":"0","chng":"NC","rawSigmet":"WSBZ23 SBGL 092325\nSBAZ SIGMET 40 VALID 092330/100330 SBAZ - SBAZ AMAZONICA FIR EMBD TS FCST WI S1225 W05657 - S1244 W05619 - S1221 W05309 - S1211 W05303 - S1110 W05151 - S0742 W05113 - S0704 W05138 - S1022 W05608 - S1225 W05657 TOP FL480 STNR NC="},"geometry":{"type":"Polygon","coordinates":[[[-56.95,-12.417],[-56.317,-12.733],[-53.15,-12.35],[-53.05,-12.183],[-51.85,-11.167],[-51.217,-7.7],[-51.633,-7.067],[-56.133,-10.367],[-56.95,-12.417]]]}},{"type":"Feature","properties":{"icaoId":"SBGL","firId":"SBAZ","firName":"SBAZ AMAZONICA","seriesId":"38","hazard":"TS","qualifier":"EMBD","validTimeFrom":"2026-10-09T23:30:00.000Z","validTimeTo":"2026-10-10T03:30:00.000Z","top":48000,"dir":"-","spd":"0","chng":"NC","rawSigmet":"WSBZ23 SBGL 092325\nSBAZ SIGMET 38 VALID 092330/100330 SBAZ - SBAZ AMAZONICA FIR EMBD TS FCST WI S1112 W06524 - S1150 W06511 - S1232 W06419 - S1228 W06340 - S1334 W06152 - S1400 W06023 - S1506 W06036 - S1616 W06010 - S1619 W05827 - S1711 W05825 - S1750 W05743 - S1743 W05611 - S1734 W05441 - S1724 W05407 - S1643 W05306 - S1454 W05333 - S1352 W05403 - S1223 W05701 - S1005 W05938 - S0928 W06336 - S1057 W06523 - S1112 W06524 TOP FL480 STNR NC="},"geometry":{"type":"Polygon","coordinates":[[[-65.4,-11.2],[-65.183,-11.833],[-64.317,-12.533],[-63.667,-12.467],[-61.867,-13.567],[-60.383,-14],[-60.6,-15.1],[-60.167,-16.267],[-58.45,-16.317],[-58.417,-17.183],[-57.717,-17.833],[-56.183,-17.717],[-54.683,-17.567],[-54.117,-17.4],[-53.1,-16.717],[-53.55,-14.9],[-54.05,-13.867],[-57.017,-12.383],[-59.633,-10.083],[-63.6,-9.467],[-65.383,-10.95],[-65.4,-11.2]]]}},{"type":"Feature","properties":{"icaoId":"SBGL","firId":"SBAZ","firName":"SBAZ AMAZONICA","seriesId":"41","hazard":"TS","qualifier":"EMBD","validTimeFrom":"2026-10-09T23:30:00.000Z","validTimeTo":"2026-10-10T03:30:00.000Z","top":48000,"dir":"-","spd":"0","chng":"NC","rawSigmet":"WSBZ23 SBGL 092325\nSBAZ SIGMET 41 VALID 092330/100330 SBAZ - SBAZ AMAZONICA FIR EMBD TS FCST WI S0007 W07006 - S0113 W06924 - S0335 W06950 - S0318 W06711 - S0131 W06538 - N0112 W06502 - N0046 W06618 - N0215 W06723 - N0146 W06951 - S0007 W07006 TOP FL480 STNR NC="},"geometry":{"type":"Polygon","coordinates":[[[-70.1,-0.117],[-69.4,-1.217],[-69.833,-3.583],[-67.183,-3.3],[-65.633,-1.517],[-65.033,1.2],[-66.3,0.767],[-67.383,2.25],[-69.85,1.767],[-70.1,-0.117]]]}},{"type":"Feature","properties":{"icaoId":"SBGL","firId":"SBCW","firName":"SBCW CURITIBA","seriesId":"50","hazard":"TURB","qualifier":"SEV","validTimeFrom":"2026-10-09T23:35:00.000Z","validTimeTo":"2026-10-10T03:30:00.000Z","base":17000,"top":45000,"dir":"-","spd":"0","chng":"NC","rawSigmet":"WSBZ23 SBGL 092330\nSBCW SIGMET 50 VALID 092335/100330 SBCW - SBCW CURITIBA FIR SEV TURB FCST WI S3010 W05737 - S3153 W05407 - S3345 W05322 - S3353 W05323 - S3400 W05300 - S3400 W05024 - S2930 W04601 - S2706 W04402 - S2604 W05357 - S2655 W05343 - S2802 W05526 - S2839 W05341 - S2906 W05355 - S2915 W05247 - S3122 W05204 - S3148 W05416 - S3117 W05520 - S3010 W05737 FL170/450 STNR NC="},"geometry":{"type":"Polygon","coordinates":[[[-57.617,-30.167],[-54.117,-31.883],[-53.367,-33.75],[-53.383,-33.883],[-53,-34],[-50.4,-34],[-46.017,-29.5],[-44.033,-27.1],[-53.95,-26.067],[-53.717,-26.917],[-55.433,-28.033],[-53.683,-28.65],[-53.917,-29.1],[-52.783,-29.25],[-52.067,-31.367],[-54.267,-31.8],[-55.333,-31.283],[-57.617,-30.167]]]}},{"type":"Feature","properties":{"icaoId":"GMMC","firId":"GMMM","firName":"GMMM CASABLANCA","seriesId":"T07","hazard":"TS","qualifier":"EMBD","validTimeFrom":"2026-10-09T23:35:00.000Z","validTimeTo":"2026-10-10T03:35:00.000Z","top":33000,"dir":"SW","spd":"0","chng":"NC","rawSigmet":"WSMC31 GMMC 092335\nGMMM SIGMET T07 VALID 092335/100335 GMMC-\nGMMM CASABLANCA FIR\nEMBD TS FCST NE OF LINE N3037 W01347 - N3425 W00735 - N3245 W00520 -\nN2750 W01305 TOP FL330 MOV SW NC="},"geometry":{"type":"Polygon","coordinates":[[[-13.798,30.608],[-12.528,30.03],[-13.128,27.805],[-13.083,27.833],[-5.333,32.75],[-7.583,34.417],[-13.783,30.617],[-13.798,30.608]]]}},{"type":"Feature","properties":{"icaoId":"PHFO","firId":"KZAK","firName":"OAKLAND OCEANIC","seriesId":"ZULU 1","hazard":"TS","qualifier":"EMBD","validTimeFrom":"2026-10-09T23:35:00.000Z","validTimeTo":"2026-10-10T03:35:00.000Z","top":56000,"dir":"-","spd":"0","chng":"INTSF","rawSigmet":"WSPA13 PHFO 092335\nKZAK SIGMET ZULU 1 VALID 092335/100335 PHFO-\nOAKLAND OCEANIC FIR EMBD TS OBS AT 2335Z WI N1245 E15645 - N1245\nE16200 - N1000 E16215 - N0945 E15730 - N1245 E15645. TOP FL560. STNR.\nINTSF."},"geometry":{"type":"Polygon","coordinates":[[[156.75,12.75],[162,12.75],[162.25,10],[157.5,9.75],[156.75,12.75]]]}},{"type":"Feature","properties":{"icaoId":"MMMX","firId":"MMEX","firName":"MMFR MEXICO","seriesId":"N4","hazard":"TS","qualifier":"OCNL","validTimeFrom":"2026-10-09T23:38:00.000Z","validTimeTo":"2026-10-10T03:38:00.000Z","top":50000,"dir":"NW","spd":"5","chng":"INTSF","rawSigmet":"WSMX31 MMMX 092339\nMMEX SIGMET N4 VALID 092338/100338 MMMX-\nMMFR MEXICO FIR OCNL TS OBS\n AT 2338Z\nWI N1816W10803 - N2019W10528 - N1917W10421 - N1847W10513 - N1825W10556\n         - N1811W10625 - N1749W10655 - N1722W10708 CB TOP FL500\nMOV NW 05KT INTSF.\n="},"geometry":{"type":"Polygon","coordinates":[[[-108.05,18.267],[-105.467,20.317],[-104.35,19.283],[-105.217,18.783],[-105.933,18.417],[-106.417,18.183],[-106.917,17.817],[-107.133,17.367]]]}},{"type":"Feature","properties":{"icaoId":"MMMX","firId":"MMID","firName":"MMFO MAZATLAN OCEANICA","seriesId":"D6","hazard":"TS","qualifier":"OCNL","validTimeFrom":"2026-10-09T23:40:00.000Z","validTimeTo":"2026-10-10T03:40:00.000Z","top":50000,"dir":"NW","spd":"5","chng":"INTSF","rawSigmet":"WSMX31 MMMX 092341\nMMID SIGMET D6 VALID 092340/100340 MMMX-\nMMFO MAZATLAN OCEANICA FIR OCNL TS OBS\n AT 2340Z\nWI N1823W10754 - N1731W10703 - N1656W10714 - N1624W10718 - N1553W10719\n         - N1524W10711 - N1450W10656 - N1433W10643 - N1416W10621 - N1401W10558\n         - N1344W10522 - N1345W10442 - N1347W10412 - N1220W10606 - N1235W10826\n         - N1332W11024 - N1508W11149 - N1634W11016 - N1705W10925 - N1844W10911\n         - N1927W10850 CB TOP FL500\nMOV NW 05KT INTSF.\n="},"geometry":{"type":"Polygon","coordinates":[[[-107.9,18.383],[-107.05,17.517],[-107.233,16.933],[-107.3,16.4],[-107.317,15.883],[-107.183,15.4],[-106.933,14.833],[-106.717,14.55],[-106.35,14.267],[-105.967,14.017],[-105.367,13.733],[-104.7,13.75],[-104.2,13.783],[-106.1,12.333],[-108.433,12.583],[-110.4,13.533],[-111.817,15.133],[-110.267,16.567],[-109.417,17.083],[-109.183,18.733],[-108.833,19.45]]]}},{"type":"Feature","properties":{"icaoId":"PHFO","firId":"KZAK","firName":"OAKLAND OCEANIC","seriesId":"OSCAR 9","hazard":"TS","qualifier":"EMBD","validTimeFrom":"2026-10-09T23:40:00.000Z","validTimeTo":"2026-10-10T03:40:00.000Z","top":48000,"dir":"-","spd":"0","chng":"WKN","rawSigmet":"WSPA02 PHFO 092343\nKZAK SIGMET OSCAR 9 VALID 092340/100340 PHFO-\nOAKLAND OCEANIC FIR EMBD TS OBS AT 2340Z WI N1130 E13345 - N1115\nE14200 - N0715 E13900 - N0715 E13145 - N1130 E13345. TOP FL480. STNR.\nWKN."},"geometry":{"type":"Polygon","coordinates":[[[133.75,11.5],[142,11.25],[139,7.25],[131.75,7.25],[133.75,11.5]]]}},{"type":"Feature","properties":{"icaoId":"MHTG","firId":"MHTG","firName":"MHCC CENTRAL AMERICAN","seriesId":"C1","hazard":"TS","qualifier":"EMBD","validTimeFrom":"2026-10-09T23:45:00.000Z","validTimeTo":"2026-10-10T03:45:00.000Z","top":52000,"dir":"-","spd":"0","chng":"INTSF","rawSigmet":"WSHO31 MHTG 092345\nMHTG SIGMET C1 VALID 092345/100345 MHTG-\nMHCC CENTRAL AMERICAN FIR EMBD TS OBS AT 2330Z\nWI N0858 W10257 - N0855 W10047 - N0713 W09727 - N0624 W09909\nTOP FL520 STNR INTSF="},"geometry":{"type":"Polygon","coordinates":[[[-102.95,8.967],[-100.783,8.917],[-97.45,7.217],[-99.15,6.4]]]}},{"type":"Feature","properties":{"icaoId":"NZKL","firId":"NZZO","firName":"NZZO AUCKLAND OCEANIC","seriesId":"23","hazard":"TS","qualifier":"EMBD","validTimeFrom":"2026-10-09T23:46:00.000Z","validTimeTo":"2026-10-10T03:46:00.000Z","top":52000,"dir":"-","spd":"0","chng":"NC","rawSigmet":"WSPS21 NZKL 092343\nNZZO SIGMET 23 VALID 092346/100346 NZKL-\nNZZO AUCKLAND OCEANIC FIR EMBD TS OBS WI S1030 W15830 - S1030 W15700\n- S1140 W15700 - S1130 W15830 - S1030 W15830 TOP FL520 STNR NC="},"geometry":{"type":"Polygon","coordinates":[[[-158.5,-10.5],[-157,-10.5],[-157,-11.667],[-158.5,-11.5],[-158.5,-10.5]]]}},{"type":"Feature","properties":{"icaoId":"SARE","firId":"SARR","firName":"SARR RESISTENCIA","seriesId":"5","hazard":"TS","qualifier":"EMBD","validTimeFrom":"2026-10-09T23:51:00.000Z","validTimeTo":"2026-10-10T01:51:00.000Z","top":39000,"dir":"E","spd":"3","chng":"INTSF","rawSigmet":"WSAG31 SARE 092351\nSARR SIGMET 5 VALID 092351/100151 SARE-\nSARR RESISTENCIA FIR EMBD TS OBS AT 2351Z\nWI S2946 W05719 - S2815 W06116 - S3000 W06038 - S3040 W05756 - S2946\nW05719 TOP FL390 MOV E 03KT INTSF="},"geometry":{"type":"Polygon","coordinates":[[[-57.317,-29.767],[-61.267,-28.25],[-60.633,-30],[-57.933,-30.667],[-57.317,-29.767]]]}},{"type":"Feature","properties":{"icaoId":"MHTG","firId":"MHTG","firName":"MHCC CENTRAL AMERICAN","seriesId":"F6","hazard":"TS","qualifier":"EMBD","validTimeFrom":"2026-10-09T23:53:00.000Z","validTimeTo":"2026-10-10T03:53:00.000Z","top":50000,"dir":"-","spd":"0","chng":"NC","rawSigmet":"WSHO31 MHTG 092353\nMHTG SIGMET F6 VALID 092353/100353 MHTG-\nMHCC CENTRAL AMERICAN FIR EMBD TS OBS AT 2340Z\nWI N0808 W08741 - N0718 W08613 - N0427 W08913 - N0656 W09309\n- N0756 W09204 TOP FL500 STNR NC="},"geometry":{"type":"Polygon","coordinates":[[[-87.683,8.133],[-86.217,7.3],[-89.217,4.45],[-93.15,6.933],[-92.067,7.933]]]}},{"type":"Feature","properties":{"icaoId":"LIIB","firId":"LIRR","firName":"LIRR ROMA","seriesId":"13","hazard":"TS","qualifier":"FRQ","validTimeFrom":"2026-10-09T23:55:00.000Z","validTimeTo":"2026-10-10T02:00:00.000Z","top":39000,"dir":"-","spd":"0","chng":"NC","rawSigmet":"WSIY32 LIIB 092355\nLIRR SIGMET 13 VALID 092355/100200 LIIB-\nLIRR ROMA FIR FRQ TS FCST WI N3850 E01335 - N3841 E01437 - N3957\nE01519 - N4022 E01439 - N3850 E01335 TOP FL390 STNR NC="},"geometry":{"type":"Polygon","coordinates":[[[13.583,38.833],[14.617,38.683],[15.317,39.95],[14.65,40.367],[13.583,38.833]]]}}],"properties":{"source":"NOAA Aviation Weather Center","generated_at":"2026-10-10T00:02:48.177338+00:00"}}