{"type":"FeatureCollection","properties":{"source":"NOAA GFS 0.25\u00b0","run_time":"2026-10-06T18:00:00+00:00","valid_time":"2026-10-07T15:00:00+00:00","flight_level":180,"diagnostic":"GFS-derived, non-official aviation guidance"},"features":[{"type":"Feature","geometry":{"type":"Point","coordinates":[0.0,90.0]},"properties":{"wind_kt":10.0,"wind_from_deg":340.0,"temperature_c":-37.1,"relative_humidity":57.0,"turbulence_score":0.0,"icing_score":0.0,"convection_score":0.015}},{"type":"Feature","geometry":{"type":"Point","coordinates":[4.0,90.0]},"properties":{"wind_kt":9.9,"wind_from_deg":345.0,"temperature_c":-37.1,"relative_humidity":57.0,"turbulence_score":0.0,"icing_score":0.0,"convection_score":0.015}},{"type":"Feature","geometry":{"type":"Point","coordinates":[8.0,90.0]},"properties":{"wind_kt":10.0,"wind_from_deg":349.0,"temperature_c":-37.1,"relative_humidity":57.0,"turbulence_score":0.0,"icing_score":0.0,"convection_score":0.015}},{"type":"Feature","geometry":{"type":"Point","coordinates":[12.0,90.0]},"properties":{"wind_kt":9.9,"wind_from_deg":353.0,"temperature_c":-37.1,"relative_humidity":57.0,"turbulence_score":0.0,"icing_score":0.0,"convection_score":0.015}},{"type":"Feature","geometry":{"type":"Point","coordinates":[16.0,90.0]},"properties":{"wind_kt":10.0,"wind_from_deg":356.0,"temperature_c":-37.1,"relative_humidity":57.0,"turbulence_score":0.0,"icing_score":0.0,"convection_score":0.015}},{"type":"Feature","geometry":{"type":"Point","coordinates":[20.0,90.0]},"properties":{"wind_kt":10.0,"wind_from_deg":1.0,"temperature_c":-37.1,"relative_humidity":57.0,"turbulence_score":0.0,"icing_score":0.0,"convection_score":0.015}},{"type":"Feature","geometry":{"type":"Point","coordinates":[24.0,90.0]},"properties":{"wind_kt":10.0,"wind_from_deg":4.0,"temperature_c":-37.1,"relative_humidity":57.0,"turbulence_score":0.0,"icing_score":0.0,"convection_score":0.015}},{"type":"Feature","geometry":{"type":"Point","coordinates":[28.0,90.0]},"properties":{"wind_kt":9.9,"wind_from_deg":9.0,"temperature_c":-37.1,"relative_humidity":57.0,"turbulence_score":0.0,"icing_score":0.0,"convection_score":0.015}},{"type":"Feature","geometry":{"type":"Point","coordinates":[32.0,90.0]},"properties":{"wind_kt":10.0,"wind_from_deg":12.0,"temperature_c":-37.1,"relative_humidity":57.0,"turbulence_score":0.0,"icing_score":0.0,"convection_score":0.015}},{"type":"Feature","geometry":{"type":"Point","coordinates":[36.0,90.0]},"properties":{"wind_kt":10.0,"wind_from_deg":17.0,"temperature_c":-37.1,"relative_humidity":57.0,"turbulence_score":0.0,"icing_score":0.0,"convection_score":0.015}},{"type":"Feature","geometry":{"type":"Point","coordinates":[40.0,90.0]},"properties":{"wind_kt":10.0,"wind_from_deg":20.0,"temperature_c":-37.1,"relative_humidity":57.0,"turbulence_score":0.0,"icing_score":0.0,"convection_score":0.015}},{"type":"Feature","geometry":{"type":"Point","coordinates":[44.0,90.0]},"properties":{"wind_kt":9.9,"wind_from_deg":24.0,"temperature_c":-37.1,"relative_humidity":57.0,"turbulence_score":0.0,"icing_score":0.0,"convection_score":0.015}},{"type":"Feature","geometry":{"type":"Point","coordinates":[48.0,90.0]},"properties":{"wind_kt":10.1,"wind_from_deg":29.0,"temperature_c":-37.1,"relative_humidity":57.0,"turbulence_score":0.0,"icing_score":0.0,"convection_score":0.015}},{"type":"Feature","geometry":{"type":"Point","coordinates":[52.0,90.0]},"properties":{"wind_kt":10.0,"wind_from_deg":33.0,"temperature_c":-37.1,"relative_humidity":57.0,"turbulence_score":0.0,"icing_score":0.0,"convection_score":0.015}},{"type":"Feature","geometry":{"type":"Point","coordinates":[56.0,90.0]},"properties":{"wind_kt":10.0,"wind_from_deg":37.0,"temperature_c":-37.1,"relative_humidity":57.0,"turbulence_score":0.0,"icing_score":0.0,"convection_score":0.015}},{"type":"Feature","geometry":{"type":"Point","coordinates":[60.0,90.0]},"properties":{"wind_kt":9.8,"wind_from_deg":41.0,"temperature_c":-37.1,"relative_humidity":57.0,"turbulence_score":0.0,"icing_score":0.0,"convection_score":0.015}},{"type":"Feature","geometry":{"type":"Point","coordinates":[64.0,90.0]},"properties":{"wind_kt":9.9,"wind_from_deg":45.0,"temperature_c":-37.1,"relative_humidity":57.0,"turbulence_score":0.0,"icing_score":0.0,"convection_score":0.015}},{"type":"Feature","geometry":{"type":"Point","coordinates":[68.0,90.0]},"properties":{"wind_kt":10.0,"wind_from_deg":49.0,"temperature_c":-37.1,"relative_humidity":57.0,"turbulence_score":0.0,"icing_score":0.0,"convection_score":0.015}},{"type":"Feature","geometry":{"type":"Point","coordinates":[72.0,90.0]},"properties":{"wind_kt":10.0,"wind_from_deg":52.0,"temperature_c":-37.1,"relative_humidity":57.0,"turbulence_score":0.0,"icing_score":0.0,"convection_score":0.015}},{"type":"Feature","geometry":{"type":"Point","coordinates":[76.0,90.0]},"properties":{"wind_kt":10.0,"wind_from_deg":56.0,"temperature_c":-37.1,"relative_humidity":57.0,"turbulence_score":0.0,"icing_score":0.0,"convection_score":0.015}},{"type":"Feature","geometry":{"type":"Point","coordinates":[80.0,90.0]},"properties":{"wind_kt":10.0,"wind_from_deg":60.0,"temperature_c":-37.1,"relative_humidity":57.0,"turbulence_score":0.0,"icing_score":0.0,"convection_score":0.015}},{"type":"Feature","geometry":{"type":"Point","coordinates":[84.0,90.0]},"properties":{"wind_kt":9.9,"wind_from_deg":64.0,"temperature_c":-37.1,"relative_humidity":57.0,"turbulence_score":0.0,"icing_score":0.0,"convection_score":0.015}},{"type":"Feature","geometry":{"type":"Point","coordinates":[88.0,90.0]},"properties":{"wind_kt":10.0,"wind_from_deg":69.0,"temperature_c":-37.1,"relative_humidity":57.0,"turbulence_score":0.0,"icing_score":0.0,"convection_score":0.015}},{"type":"Feature","geometry":{"type":"Point","coordinates":[92.0,90.0]},"properties":{"wind_kt":10.0,"wind_from_deg":72.0,"temperature_c":-37.1,"relative_humidity":57.0,"turbulence_score":0.0,"icing_score":0.0,"convection_score":0.015}},{"type":"Feature","geometry":{"type":"Point","coordinates":[96.0,90.0]},"properties":{"wind_kt":9.9,"wind_from_deg":77.0,"temperature_c":-37.1,"relative_humidity":57.0,"turbulence_score":0.0,"icing_score":0.0,"convection_score":0.015}},{"type":"Feature","geometry":{"type":"Point","coordinates":[100.0,90.0]},"properties":{"wind_kt":10.0,"wind_from_deg":81.0,"temperature_c":-37.1,"relative_humidity":57.0,"turbulence_score":0.0,"icing_score":0.0,"convection_score":0.015}},{"type":"Feature","geometry":{"type":"Point","coordinates":[104.0,90.0]},"properties":{"wind_kt":9.9,"wind_from_deg":85.0,"temperature_c":-37.1,"relative_humidity":57.0,"turbulence_score":0.0,"icing_score":0.0,"convection_score":0.015}},{"type":"Feature","geometry":{"type":"Point","coordinates":[108.0,90.0]},"properties":{"wind_kt":9.9,"wind_from_deg":88.0,"temperature_c":-37.1,"relative_humidity":57.0,"turbulence_score":0.0,"icing_score":0.0,"convection_score":0.015}},{"type":"Feature","geometry":{"type":"Point","coordinates":[112.0,90.0]},"properties":{"wind_kt":9.9,"wind_from_deg":93.0,"temperature_c":-37.1,"relative_humidity":57.0,"turbulence_score":0.0,"icing_score":0.0,"convection_score":0.015}},{"type":"Feature","geometry":{"type":"Point","coordinates":[116.0,90.0]},"properties":{"wind_kt":9.9,"wind_from_deg":96.0,"temperature_c":-37.1,"relative_humidity":57.0,"turbulence_score":0.0,"icing_score":0.0,"convection_score":0.015}},{"type":"Feature","geometry":{"type":"Point","coordinates":[120.0,90.0]},"properties":{"wind_kt":9.9,"wind_from_deg":101.0,"temperature_c":-37.1,"relative_humidity":57.0,"turbulence_score":0.0,"icing_score":0.0,"convection_score":0.015}},{"type":"Feature","geometry":{"type":"Point","coordinates":[124.0,90.0]},"properties":{"wind_kt":10.0,"wind_from_deg":104.0,"temperature_c":-37.1,"relative_humidity":57.0,"turbulence_score":0.0,"icing_score":0.0,"convection_score":0.015}},{"type":"Feature","geometry":{"type":"Point","coordinates":[128.0,90.0]},"properties":{"wind_kt":10.0,"wind_from_deg":109.0,"temperature_c":-37.1,"relative_humidity":57.0,"turbulence_score":0.0,"icing_score":0.0,"convection_score":0.015}},{"type":"Feature","geometry":{"type":"Point","coordinates":[132.0,90.0]},"properties":{"wind_kt":9.9,"wind_from_deg":113.0,"temperature_c":-37.1,"relative_humidity":57.0,"turbulence_score":0.0,"icing_score":0.0,"convection_score":0.015}},{"type":"Feature","geometry":{"type":"Point","coordinates":[136.0,90.0]},"properties":{"wind_kt":9.9,"wind_from_deg":116.0,"temperature_c":-37.1,"relative_humidity":57.0,"turbulence_score":0.0,"icing_score":0.0,"convection_score":0.015}},{"type":"Feature","geometry":{"type":"Point","coordinates":[140.0,90.0]},"properties":{"wind_kt":9.9,"wind_from_deg":120.0,"temperature_c":-37.1,"relative_humidity":57.0,"turbulence_score":0.0,"icing_score":0.0,"convection_score":0.015}},{"type":"Feature","geometry":{"type":"Point","coordinates":[144.0,90.0]},"properties":{"wind_kt":9.8,"wind_from_deg":124.0,"temperature_c":-37.1,"relative_humidity":57.0,"turbulence_score":0.0,"icing_score":0.0,"convection_score":0.015}},{"type":"Feature","geometry":{"type":"Point","coordinates":[148.0,90.0]},"properties":{"wind_kt":9.9,"wind_from_deg":128.0,"temperature_c":-37.1,"relative_humidity":57.0,"turbulence_score":0.0,"icing_score":0.0,"convection_score":0.015}},{"type":"Feature","geometry":{"type":"Point","coordinates":[152.0,90.0]},"properties":{"wind_kt":10.0,"wind_from_deg":132.0,"temperature_c":-37.1,"relative_humidity":57.0,"turbulence_score":0.0,"icing_score":0.0,"convection_score":0.015}},{"type":"Feature","geometry":{"type":"Point","coordinates":[156.0,90.0]},"properties":{"wind_kt":10.0,"wind_from_deg":137.0,"temperature_c":-37.1,"relative_humidity":57.0,"turbulence_score":0.0,"icing_score":0.0,"convection_score":0.015}},{"type":"Feature","geometry":{"type":"Point","coordinates":[160.0,90.0]},"properties":{"wind_kt":10.0,"wind_from_deg":140.0,"temperature_c":-37.1,"relative_humidity":57.0,"turbulence_score":0.0,"icing_score":0.0,"convection_score":0.015}},{"type":"Feature","geometry":{"type":"Point","coordinates":[164.0,90.0]},"properties":{"wind_kt":9.9,"wind_from_deg":144.0,"temperature_c":-37.1,"relative_humidity":57.0,"turbulence_score":0.0,"icing_score":0.0,"convection_score":0.015}},{"type":"Feature","geometry":{"type":"Point","coordinates":[168.0,90.0]},"properties":{"wind_kt":9.9,"wind_from_deg":148.0,"temperature_c":-37.1,"relative_humidity":57.0,"turbulence_score":0.0,"icing_score":0.0,"convection_score":0.015}},{"type":"Feature","geometry":{"type":"Point","coordinates":[172.0,90.0]},"properties":{"wind_kt":10.0,"wind_from_deg":152.0,"temperature_c":-37.1,"relative_humidity":57.0,"turbulence_score":0.0,"icing_score":0.0,"convection_score":0.015}},{"type":"Feature","geometry":{"type":"Point","coordinates":[176.0,90.0]},"properties":{"wind_kt":9.9,"wind_from_deg":156.0,"temperature_c":-37.1,"relative_humidity":57.0,"turbulence_score":0.0,"icing_score":0.0,"convection_score":0.015}},{"type":"Feature","geometry":{"type":"Point","coordinates":[180.0,90.0]},"properties":{"wind_kt":10.0,"wind_from_deg":161.0,"temperature_c":-37.1,"relative_humidity":57.0,"turbulence_score":0.0,"icing_score":0.0,"convection_score":0.015}},{"type":"Feature","geometry":{"type":"Point","coordinates":[184.0,90.0]},"properties":{"wind_kt":10.0,"wind_from_deg":164.0,"temperature_c":-37.1,"relative_humidity":57.0,"turbulence_score":0.0,"icing_score":0.0,"convection_score":0.015}},{"type":"Feature","geometry":{"type":"Point","coordinates":[188.0,90.0]},"properties":{"wind_kt":10.0,"wind_from_deg":169.0,"temperature_c":-37.1,"relative_humidity":57.0,"turbulence_score":0.0,"icing_score":0.0,"convection_score":0.015}},{"type":"Feature","geometry":{"type":"Point","coordinates":[192.0,90.0]},"properties":{"wind_kt":9.9,"wind_from_deg":172.0,"temperature_c":-37.1,"relative_humidity":57.0,"turbulence_score":0.0,"icing_score":0.0,"convection_score":0.015}},{"type":"Feature","geometry":{"type":"Point","coordinates":[196.0,90.0]},"properties":{"wind_kt":10.0,"wind_from_deg":177.0,"temperature_c":-37.1,"relative_humidity":57.0,"turbulence_score":0.0,"icing_score":0.0,"convection_score":0.015}},{"type":"Feature","geometry":{"type":"Point","coordinates":[200.0,90.0]},"properties":{"wind_kt":10.0,"wind_from_deg":180.0,"temperature_c":-37.1,"relative_humidity":57.0,"turbulence_score":0.0,"icing_score":0.0,"convection_score":0.015}},{"type":"Feature","geometry":{"type":"Point","coordinates":[204.0,90.0]},"properties":{"wind_kt":9.9,"wind_from_deg":185.0,"temperature_c":-37.1,"relative_humidity":57.0,"turbulence_score":0.0,"icing_score":0.0,"convection_score":0.015}},{"type":"Feature","geometry":{"type":"Point","coordinates":[208.0,90.0]},"properties":{"wind_kt":9.9,"wind_from_deg":188.0,"temperature_c":-37.1,"relative_humidity":57.0,"turbulence_score":0.0,"icing_score":0.0,"convection_score":0.015}},{"type":"Feature","geometry":{"type":"Point","coordinates":[212.0,90.0]},"properties":{"wind_kt":9.9,"wind_from_deg":193.0,"temperature_c":-37.1,"relative_humidity":57.0,"turbulence_score":0.0,"icing_score":0.0,"convection_score":0.015}},{"type":"Feature","geometry":{"type":"Point","coordinates":[216.0,90.0]},"properties":{"wind_kt":9.8,"wind_from_deg":196.0,"temperature_c":-37.1,"relative_humidity":57.0,"turbulence_score":0.0,"icing_score":0.0,"convection_score":0.015}},{"type":"Feature","geometry":{"type":"Point","coordinates":[220.0,90.0]},"properties":{"wind_kt":9.9,"wind_from_deg":201.0,"temperature_c":-37.1,"relative_humidity":57.0,"turbulence_score":0.0,"icing_score":0.0,"convection_score":0.015}},{"type":"Feature","geometry":{"type":"Point","coordinates":[224.0,90.0]},"properties":{"wind_kt":9.9,"wind_from_deg":204.0,"temperature_c":-37.1,"relative_humidity":57.0,"turbulence_score":0.0,"icing_score":0.0,"convection_score":0.015}},{"type":"Feature","geometry":{"type":"Point","coordinates":[228.0,90.0]},"properties":{"wind_kt":9.9,"wind_from_deg":208.0,"temperature_c":-37.1,"relative_humidity":57.0,"turbulence_score":0.0,"icing_score":0.0,"convection_score":0.015}},{"type":"Feature","geometry":{"type":"Point","coordinates":[232.0,90.0]},"properties":{"wind_kt":10.0,"wind_from_deg":212.0,"temperature_c":-37.1,"relative_humidity":57.0,"turbulence_score":0.0,"icing_score":0.0,"convection_score":0.015}},{"type":"Feature","geometry":{"type":"Point","coordinates":[236.0,90.0]},"properties":{"wind_kt":10.0,"wind_from_deg":216.0,"temperature_c":-37.1,"relative_humidity":57.0,"turbulence_score":0.0,"icing_score":0.0,"convection_score":0.015}},{"type":"Feature","geometry":{"type":"Point","coordinates":[240.0,90.0]},"properties":{"wind_kt":9.9,"wind_from_deg":221.0,"temperature_c":-37.1,"relative_humidity":57.0,"turbulence_score":0.0,"icing_score":0.0,"convection_score":0.015}},{"type":"Feature","geometry":{"type":"Point","coordinates":[244.0,90.0]},"properties":{"wind_kt":10.0,"wind_from_deg":225.0,"temperature_c":-37.1,"relative_humidity":57.0,"turbulence_score":0.0,"icing_score":0.0,"convection_score":0.015}},{"type":"Feature","geometry":{"type":"Point","coordinates":[248.0,90.0]},"properties":{"wind_kt":9.9,"wind_from_deg":229.0,"temperature_c":-37.1,"relative_humidity":57.0,"turbulence_score":0.0,"icing_score":0.0,"convection_score":0.015}},{"type":"Feature","geometry":{"type":"Point","coordinates":[252.0,90.0]},"properties":{"wind_kt":9.9,"wind_from_deg":232.0,"temperature_c":-37.1,"relative_humidity":57.0,"turbulence_score":0.0,"icing_score":0.0,"convection_score":0.015}},{"type":"Feature","geometry":{"type":"Point","coordinates":[256.0,90.0]},"properties":{"wind_kt":10.1,"wind_from_deg":236.0,"temperature_c":-37.1,"relative_humidity":57.0,"turbulence_score":0.0,"icing_score":0.0,"convection_score":0.015}},{"type":"Feature","geometry":{"type":"Point","coordinates":[260.0,90.0]},"properties":{"wind_kt":9.9,"wind_from_deg":240.0,"temperature_c":-37.1,"relative_humidity":57.0,"turbulence_score":0.0,"icing_score":0.0,"convection_score":0.015}},{"type":"Feature","geometry":{"type":"Point","coordinates":[264.0,90.0]},"properties":{"wind_kt":9.9,"wind_from_deg":245.0,"temperature_c":-37.1,"relative_humidity":57.0,"turbulence_score":0.0,"icing_score":0.0,"convection_score":0.015}},{"type":"Feature","geometry":{"type":"Point","coordinates":[268.0,90.0]},"properties":{"wind_kt":9.9,"wind_from_deg":249.0,"temperature_c":-37.1,"relative_humidity":57.0,"turbulence_score":0.0,"icing_score":0.0,"convection_score":0.015}},{"type":"Feature","geometry":{"type":"Point","coordinates":[272.0,90.0]},"properties":{"wind_kt":10.0,"wind_from_deg":252.0,"temperature_c":-37.1,"relative_humidity":57.0,"turbulence_score":0.0,"icing_score":0.0,"convection_score":0.015}},{"type":"Feature","geometry":{"type":"Point","coordinates":[276.0,90.0]},"properties":{"wind_kt":10.0,"wind_from_deg":257.0,"temperature_c":-37.1,"relative_humidity":57.0,"turbulence_score":0.0,"icing_score":0.0,"convection_score":0.015}},{"type":"Feature","geometry":{"type":"Point","coordinates":[280.0,90.0]},"properties":{"wind_kt":9.9,"wind_from_deg":260.0,"temperature_c":-37.1,"relative_humidity":57.0,"turbulence_score":0.0,"icing_score":0.0,"convection_score":0.015}},{"type":"Feature","geometry":{"type":"Point","coordinates":[284.0,90.0]},"properties":{"wind_kt":10.0,"wind_from_deg":265.0,"temperature_c":-37.1,"relative_humidity":57.0,"turbulence_score":0.0,"icing_score":0.0,"convection_score":0.015}},{"type":"Feature","geometry":{"type":"Point","coordinates":[288.0,90.0]},"properties":{"wind_kt":10.0,"wind_from_deg":268.0,"temperature_c":-37.1,"relative_humidity":57.0,"turbulence_score":0.0,"icing_score":0.0,"convection_score":0.015}},{"type":"Feature","geometry":{"type":"Point","coordinates":[292.0,90.0]},"properties":{"wind_kt":10.0,"wind_from_deg":273.0,"temperature_c":-37.1,"relative_humidity":57.0,"turbulence_score":0.0,"icing_score":0.0,"convection_score":0.015}},{"type":"Feature","geometry":{"type":"Point","coordinates":[296.0,90.0]},"properties":{"wind_kt":10.0,"wind_from_deg":276.0,"temperature_c":-37.1,"relative_humidity":57.0,"turbulence_score":0.0,"icing_score":0.0,"convection_score":0.015}},{"type":"Feature","geometry":{"type":"Point","coordinates":[300.0,90.0]},"properties":{"wind_kt":9.9,"wind_from_deg":281.0,"temperature_c":-37.1,"relative_humidity":57.0,"turbulence_score":0.0,"icing_score":0.0,"convection_score":0.015}},{"type":"Feature","geometry":{"type":"Point","coordinates":[304.0,90.0]},"properties":{"wind_kt":9.9,"wind_from_deg":284.0,"temperature_c":-37.1,"relative_humidity":57.0,"turbulence_score":0.0,"icing_score":0.0,"convection_score":0.015}},{"type":"Feature","geometry":{"type":"Point","coordinates":[308.0,90.0]},"properties":{"wind_kt":9.9,"wind_from_deg":289.0,"temperature_c":-37.1,"relative_humidity":57.0,"turbulence_score":0.0,"icing_score":0.0,"convection_score":0.015}},{"type":"Feature","geometry":{"type":"Point","coordinates":[312.0,90.0]},"properties":{"wind_kt":9.9,"wind_from_deg":292.0,"temperature_c":-37.1,"relative_humidity":57.0,"turbulence_score":0.0,"icing_score":0.0,"convection_score":0.015}},{"type":"Feature","geometry":{"type":"Point","coordinates":[316.0,90.0]},"properties":{"wind_kt":10.0,"wind_from_deg":296.0,"temperature_c":-37.1,"relative_humidity":57.0,"turbulence_score":0.0,"icing_score":0.0,"convection_score":0.015}},{"type":"Feature","geometry":{"type":"Point","coordinates":[320.0,90.0]},"properties":{"wind_kt":10.0,"wind_from_deg":301.0,"temperature_c":-37.1,"relative_humidity":57.0,"turbulence_score":0.0,"icing_score":0.0,"convection_score":0.015}},{"type":"Feature","geometry":{"type":"Point","coordinates":[324.0,90.0]},"properties":{"wind_kt":10.0,"wind_from_deg":305.0,"temperature_c":-37.1,"relative_humidity":57.0,"turbulence_score":0.0,"icing_score":0.0,"convection_score":0.015}},{"type":"Feature","geometry":{"type":"Point","coordinates":[328.0,90.0]},"properties":{"wind_kt":10.0,"wind_from_deg":309.0,"temperature_c":-37.1,"relative_humidity":57.0,"turbulence_score":0.0,"icing_score":0.0,"convection_score":0.015}},{"type":"Feature","geometry":{"type":"Point","coordinates":[332.0,90.0]},"properties":{"wind_kt":10.0,"wind_from_deg":312.0,"temperature_c":-37.1,"relative_humidity":57.0,"turbulence_score":0.0,"icing_score":0.0,"convection_score":0.015}},{"type":"Feature","geometry":{"type":"Point","coordinates":[336.0,90.0]},"properties":{"wind_kt":10.0,"wind_from_deg":317.0,"temperature_c":-37.1,"relative_humidity":57.0,"turbulence_score":0.0,"icing_score":0.0,"convection_score":0.015}},{"type":"Feature","geometry":{"type":"Point","coordinates":[340.0,90.0]},"properties":{"wind_kt":9.9,"wind_from_deg":321.0,"temperature_c":-37.1,"relative_humidity":57.0,"turbulence_score":0.0,"icing_score":0.0,"convection_score":0.015}},{"type":"Feature","geometry":{"type":"Point","coordinates":[344.0,90.0]},"properties":{"wind_kt":9.8,"wind_from_deg":325.0,"temperature_c":-37.1,"relative_humidity":57.0,"turbulence_score":0.0,"icing_score":0.0,"convection_score":0.015}},{"type":"Feature","geometry":{"type":"Point","coordinates":[348.0,90.0]},"properties":{"wind_kt":10.0,"wind_from_deg":328.0,"temperature_c":-37.1,"relative_humidity":57.0,"turbulence_score":0.0,"icing_score":0.0,"convection_score":0.015}},{"type":"Feature","geometry":{"type":"Point","coordinates":[352.0,90.0]},"properties":{"wind_kt":9.9,"wind_from_deg":333.0,"temperature_c":-37.1,"relative_humidity":57.0,"turbulence_score":0.0,"icing_score":0.0,"convection_score":0.015}},{"type":"Feature","geometry":{"type":"Point","coordinates":[356.0,90.0]},"properties":{"wind_kt":10.0,"wind_from_deg":337.0,"temperature_c":-37.1,"relative_humidity":57.0,"turbulence_score":0.0,"icing_score":0.0,"convection_score":0.015}},{"type":"Feature","geometry":{"type":"Point","coordinates":[0.0,86.0]},"properties":{"wind_kt":9.3,"wind_from_deg":245.0,"temperature_c":-36.6,"relative_humidity":98.0,"turbulence_score":0.0,"icing_score":0.0,"convection_score":0.0}},{"type":"Feature","geometry":{"type":"Point","coordinates":[4.0,86.0]},"properties":{"wind_kt":10.3,"wind_from_deg":259.0,"temperature_c":-36.2,"relative_humidity":92.0,"turbulence_score":0.0,"icing_score":0.0,"convection_score":0.0}},{"type":"Feature","geometry":{"type":"Point","coordinates":[8.0,86.0]},"properties":{"wind_kt":11.5,"wind_from_deg":270.0,"temperature_c":-35.7,"relative_humidity":81.0,"turbulence_score":0.0,"icing_score":0.0,"convection_score":0.0}},{"type":"Feature","geometry":{"type":"Point","coordinates":[12.0,86.0]},"properties":{"wind_kt":12.3,"wind_from_deg":281.0,"temperature_c":-35.3,"relative_humidity":71.0,"turbulence_score":0.0,"icing_score":0.0,"convection_score":0.0}},{"type":"Feature","geometry":{"type":"Point","coordinates":[16.0,86.0]},"properties":{"wind_kt":12.6,"wind_from_deg":289.0,"temperature_c":-35.1,"relative_humidity":67.0,"turbulence_score":0.0,"icing_score":0.0,"convection_score":0.0}},{"type":"Feature","geometry":{"type":"Point","coordinates":[20.0,86.0]},"properties":{"wind_kt":12.6,"wind_from_deg":296.0,"temperature_c":-34.8,"relative_humidity":68.0,"turbulence_score":0.0,"icing_score":0.0,"convection_score":0.0}},{"type":"Feature","geometry":{"type":"Point","coordinates":[24.0,86.0]},"properties":{"wind_kt":12.5,"wind_from_deg":302.0,"temperature_c":-34.6,"relative_humidity":68.0,"turbulence_score":0.0,"icing_score":0.0,"convection_score":0.0}},{"type":"Feature","geometry":{"type":"Point","coordinates":[28.0,86.0]},"properties":{"wind_kt":12.4,"wind_from_deg":307.0,"temperature_c":-34.3,"relative_humidity":65.0,"turbulence_score":0.0,"icing_score":0.0,"convection_score":0.0}},{"type":"Feature","geometry":{"type":"Point","coordinates":[32.0,86.0]},"properties":{"wind_kt":12.5,"wind_from_deg":310.0,"temperature_c":-33.9,"relative_humidity":59.0,"turbulence_score":0.0,"icing_score":0.0,"convection_score":0.0}},{"type":"Feature","geometry":{"type":"Point","coordinates":[36.0,86.0]},"properties":{"wind_kt":12.3,"wind_from_deg":312.0,"temperature_c":-33.5,"relative_humidity":52.0,"turbulence_score":0.0,"icing_score":0.0,"convection_score":0.002}},{"type":"Feature","geometry":{"type":"Point","coordinates":[40.0,86.0]},"properties":{"wind_kt":12.3,"wind_from_deg":313.0,"temperature_c":-33.1,"relative_humidity":44.0,"turbulence_score":0.0,"icing_score":0.0,"convection_score":0.015}},{"type":"Feature","geometry":{"type":"Point","coordinates":[44.0,86.0]},"properties":{"wind_kt":12.5,"wind_from_deg":314.0,"temperature_c":-32.7,"relative_humidity":37.0,"turbulence_score":0.0,"icing_score":0.0,"convection_score":0.015}},{"type":"Feature","geometry":{"type":"Point","coordinates":[48.0,86.0]},"properties":{"wind_kt":12.7,"wind_from_deg":314.0,"temperature_c":-32.3,"relative_humidity":31.0,"turbulence_score":0.0,"icing_score":0.0,"convection_score":0.015}},{"type":"Feature","geometry":{"type":"Point","coordinates":[52.0,86.0]},"properties":{"wind_kt":13.1,"wind_from_deg":315.0,"temperature_c":-32.0,"relative_humidity":27.0,"turbulence_score":0.0,"icing_score":0.0,"convection_score":0.015}},{"type":"Feature","geometry":{"type":"Point","coordinates":[56.0,86.0]},"properties":{"wind_kt":13.7,"wind_from_deg":317.0,"temperature_c":-31.8,"relative_humidity":23.0,"turbulence_score":0.0,"icing_score":0.0,"convection_score":0.015}},{"type":"Feature","geometry":{"type":"Point","coordinates":[60.0,86.0]},"properties":{"wind_kt":14.4,"wind_from_deg":320.0,"temperature_c":-31.5,"relative_humidity":20.0,"turbulence_score":0.0,"icing_score":0.0,"convection_score":0.015}},{"type":"Feature","geometry":{"type":"Point","coordinates":[64.0,86.0]},"properties":{"wind_kt":14.6,"wind_from_deg":322.0,"temperature_c":-31.3,"relative_humidity":17.0,"turbulence_score":0.0,"icing_score":0.0,"convection_score":0.015}},{"type":"Feature","geometry":{"type":"Point","coordinates":[68.0,86.0]},"properties":{"wind_kt":14.5,"wind_from_deg":324.0,"temperature_c":-31.2,"relative_humidity":15.0,"turbulence_score":0.0,"icing_score":0.0,"convection_score":0.015}},{"type":"Feature","geometry":{"type":"Point","coordinates":[72.0,86.0]},"properties":{"wind_kt":13.5,"wind_from_deg":325.0,"temperature_c":-31.1,"relative_humidity":13.0,"turbulence_score":0.0,"icing_score":0.0,"convection_score":0.152}},{"type":"Feature","geometry":{"type":"Point","coordinates":[76.0,86.0]},"properties":{"wind_kt":12.0,"wind_from_deg":323.0,"temperature_c":-31.0,"relative_humidity":13.0,"turbulence_score":0.0,"icing_score":0.0,"convection_score":0.212}},{"type":"Feature","geometry":{"type":"Point","coordinates":[80.0,86.0]},"properties":{"wind_kt":10.1,"wind_from_deg":318.0,"temperature_c":-31.2,"relative_humidity":13.0,"turbulence_score":0.0,"icing_score":0.0,"convection_score":0.232}},{"type":"Feature","geometry":{"type":"Point","coordinates":[84.0,86.0]},"properties":{"wind_kt":8.3,"wind_from_deg":307.0,"temperature_c":-31.3,"relative_humidity":14.0,"turbulence_score":0.0,"icing_score":0.0,"convection_score":0.271}},{"type":"Feature","geometry":{"type":"Point","coordinates":[88.0,86.0]},"properties":{"wind_kt":7.1,"wind_from_deg":290.0,"temperature_c":-31.6,"relative_humidity":16.0,"turbulence_score":0.0,"icing_score":0.0,"convection_score":0.3}},{"type":"Feature","geometry":{"type":"Point","coordinates":[92.0,86.0]},"properties":{"wind_kt":7.2,"wind_from_deg":271.0,"temperature_c":-32.0,"relative_humidity":18.0,"turbulence_score":0.0,"icing_score":0.0,"convection_score":0.3}},{"type":"Feature","geometry":{"type":"Point","coordinates":[96.0,86.0]},"properties":{"wind_kt":8.4,"wind_from_deg":253.0,"temperature_c":-32.5,"relative_humidity":18.0,"turbulence_score":0.0,"icing_score":0.0,"convection_score":0.3}},{"type":"Feature","geometry":{"type":"Point","coordinates":[100.0,86.0]},"properties":{"wind_kt":9.5,"wind_from_deg":242.0,"temperature_c":-33.0,"relative_humidity":19.0,"turbulence_score":0.0,"icing_score":0.0,"convection_score":0.3}},{"type":"Feature","geometry":{"type":"Point","coordinates":[104.0,86.0]},"properties":{"wind_kt":10.6,"wind_from_deg":236.0,"temperature_c":-33.5,"relative_humidity":30.0,"turbulence_score":0.0,"icing_score":0.0,"convection_score":0.3}},{"type":"Feature","geometry":{"type":"Point","coordinates":[108.0,86.0]},"properties":{"wind_kt":12.2,"wind_from_deg":232.0,"temperature_c":-34.1,"relative_humidity":66.0,"turbulence_score":0.0,"icing_score":0.0,"convection_score":0.3}},{"type":"Feature","geometry":{"type":"Point","coordinates":[112.0,86.0]},"properties":{"wind_kt":12.8,"wind_from_deg":232.0,"temperature_c":-34.7,"relative_humidity":100.0,"turbulence_score":0.0,"icing_score":0.0,"convection_score":0.3}},{"type":"Feature","geometry":{"type":"Point","coordinates":[116.0,86.0]},"properties":{"wind_kt":12.9,"wind_from_deg":236.0,"temperature_c":-34.8,"relative_humidity":100.0,"turbulence_score":0.0,"icing_score":0.0,"convection_score":0.3}},{"type":"Feature","geometry":{"type":"Point","coordinates":[120.0,86.0]},"properties":{"wind_kt":12.3,"wind_from_deg":243.0,"temperature_c":-34.7,"relative_humidity":100.0,"turbulence_score":0.0,"icing_score":0.0,"convection_score":0.3}},{"type":"Feature","geometry":{"type":"Point","coordinates":[124.0,86.0]},"properties":{"wind_kt":11.6,"wind_from_deg":251.0,"temperature_c":-34.7,"relative_humidity":100.0,"turbulence_score":0.0,"icing_score":0.0,"convection_score":0.3}},{"type":"Feature","geometry":{"type":"Point","coordinates":[128.0,86.0]},"properties":{"wind_kt":11.2,"wind_from_deg":256.0,"temperature_c":-34.8,"relative_humidity":100.0,"turbulence_score":0.0,"icing_score":0.0,"convection_score":0.3}},{"type":"Feature","geometry":{"type":"Point","coordinates":[132.0,86.0]},"properties":{"wind_kt":11.0,"wind_from_deg":263.0,"temperature_c":-34.8,"relative_humidity":100.0,"turbulence_score":0.0,"icing_score":0.0,"convection_score":0.256}},{"type":"Feature","geometry":{"type":"Point","coordinates":[136.0,86.0]},"properties":{"wind_kt":10.9,"wind_from_deg":266.0,"temperature_c":-35.0,"relative_humidity":100.0,"turbulence_score":0.0,"icing_score":0.0,"convection_score":0.018}},{"type":"Feature","geometry":{"type":"Point","coordinates":[140.0,86.0]},"properties":{"wind_kt":9.4,"wind_from_deg":265.0,"temperature_c":-35.5,"relative_humidity":100.0,"turbulence_score":0.0,"icing_score":0.0,"convection_score":0.167}},{"type":"Feature","geometry":{"type":"Point","coordinates":[144.0,86.0]},"properties":{"wind_kt":7.9,"wind_from_deg":259.0,"temperature_c":-36.0,"relative_humidity":100.0,"turbulence_score":0.0,"icing_score":0.0,"convection_score":0.263}},{"type":"Feature","geometry":{"type":"Point","coordinates":[148.0,86.0]},"properties":{"wind_kt":5.6,"wind_from_deg":259.0,"temperature_c":-36.4,"relative_humidity":100.0,"turbulence_score":0.0,"icing_score":0.0,"convection_score":0.187}},{"type":"Feature","geometry":{"type":"Point","coordinates":[152.0,86.0]},"properties":{"wind_kt":5.3,"wind_from_deg":271.0,"temperature_c":-36.9,"relative_humidity":100.0,"turbulence_score":0.0,"icing_score":0.0,"convection_score":0.192}},{"type":"Feature","geometry":{"type":"Point","coordinates":[156.0,86.0]},"properties":{"wind_kt":5.6,"wind_from_deg":310.0,"temperature_c":-37.2,"relative_humidity":100.0,"turbulence_score":0.0,"icing_score":0.0,"convection_score":0.218}},{"type":"Feature","geometry":{"type":"Point","coordinates":[160.0,86.0]},"properties":{"wind_kt":4.1,"wind_from_deg":226.0,"temperature_c":-37.7,"relative_humidity":86.0,"turbulence_score":0.0,"icing_score":0.0,"convection_score":0.272}},{"type":"Feature","geometry":{"type":"Point","coordinates":[164.0,86.0]},"properties":{"wind_kt":8.3,"wind_from_deg":198.0,"temperature_c":-38.3,"relative_humidity":88.0,"turbulence_score":0.0,"icing_score":0.0,"convection_score":0.27}},{"type":"Feature","geometry":{"type":"Point","coordinates":[168.0,86.0]},"properties":{"wind_kt":8.1,"wind_from_deg":193.0,"temperature_c":-38.5,"relative_humidity":88.0,"turbulence_score":0.0,"icing_score":0.0,"convection_score":0.271}},{"type":"Feature","geometry":{"type":"Point","coordinates":[172.0,86.0]},"properties":{"wind_kt":6.8,"wind_from_deg":189.0,"temperature_c":-38.5,"relative_humidity":85.0,"turbulence_score":0.0,"icing_score":0.0,"convection_score":0.259}},{"type":"Feature","geometry":{"type":"Point","coordinates":[176.0,86.0]},"properties":{"wind_kt":5.5,"wind_from_deg":191.0,"temperature_c":-38.6,"relative_humidity":89.0,"turbulence_score":0.0,"icing_score":0.0,"convection_score":0.219}},{"type":"Feature","geometry":{"type":"Point","coordinates":[180.0,86.0]},"properties":{"wind_kt":5.7,"wind_from_deg":198.0,"temperature_c":-38.8,"relative_humidity":93.0,"turbulence_score":0.0,"icing_score":0.0,"convection_score":0.035}},{"type":"Feature","geometry":{"type":"Point","coordinates":[184.0,86.0]},"properties":{"wind_kt":6.7,"wind_from_deg":204.0,"temperature_c":-39.0,"relative_humidity":96.0,"turbulence_score":0.0,"icing_score":0.0,"convection_score":0.015}},{"type":"Feature","geometry":{"type":"Point","coordinates":[188.0,86.0]},"properties":{"wind_kt":7.2,"wind_from_deg":208.0,"temperature_c":-39.1,"relative_humidity":97.0,"turbulence_score":0.0,"icing_score":0.0,"convection_score":0.013}},{"type":"Feature","geometry":{"type":"Point","coordinates":[192.0,86.0]},"properties":{"wind_kt":6.9,"wind_from_deg":211.0,"temperature_c":-39.2,"relative_humidity":96.0,"turbulence_score":0.0,"icing_score":0.0,"convection_score":0.0}},{"type":"Feature","geometry":{"type":"Point","coordinates":[196.0,86.0]},"properties":{"wind_kt":7.3,"wind_from_deg":209.0,"temperature_c":-39.2,"relative_humidity":94.0,"turbulence_score":0.0,"icing_score":0.0,"convection_score":0.0}},{"type":"Feature","geometry":{"type":"Point","coordinates":[200.0,86.0]},"properties":{"wind_kt":6.1,"wind_from_deg":215.0,"temperature_c":-39.4,"relative_humidity":91.0,"turbulence_score":0.0,"icing_score":0.0,"convection_score":0.008}},{"type":"Feature","geometry":{"type":"Point","coordinates":[204.0,86.0]},"properties":{"wind_kt":7.2,"wind_from_deg":211.0,"temperature_c":-39.4,"relative_humidity":86.0,"turbulence_score":0.0,"icing_score":0.0,"convection_score":0.015}},{"type":"Feature","geometry":{"type":"Point","coordinates":[208.0,86.0]},"properties":{"wind_kt":6.7,"wind_from_deg":212.0,"temperature_c":-39.4,"relative_humidity":90.0,"turbulence_score":0.0,"icing_score":0.0,"convection_score":0.015}},{"type":"Feature","geometry":{"type":"Point","coordinates":[212.0,86.0]},"properties":{"wind_kt":6.5,"wind_from_deg":215.0,"temperature_c":-39.4,"relative_humidity":89.0,"turbulence_score":0.0,"icing_score":0.0,"convection_score":0.015}},{"type":"Feature","geometry":{"type":"Point","coordinates":[216.0,86.0]},"properties":{"wind_kt":7.2,"wind_from_deg":217.0,"temperature_c":-39.4,"relative_humidity":81.0,"turbulence_score":0.0,"icing_score":0.0,"convection_score":0.015}},{"type":"Feature","geometry":{"type":"Point","coordinates":[220.0,86.0]},"properties":{"wind_kt":5.5,"wind_from_deg":223.0,"temperature_c":-39.5,"relative_humidity":88.0,"turbulence_score":0.0,"icing_score":0.0,"convection_score":0.015}},{"type":"Feature","geometry":{"type":"Point","coordinates":[224.0,86.0]},"properties":{"wind_kt":3.6,"wind_from_deg":231.0,"temperature_c":-39.6,"relative_humidity":96.0,"turbulence_score":0.0,"icing_score":0.0,"convection_score":0.015}},{"type":"Feature","geometry":{"type":"Point","coordinates":[228.0,86.0]},"properties":{"wind_kt":2.4,"wind_from_deg":243.0,"temperature_c":-39.7,"relative_humidity":100.0,"turbulence_score":0.0,"icing_score":0.0,"convection_score":0.014}},{"type":"Feature","geometry":{"type":"Point","coordinates":[232.0,86.0]},"properties":{"wind_kt":1.2,"wind_from_deg":274.0,"temperature_c":-39.7,"relative_humidity":100.0,"turbulence_score":0.0,"icing_score":0.0,"convection_score":0.011}},{"type":"Feature","geometry":{"type":"Point","coordinates":[236.0,86.0]},"properties":{"wind_kt":0.9,"wind_from_deg":358.0,"temperature_c":-39.6,"relative_humidity":100.0,"turbulence_score":0.0,"icing_score":0.0,"convection_score":0.015}},{"type":"Feature","geometry":{"type":"Point","coordinates":[240.0,86.0]},"properties":{"wind_kt":1.5,"wind_from_deg":31.0,"temperature_c":-39.5,"relative_humidity":100.0,"turbulence_score":0.0,"icing_score":0.0,"convection_score":0.015}},{"type":"Feature","geometry":{"type":"Point","coordinates":[244.0,86.0]},"properties":{"wind_kt":2.0,"wind_from_deg":35.0,"temperature_c":-39.5,"relative_humidity":100.0,"turbulence_score":0.0,"icing_score":0.0,"convection_score":0.015}},{"type":"Feature","geometry":{"type":"Point","coordinates":[248.0,86.0]},"properties":{"wind_kt":2.2,"wind_from_deg":43.0,"temperature_c":-39.4,"relative_humidity":100.0,"turbulence_score":0.0,"icing_score":0.0,"convection_score":0.015}},{"type":"Feature","geometry":{"type":"Point","coordinates":[252.0,86.0]},"properties":{"wind_kt":2.4,"wind_from_deg":46.0,"temperature_c":-39.3,"relative_humidity":100.0,"turbulence_score":0.0,"icing_score":0.0,"convection_score":0.015}},{"type":"Feature","geometry":{"type":"Point","coordinates":[256.0,86.0]},"properties":{"wind_kt":2.2,"wind_from_deg":50.0,"temperature_c":-39.2,"relative_humidity":100.0,"turbulence_score":0.0,"icing_score":0.0,"convection_score":0.015}},{"type":"Feature","geometry":{"type":"Point","coordinates":[260.0,86.0]},"properties":{"wind_kt":1.8,"wind_from_deg":55.0,"temperature_c":-39.0,"relative_humidity":100.0,"turbulence_score":0.0,"icing_score":0.0,"convection_score":0.015}},{"type":"Feature","geometry":{"type":"Point","coordinates":[264.0,86.0]},"properties":{"wind_kt":1.8,"wind_from_deg":55.0,"temperature_c":-38.8,"relative_humidity":100.0,"turbulence_score":0.0,"icing_score":0.0,"convection_score":0.015}},{"type":"Feature","geometry":{"type":"Point","coordinates":[268.0,86.0]},"properties":{"wind_kt":2.9,"wind_from_deg":51.0,"temperature_c":-38.7,"relative_humidity":100.0,"turbulence_score":0.0,"icing_score":0.0,"convection_score":0.015}},{"type":"Feature","geometry":{"type":"Point","coordinates":[272.0,86.0]},"properties":{"wind_kt":4.7,"wind_from_deg":47.0,"temperature_c":-38.6,"relative_humidity":100.0,"turbulence_score":0.0,"icing_score":0.0,"convection_score":0.015}},{"type":"Feature","geometry":{"type":"Point","coordinates":[276.0,86.0]},"properties":{"wind_kt":6.8,"wind_from_deg":48.0,"temperature_c":-38.6,"relative_humidity":100.0,"turbulence_score":0.0,"icing_score":0.0,"convection_score":0.015}},{"type":"Feature","geometry":{"type":"Point","coordinates":[280.0,86.0]},"properties":{"wind_kt":9.0,"wind_from_deg":51.0,"temperature_c":-38.6,"relative_humidity":100.0,"turbulence_score":0.0,"icing_score":0.0,"convection_score":0.021}},{"type":"Feature","geometry":{"type":"Point","coordinates":[284.0,86.0]},"properties":{"wind_kt":10.7,"wind_from_deg":53.0,"temperature_c":-38.5,"relative_humidity":100.0,"turbulence_score":0.0,"icing_score":0.0,"convection_score":0.183}},{"type":"Feature","geometry":{"type":"Point","coordinates":[288.0,86.0]},"properties":{"wind_kt":11.9,"wind_from_deg":56.0,"temperature_c":-38.5,"relative_humidity":100.0,"turbulence_score":0.0,"icing_score":0.0,"convection_score":0.234}},{"type":"Feature","geometry":{"type":"Point","coordinates":[292.0,86.0]},"properties":{"wind_kt":12.7,"wind_from_deg":60.0,"temperature_c":-38.5,"relative_humidity":100.0,"turbulence_score":0.0,"icing_score":0.0,"convection_score":0.223}},{"type":"Feature","geometry":{"type":"Point","coordinates":[296.0,86.0]},"properties":{"wind_kt":13.9,"wind_from_deg":65.0,"temperature_c":-38.6,"relative_humidity":100.0,"turbulence_score":0.0,"icing_score":0.0,"convection_score":0.223}},{"type":"Feature","geometry":{"type":"Point","coordinates":[300.0,86.0]},"properties":{"wind_kt":15.1,"wind_from_deg":70.0,"temperature_c":-38.6,"relative_humidity":100.0,"turbulence_score":0.0,"icing_score":0.0,"convection_score":0.239}},{"type":"Feature","geometry":{"type":"Point","coordinates":[304.0,86.0]},"properties":{"wind_kt":16.0,"wind_from_deg":76.0,"temperature_c":-38.7,"relative_humidity":100.0,"turbulence_score":0.0,"icing_score":0.0,"convection_score":0.252}},{"type":"Feature","geometry":{"type":"Point","coordinates":[308.0,86.0]},"properties":{"wind_kt":16.4,"wind_from_deg":83.0,"temperature_c":-38.7,"relative_humidity":100.0,"turbulence_score":0.0,"icing_score":0.0,"convection_score":0.257}},{"type":"Feature","geometry":{"type":"Point","coordinates":[312.0,86.0]},"properties":{"wind_kt":16.7,"wind_from_deg":90.0,"temperature_c":-38.7,"relative_humidity":100.0,"turbulence_score":0.0,"icing_score":0.0,"convection_score":0.272}},{"type":"Feature","geometry":{"type":"Point","coordinates":[316.0,86.0]},"properties":{"wind_kt":16.4,"wind_from_deg":97.0,"temperature_c":-38.6,"relative_humidity":100.0,"turbulence_score":0.0,"icing_score":0.0,"convection_score":0.285}},{"type":"Feature","geometry":{"type":"Point","coordinates":[320.0,86.0]},"properties":{"wind_kt":15.4,"wind_from_deg":104.0,"temperature_c":-38.5,"relative_humidity":100.0,"turbulence_score":0.0,"icing_score":0.0,"convection_score":0.288}},{"type":"Feature","geometry":{"type":"Point","coordinates":[324.0,86.0]},"properties":{"wind_kt":14.0,"wind_from_deg":112.0,"temperature_c":-38.4,"relative_humidity":100.0,"turbulence_score":0.0,"icing_score":0.0,"convection_score":0.29}},{"type":"Feature","geometry":{"type":"Point","coordinates":[328.0,86.0]},"properties":{"wind_kt":12.3,"wind_from_deg":122.0,"temperature_c":-38.4,"relative_humidity":100.0,"turbulence_score":0.0,"icing_score":0.0,"convection_score":0.297}},{"type":"Feature","geometry":{"type":"Point","coordinates":[332.0,86.0]},"properties":{"wind_kt":10.6,"wind_from_deg":133.0,"temperature_c":-38.3,"relative_humidity":100.0,"turbulence_score":0.0,"icing_score":0.0,"convection_score":0.299}},{"type":"Feature","geometry":{"type":"Point","coordinates":[336.0,86.0]},"properties":{"wind_kt":8.9,"wind_from_deg":146.0,"temperature_c":-38.3,"relative_humidity":100.0,"turbulence_score":0.0,"icing_score":0.0,"convection_score":0.294}},{"type":"Feature","geometry":{"type":"Point","coordinates":[340.0,86.0]},"properties":{"wind_kt":7.4,"wind_from_deg":164.0,"temperature_c":-38.2,"relative_humidity":100.0,"turbulence_score":0.0,"icing_score":0.0,"convection_score":0.201}},{"type":"Feature","geometry":{"type":"Point","coordinates":[344.0,86.0]},"properties":{"wind_kt":7.1,"wind_from_deg":183.0,"temperature_c":-38.0,"relative_humidity":100.0,"turbulence_score":0.0,"icing_score":0.0,"convection_score":0.015}},{"type":"Feature","geometry":{"type":"Point","coordinates":[348.0,86.0]},"properties":{"wind_kt":7.2,"wind_from_deg":201.0,"temperature_c":-37.7,"relative_humidity":100.0,"turbulence_score":0.0,"icing_score":0.0,"convection_score":0.015}},{"type":"Feature","geometry":{"type":"Point","coordinates":[352.0,86.0]},"properties":{"wind_kt":7.7,"wind_from_deg":217.0,"temperature_c":-37.4,"relative_humidity":100.0,"turbulence_score":0.0,"icing_score":0.0,"convection_score":0.015}},{"type":"Feature","geometry":{"type":"Point","coordinates":[356.0,86.0]},"properties":{"wind_kt":8.4,"wind_from_deg":232.0,"temperature_c":-37.0,"relative_humidity":100.0,"turbulence_score":0.0,"icing_score":0.0,"convection_score":0.004}},{"type":"Feature","geometry":{"type":"Point","coordinates":[0.0,82.0]},"properties":{"wind_kt":18.6,"wind_from_deg":237.0,"temperature_c":-34.0,"relative_humidity":74.0,"turbulence_score":0.027,"icing_score":0.0,"convection_score":0.0}},{"type":"Feature","geometry":{"type":"Point","coordinates":[4.0,82.0]},"properties":{"wind_kt":15.0,"wind_from_deg":250.0,"temperature_c":-33.6,"relative_humidity":74.0,"turbulence_score":0.0,"icing_score":0.0,"convection_score":0.0}},{"type":"Feature","geometry":{"type":"Point","coordinates":[8.0,82.0]},"properties":{"wind_kt":10.9,"wind_from_deg":268.0,"temperature_c":-33.2,"relative_humidity":67.0,"turbulence_score":0.0,"icing_score":0.0,"convection_score":0.0}},{"type":"Feature","geometry":{"type":"Point","coordinates":[12.0,82.0]},"properties":{"wind_kt":10.6,"wind_from_deg":276.0,"temperature_c":-33.0,"relative_humidity":72.0,"turbulence_score":0.0,"icing_score":0.0,"convection_score":0.0}},{"type":"Feature","geometry":{"type":"Point","coordinates":[16.0,82.0]},"properties":{"wind_kt":10.2,"wind_from_deg":264.0,"temperature_c":-32.4,"relative_humidity":73.0,"turbulence_score":0.0,"icing_score":0.0,"convection_score":0.0}},{"type":"Feature","geometry":{"type":"Point","coordinates":[20.0,82.0]},"properties":{"wind_kt":10.0,"wind_from_deg":266.0,"temperature_c":-31.9,"relative_humidity":65.0,"turbulence_score":0.0,"icing_score":0.0,"convection_score":0.0}},{"type":"Feature","geometry":{"type":"Point","coordinates":[24.0,82.0]},"properties":{"wind_kt":10.8,"wind_from_deg":263.0,"temperature_c":-31.5,"relative_humidity":61.0,"turbulence_score":0.0,"icing_score":0.0,"convection_score":0.001}},{"type":"Feature","geometry":{"type":"Point","coordinates":[28.0,82.0]},"properties":{"wind_kt":11.1,"wind_from_deg":258.0,"temperature_c":-31.2,"relative_humidity":61.0,"turbulence_score":0.0,"icing_score":0.0,"convection_score":0.0}},{"type":"Feature","geometry":{"type":"Point","coordinates":[32.0,82.0]},"properties":{"wind_kt":12.0,"wind_from_deg":253.0,"temperature_c":-31.0,"relative_humidity":55.0,"turbulence_score":0.0,"icing_score":0.0,"convection_score":0.002}},{"type":"Feature","geometry":{"type":"Point","coordinates":[36.0,82.0]},"properties":{"wind_kt":19.0,"wind_from_deg":249.0,"temperature_c":-29.8,"relative_humidity":32.0,"turbulence_score":0.013,"icing_score":0.0,"convection_score":0.002}},{"type":"Feature","geometry":{"type":"Point","coordinates":[40.0,82.0]},"properties":{"wind_kt":21.3,"wind_from_deg":252.0,"temperature_c":-29.2,"relative_humidity":32.0,"turbulence_score":0.027,"icing_score":0.0,"convection_score":0.002}},{"type":"Feature","geometry":{"type":"Point","coordinates":[44.0,82.0]},"properties":{"wind_kt":21.3,"wind_from_deg":255.0,"temperature_c":-28.9,"relative_humidity":43.0,"turbulence_score":0.028,"icing_score":0.0,"convection_score":0.002}},{"type":"Feature","geometry":{"type":"Point","coordinates":[48.0,82.0]},"properties":{"wind_kt":21.4,"wind_from_deg":257.0,"temperature_c":-28.5,"relative_humidity":50.0,"turbulence_score":0.031,"icing_score":0.0,"convection_score":0.002}},{"type":"Feature","geometry":{"type":"Point","coordinates":[52.0,82.0]},"properties":{"wind_kt":22.4,"wind_from_deg":259.0,"temperature_c":-28.3,"relative_humidity":50.0,"turbulence_score":0.037,"icing_score":0.0,"convection_score":0.002}},{"type":"Feature","geometry":{"type":"Point","coordinates":[56.0,82.0]},"properties":{"wind_kt":23.6,"wind_from_deg":262.0,"temperature_c":-28.2,"relative_humidity":49.0,"turbulence_score":0.035,"icing_score":0.0,"convection_score":0.001}},{"type":"Feature","geometry":{"type":"Point","coordinates":[60.0,82.0]},"properties":{"wind_kt":25.0,"wind_from_deg":266.0,"temperature_c":-28.1,"relative_humidity":48.0,"turbulence_score":0.033,"icing_score":0.0,"convection_score":0.009}},{"type":"Feature","geometry":{"type":"Point","coordinates":[64.0,82.0]},"properties":{"wind_kt":25.5,"wind_from_deg":269.0,"temperature_c":-28.1,"relative_humidity":51.0,"turbulence_score":0.026,"icing_score":0.0,"convection_score":0.015}},{"type":"Feature","geometry":{"type":"Point","coordinates":[68.0,82.0]},"properties":{"wind_kt":25.9,"wind_from_deg":273.0,"temperature_c":-28.2,"relative_humidity":56.0,"turbulence_score":0.019,"icing_score":0.0,"convection_score":0.052}},{"type":"Feature","geometry":{"type":"Point","coordinates":[72.0,82.0]},"properties":{"wind_kt":25.6,"wind_from_deg":275.0,"temperature_c":-28.4,"relative_humidity":62.0,"turbulence_score":0.009,"icing_score":0.0,"convection_score":0.286}},{"type":"Feature","geometry":{"type":"Point","coordinates":[76.0,82.0]},"properties":{"wind_kt":26.1,"wind_from_deg":277.0,"temperature_c":-28.4,"relative_humidity":64.0,"turbulence_score":0.011,"icing_score":0.0,"convection_score":0.22}},{"type":"Feature","geometry":{"type":"Point","coordinates":[80.0,82.0]},"properties":{"wind_kt":26.6,"wind_from_deg":281.0,"temperature_c":-28.4,"relative_humidity":55.0,"turbulence_score":0.019,"icing_score":0.0,"convection_score":0.255}},{"type":"Feature","geometry":{"type":"Point","coordinates":[84.0,82.0]},"properties":{"wind_kt":27.1,"wind_from_deg":283.0,"temperature_c":-28.1,"relative_humidity":42.0,"turbulence_score":0.023,"icing_score":0.0,"convection_score":0.279}},{"type":"Feature","geometry":{"type":"Point","coordinates":[88.0,82.0]},"properties":{"wind_kt":27.9,"wind_from_deg":283.0,"temperature_c":-28.0,"relative_humidity":37.0,"turbulence_score":0.031,"icing_score":0.0,"convection_score":0.143}},{"type":"Feature","geometry":{"type":"Point","coordinates":[92.0,82.0]},"properties":{"wind_kt":28.1,"wind_from_deg":286.0,"temperature_c":-28.1,"relative_humidity":32.0,"turbulence_score":0.035,"icing_score":0.0,"convection_score":0.139}},{"type":"Feature","geometry":{"type":"Point","coordinates":[96.0,82.0]},"properties":{"wind_kt":23.1,"wind_from_deg":286.0,"temperature_c":-28.7,"relative_humidity":41.0,"turbulence_score":0.011,"icing_score":0.0,"convection_score":0.207}},{"type":"Feature","geometry":{"type":"Point","coordinates":[100.0,82.0]},"properties":{"wind_kt":18.2,"wind_from_deg":283.0,"temperature_c":-29.5,"relative_humidity":60.0,"turbulence_score":0.0,"icing_score":0.0,"convection_score":0.242}},{"type":"Feature","geometry":{"type":"Point","coordinates":[104.0,82.0]},"properties":{"wind_kt":16.7,"wind_from_deg":289.0,"temperature_c":-29.4,"relative_humidity":46.0,"turbulence_score":0.0,"icing_score":0.0,"convection_score":0.29}},{"type":"Feature","geometry":{"type":"Point","coordinates":[108.0,82.0]},"properties":{"wind_kt":15.4,"wind_from_deg":291.0,"temperature_c":-29.4,"relative_humidity":39.0,"turbulence_score":0.0,"icing_score":0.0,"convection_score":0.235}},{"type":"Feature","geometry":{"type":"Point","coordinates":[112.0,82.0]},"properties":{"wind_kt":14.3,"wind_from_deg":302.0,"temperature_c":-29.4,"relative_humidity":38.0,"turbulence_score":0.0,"icing_score":0.0,"convection_score":0.026}},{"type":"Feature","geometry":{"type":"Point","coordinates":[116.0,82.0]},"properties":{"wind_kt":14.7,"wind_from_deg":313.0,"temperature_c":-29.7,"relative_humidity":37.0,"turbulence_score":0.0,"icing_score":0.0,"convection_score":0.024}},{"type":"Feature","geometry":{"type":"Point","coordinates":[120.0,82.0]},"properties":{"wind_kt":12.1,"wind_from_deg":293.0,"temperature_c":-30.4,"relative_humidity":57.0,"turbulence_score":0.0,"icing_score":0.0,"convection_score":0.259}},{"type":"Feature","geometry":{"type":"Point","coordinates":[124.0,82.0]},"properties":{"wind_kt":11.0,"wind_from_deg":274.0,"temperature_c":-30.7,"relative_humidity":48.0,"turbulence_score":0.0,"icing_score":0.0,"convection_score":0.275}},{"type":"Feature","geometry":{"type":"Point","coordinates":[128.0,82.0]},"properties":{"wind_kt":11.9,"wind_from_deg":268.0,"temperature_c":-31.2,"relative_humidity":72.0,"turbulence_score":0.0,"icing_score":0.0,"convection_score":0.23}},{"type":"Feature","geometry":{"type":"Point","coordinates":[132.0,82.0]},"properties":{"wind_kt":9.8,"wind_from_deg":288.0,"temperature_c":-31.5,"relative_humidity":93.0,"turbulence_score":0.0,"icing_score":0.0,"convection_score":0.208}},{"type":"Feature","geometry":{"type":"Point","coordinates":[136.0,82.0]},"properties":{"wind_kt":10.6,"wind_from_deg":309.0,"temperature_c":-31.9,"relative_humidity":100.0,"turbulence_score":0.0,"icing_score":0.0,"convection_score":0.203}},{"type":"Feature","geometry":{"type":"Point","coordinates":[140.0,82.0]},"properties":{"wind_kt":10.1,"wind_from_deg":307.0,"temperature_c":-32.8,"relative_humidity":100.0,"turbulence_score":0.0,"icing_score":0.0,"convection_score":0.0}},{"type":"Feature","geometry":{"type":"Point","coordinates":[144.0,82.0]},"properties":{"wind_kt":11.5,"wind_from_deg":330.0,"temperature_c":-33.5,"relative_humidity":100.0,"turbulence_score":0.0,"icing_score":0.0,"convection_score":0.0}},{"type":"Feature","geometry":{"type":"Point","coordinates":[148.0,82.0]},"properties":{"wind_kt":14.8,"wind_from_deg":353.0,"temperature_c":-34.0,"relative_humidity":99.0,"turbulence_score":0.0,"icing_score":0.0,"convection_score":0.015}},{"type":"Feature","geometry":{"type":"Point","coordinates":[152.0,82.0]},"properties":{"wind_kt":18.2,"wind_from_deg":9.0,"temperature_c":-34.7,"relative_humidity":77.0,"turbulence_score":0.0,"icing_score":0.0,"convection_score":0.015}},{"type":"Feature","geometry":{"type":"Point","coordinates":[156.0,82.0]},"properties":{"wind_kt":5.1,"wind_from_deg":13.0,"temperature_c":-36.3,"relative_humidity":49.0,"turbulence_score":0.0,"icing_score":0.0,"convection_score":0.098}},{"type":"Feature","geometry":{"type":"Point","coordinates":[160.0,82.0]},"properties":{"wind_kt":3.1,"wind_from_deg":170.0,"temperature_c":-37.2,"relative_humidity":58.0,"turbulence_score":0.0,"icing_score":0.0,"convection_score":0.221}},{"type":"Feature","geometry":{"type":"Point","coordinates":[164.0,82.0]},"properties":{"wind_kt":6.7,"wind_from_deg":175.0,"temperature_c":-38.0,"relative_humidity":86.0,"turbulence_score":0.0,"icing_score":0.0,"convection_score":0.099}},{"type":"Feature","geometry":{"type":"Point","coordinates":[168.0,82.0]},"properties":{"wind_kt":8.7,"wind_from_deg":185.0,"temperature_c":-38.6,"relative_humidity":98.0,"turbulence_score":0.0,"icing_score":0.0,"convection_score":0.267}},{"type":"Feature","geometry":{"type":"Point","coordinates":[172.0,82.0]},"properties":{"wind_kt":9.2,"wind_from_deg":195.0,"temperature_c":-38.9,"relative_humidity":100.0,"turbulence_score":0.0,"icing_score":0.0,"convection_score":0.164}},{"type":"Feature","geometry":{"type":"Point","coordinates":[176.0,82.0]},"properties":{"wind_kt":8.5,"wind_from_deg":202.0,"temperature_c":-39.0,"relative_humidity":100.0,"turbulence_score":0.0,"icing_score":0.0,"convection_score":0.001}},{"type":"Feature","geometry":{"type":"Point","coordinates":[180.0,82.0]},"properties":{"wind_kt":7.3,"wind_from_deg":225.0,"temperature_c":-39.1,"relative_humidity":100.0,"turbulence_score":0.0,"icing_score":0.0,"convection_score":0.0}},{"type":"Feature","geometry":{"type":"Point","coordinates":[184.0,82.0]},"properties":{"wind_kt":7.2,"wind_from_deg":243.0,"temperature_c":-39.0,"relative_humidity":98.0,"turbulence_score":0.0,"icing_score":0.0,"convection_score":0.0}},{"type":"Feature","geometry":{"type":"Point","coordinates":[188.0,82.0]},"properties":{"wind_kt":8.1,"wind_from_deg":264.0,"temperature_c":-38.8,"relative_humidity":68.0,"turbulence_score":0.0,"icing_score":0.0,"convection_score":0.0}},{"type":"Feature","geometry":{"type":"Point","coordinates":[192.0,82.0]},"properties":{"wind_kt":7.7,"wind_from_deg":262.0,"temperature_c":-38.9,"relative_humidity":100.0,"turbulence_score":0.0,"icing_score":0.0,"convection_score":0.0}},{"type":"Feature","geometry":{"type":"Point","coordinates":[196.0,82.0]},"properties":{"wind_kt":6.7,"wind_from_deg":266.0,"temperature_c":-38.9,"relative_humidity":100.0,"turbulence_score":0.0,"icing_score":0.0,"convection_score":0.0}},{"type":"Feature","geometry":{"type":"Point","coordinates":[200.0,82.0]},"properties":{"wind_kt":5.5,"wind_from_deg":279.0,"temperature_c":-39.2,"relative_humidity":82.0,"turbulence_score":0.0,"icing_score":0.0,"convection_score":0.01}},{"type":"Feature","geometry":{"type":"Point","coordinates":[204.0,82.0]},"properties":{"wind_kt":3.9,"wind_from_deg":268.0,"temperature_c":-39.5,"relative_humidity":80.0,"turbulence_score":0.0,"icing_score":0.0,"convection_score":0.015}},{"type":"Feature","geometry":{"type":"Point","coordinates":[208.0,82.0]},"properties":{"wind_kt":3.9,"wind_from_deg":319.0,"temperature_c":-39.8,"relative_humidity":83.0,"turbulence_score":0.0,"icing_score":0.0,"convection_score":0.015}},{"type":"Feature","geometry":{"type":"Point","coordinates":[212.0,82.0]},"properties":{"wind_kt":7.2,"wind_from_deg":350.0,"temperature_c":-40.0,"relative_humidity":91.0,"turbulence_score":0.0,"icing_score":0.0,"convection_score":0.015}},{"type":"Feature","geometry":{"type":"Point","coordinates":[216.0,82.0]},"properties":{"wind_kt":9.5,"wind_from_deg":8.0,"temperature_c":-40.2,"relative_humidity":98.0,"turbulence_score":0.0,"icing_score":0.0,"convection_score":0.015}},{"type":"Feature","geometry":{"type":"Point","coordinates":[220.0,82.0]},"properties":{"wind_kt":11.8,"wind_from_deg":21.0,"temperature_c":-40.4,"relative_humidity":100.0,"turbulence_score":0.0,"icing_score":0.0,"convection_score":0.015}},{"type":"Feature","geometry":{"type":"Point","coordinates":[224.0,82.0]},"properties":{"wind_kt":13.5,"wind_from_deg":34.0,"temperature_c":-40.4,"relative_humidity":99.0,"turbulence_score":0.0,"icing_score":0.0,"convection_score":0.228}},{"type":"Feature","geometry":{"type":"Point","coordinates":[228.0,82.0]},"properties":{"wind_kt":15.6,"wind_from_deg":42.0,"temperature_c":-40.5,"relative_humidity":100.0,"turbulence_score":0.0,"icing_score":0.0,"convection_score":0.215}},{"type":"Feature","geometry":{"type":"Point","coordinates":[232.0,82.0]},"properties":{"wind_kt":18.9,"wind_from_deg":47.0,"temperature_c":-40.5,"relative_humidity":100.0,"turbulence_score":0.0,"icing_score":0.0,"convection_score":0.2}},{"type":"Feature","geometry":{"type":"Point","coordinates":[236.0,82.0]},"properties":{"wind_kt":19.9,"wind_from_deg":54.0,"temperature_c":-40.7,"relative_humidity":100.0,"turbulence_score":0.0,"icing_score":0.0,"convection_score":0.243}},{"type":"Feature","geometry":{"type":"Point","coordinates":[240.0,82.0]},"properties":{"wind_kt":16.3,"wind_from_deg":66.0,"temperature_c":-41.1,"relative_humidity":100.0,"turbulence_score":0.0,"icing_score":0.0,"convection_score":0.265}},{"type":"Feature","geometry":{"type":"Point","coordinates":[244.0,82.0]},"properties":{"wind_kt":16.7,"wind_from_deg":82.0,"temperature_c":-41.1,"relative_humidity":100.0,"turbulence_score":0.0,"icing_score":0.0,"convection_score":0.257}},{"type":"Feature","geometry":{"type":"Point","coordinates":[248.0,82.0]},"properties":{"wind_kt":17.6,"wind_from_deg":98.0,"temperature_c":-40.9,"relative_humidity":100.0,"turbulence_score":0.0,"icing_score":0.0,"convection_score":0.166}},{"type":"Feature","geometry":{"type":"Point","coordinates":[252.0,82.0]},"properties":{"wind_kt":17.3,"wind_from_deg":115.0,"temperature_c":-40.7,"relative_humidity":100.0,"turbulence_score":0.0,"icing_score":0.0,"convection_score":0.021}},{"type":"Feature","geometry":{"type":"Point","coordinates":[256.0,82.0]},"properties":{"wind_kt":16.1,"wind_from_deg":135.0,"temperature_c":-40.4,"relative_humidity":100.0,"turbulence_score":0.0,"icing_score":0.0,"convection_score":0.015}},{"type":"Feature","geometry":{"type":"Point","coordinates":[260.0,82.0]},"properties":{"wind_kt":14.5,"wind_from_deg":159.0,"temperature_c":-40.0,"relative_humidity":100.0,"turbulence_score":0.0,"icing_score":0.0,"convection_score":0.003}},{"type":"Feature","geometry":{"type":"Point","coordinates":[264.0,82.0]},"properties":{"wind_kt":13.6,"wind_from_deg":187.0,"temperature_c":-39.5,"relative_humidity":100.0,"turbulence_score":0.0,"icing_score":0.0,"convection_score":0.003}},{"type":"Feature","geometry":{"type":"Point","coordinates":[268.0,82.0]},"properties":{"wind_kt":14.3,"wind_from_deg":217.0,"temperature_c":-39.0,"relative_humidity":100.0,"turbulence_score":0.0,"icing_score":0.0,"convection_score":0.008}},{"type":"Feature","geometry":{"type":"Point","coordinates":[272.0,82.0]},"properties":{"wind_kt":15.3,"wind_from_deg":241.0,"temperature_c":-38.4,"relative_humidity":91.0,"turbulence_score":0.0,"icing_score":0.0,"convection_score":0.01}},{"type":"Feature","geometry":{"type":"Point","coordinates":[276.0,82.0]},"properties":{"wind_kt":14.9,"wind_from_deg":258.0,"temperature_c":-37.9,"relative_humidity":82.0,"turbulence_score":0.0,"icing_score":0.0,"convection_score":0.0}},{"type":"Feature","geometry":{"type":"Point","coordinates":[280.0,82.0]},"properties":{"wind_kt":15.2,"wind_from_deg":271.0,"temperature_c":-37.4,"relative_humidity":62.0,"turbulence_score":0.0,"icing_score":0.0,"convection_score":0.0}},{"type":"Feature","geometry":{"type":"Point","coordinates":[284.0,82.0]},"properties":{"wind_kt":16.1,"wind_from_deg":281.0,"temperature_c":-37.3,"relative_humidity":74.0,"turbulence_score":0.0,"icing_score":0.0,"convection_score":0.0}},{"type":"Feature","geometry":{"type":"Point","coordinates":[288.0,82.0]},"properties":{"wind_kt":19.2,"wind_from_deg":289.0,"temperature_c":-37.2,"relative_humidity":69.0,"turbulence_score":0.012,"icing_score":0.0,"convection_score":0.013}},{"type":"Feature","geometry":{"type":"Point","coordinates":[292.0,82.0]},"properties":{"wind_kt":21.8,"wind_from_deg":288.0,"temperature_c":-37.4,"relative_humidity":74.0,"turbulence_score":0.033,"icing_score":0.0,"convection_score":0.034}},{"type":"Feature","geometry":{"type":"Point","coordinates":[296.0,82.0]},"properties":{"wind_kt":21.2,"wind_from_deg":283.0,"temperature_c":-37.7,"relative_humidity":83.0,"turbulence_score":0.008,"icing_score":0.0,"convection_score":0.077}},{"type":"Feature","geometry":{"type":"Point","coordinates":[300.0,82.0]},"properties":{"wind_kt":21.1,"wind_from_deg":276.0,"temperature_c":-38.0,"relative_humidity":90.0,"turbulence_score":0.0,"icing_score":0.0,"convection_score":0.227}},{"type":"Feature","geometry":{"type":"Point","coordinates":[304.0,82.0]},"properties":{"wind_kt":22.0,"wind_from_deg":268.0,"temperature_c":-38.5,"relative_humidity":100.0,"turbulence_score":0.0,"icing_score":0.0,"convection_score":0.234}},{"type":"Feature","geometry":{"type":"Point","coordinates":[308.0,82.0]},"properties":{"wind_kt":21.3,"wind_from_deg":264.0,"temperature_c":-38.4,"relative_humidity":100.0,"turbulence_score":0.003,"icing_score":0.0,"convection_score":0.189}},{"type":"Feature","geometry":{"type":"Point","coordinates":[312.0,82.0]},"properties":{"wind_kt":20.8,"wind_from_deg":257.0,"temperature_c":-38.5,"relative_humidity":100.0,"turbulence_score":0.004,"icing_score":0.0,"convection_score":0.191}},{"type":"Feature","geometry":{"type":"Point","coordinates":[316.0,82.0]},"properties":{"wind_kt":19.6,"wind_from_deg":248.0,"temperature_c":-38.5,"relative_humidity":100.0,"turbulence_score":0.0,"icing_score":0.0,"convection_score":0.178}},{"type":"Feature","geometry":{"type":"Point","coordinates":[320.0,82.0]},"properties":{"wind_kt":19.7,"wind_from_deg":244.0,"temperature_c":-38.4,"relative_humidity":100.0,"turbulence_score":0.0,"icing_score":0.0,"convection_score":0.145}},{"type":"Feature","geometry":{"type":"Point","coordinates":[324.0,82.0]},"properties":{"wind_kt":16.7,"wind_from_deg":251.0,"temperature_c":-37.4,"relative_humidity":76.0,"turbulence_score":0.0,"icing_score":0.0,"convection_score":0.237}},{"type":"Feature","geometry":{"type":"Point","coordinates":[328.0,82.0]},"properties":{"wind_kt":15.1,"wind_from_deg":248.0,"temperature_c":-37.8,"relative_humidity":84.0,"turbulence_score":0.0,"icing_score":0.0,"convection_score":0.092}},{"type":"Feature","geometry":{"type":"Point","coordinates":[332.0,82.0]},"properties":{"wind_kt":13.0,"wind_from_deg":250.0,"temperature_c":-37.3,"relative_humidity":77.0,"turbulence_score":0.0,"icing_score":0.0,"convection_score":0.065}},{"type":"Feature","geometry":{"type":"Point","coordinates":[336.0,82.0]},"properties":{"wind_kt":11.5,"wind_from_deg":246.0,"temperature_c":-37.3,"relative_humidity":81.0,"turbulence_score":0.0,"icing_score":0.0,"convection_score":0.142}},{"type":"Feature","geometry":{"type":"Point","coordinates":[340.0,82.0]},"properties":{"wind_kt":11.2,"wind_from_deg":245.0,"temperature_c":-36.8,"relative_humidity":77.0,"turbulence_score":0.0,"icing_score":0.0,"convection_score":0.17}},{"type":"Feature","geometry":{"type":"Point","coordinates":[344.0,82.0]},"properties":{"wind_kt":16.2,"wind_from_deg":222.0,"temperature_c":-36.2,"relative_humidity":60.0,"turbulence_score":0.0,"icing_score":0.0,"convection_score":0.288}},{"type":"Feature","geometry":{"type":"Point","coordinates":[348.0,82.0]},"properties":{"wind_kt":21.5,"wind_from_deg":217.0,"temperature_c":-35.3,"relative_humidity":45.0,"turbulence_score":0.041,"icing_score":0.0,"convection_score":0.172}},{"type":"Feature","geometry":{"type":"Point","coordinates":[352.0,82.0]},"properties":{"wind_kt":23.7,"wind_from_deg":220.0,"temperature_c":-34.8,"relative_humidity":54.0,"turbulence_score":0.07,"icing_score":0.0,"convection_score":0.013}},{"type":"Feature","geometry":{"type":"Point","coordinates":[356.0,82.0]},"properties":{"wind_kt":23.1,"wind_from_deg":227.0,"temperature_c":-34.4,"relative_humidity":68.0,"turbulence_score":0.065,"icing_score":0.0,"convection_score":0.015}},{"type":"Feature","geometry":{"type":"Point","coordinates":[0.0,78.0]},"properties":{"wind_kt":10.2,"wind_from_deg":324.0,"temperature_c":-32.5,"relative_humidity":63.0,"turbulence_score":0.0,"icing_score":0.0,"convection_score":0.003}},{"type":"Feature","geometry":{"type":"Point","coordinates":[4.0,78.0]},"properties":{"wind_kt":6.7,"wind_from_deg":315.0,"temperature_c":-31.9,"relative_humidity":73.0,"turbulence_score":0.0,"icing_score":0.0,"convection_score":0.143}},{"type":"Feature","geometry":{"type":"Point","coordinates":[8.0,78.0]},"properties":{"wind_kt":10.2,"wind_from_deg":291.0,"temperature_c":-31.2,"relative_humidity":48.0,"turbulence_score":0.0,"icing_score":0.0,"convection_score":0.085}},{"type":"Feature","geometry":{"type":"Point","coordinates":[12.0,78.0]},"properties":{"wind_kt":10.2,"wind_from_deg":298.0,"temperature_c":-30.4,"relative_humidity":45.0,"turbulence_score":0.0,"icing_score":0.0,"convection_score":0.0}},{"type":"Feature","geometry":{"type":"Point","coordinates":[16.0,78.0]},"properties":{"wind_kt":7.3,"wind_from_deg":355.0,"temperature_c":-30.0,"relative_humidity":54.0,"turbulence_score":0.0,"icing_score":0.0,"convection_score":0.0}},{"type":"Feature","geometry":{"type":"Point","coordinates":[20.0,78.0]},"properties":{"wind_kt":9.7,"wind_from_deg":43.0,"temperature_c":-29.0,"relative_humidity":76.0,"turbulence_score":0.0,"icing_score":0.0,"convection_score":0.024}},{"type":"Feature","geometry":{"type":"Point","coordinates":[24.0,78.0]},"properties":{"wind_kt":5.4,"wind_from_deg":89.0,"temperature_c":-27.3,"relative_humidity":100.0,"turbulence_score":0.0,"icing_score":0.0,"convection_score":0.107}},{"type":"Feature","geometry":{"type":"Point","coordinates":[28.0,78.0]},"properties":{"wind_kt":10.1,"wind_from_deg":90.0,"temperature_c":-27.3,"relative_humidity":100.0,"turbulence_score":0.0,"icing_score":0.0,"convection_score":0.306}},{"type":"Feature","geometry":{"type":"Point","coordinates":[32.0,78.0]},"properties":{"wind_kt":13.2,"wind_from_deg":93.0,"temperature_c":-26.7,"relative_humidity":100.0,"turbulence_score":0.0,"icing_score":0.0,"convection_score":0.305}},{"type":"Feature","geometry":{"type":"Point","coordinates":[36.0,78.0]},"properties":{"wind_kt":15.8,"wind_from_deg":115.0,"temperature_c":-25.4,"relative_humidity":100.0,"turbulence_score":0.0,"icing_score":0.035,"convection_score":0.302}},{"type":"Feature","geometry":{"type":"Point","coordinates":[40.0,78.0]},"properties":{"wind_kt":16.1,"wind_from_deg":146.0,"temperature_c":-24.3,"relative_humidity":100.0,"turbulence_score":0.0,"icing_score":0.097,"convection_score":0.3}},{"type":"Feature","geometry":{"type":"Point","coordinates":[44.0,78.0]},"properties":{"wind_kt":22.9,"wind_from_deg":172.0,"temperature_c":-23.5,"relative_humidity":100.0,"turbulence_score":0.009,"icing_score":0.141,"convection_score":0.19}},{"type":"Feature","geometry":{"type":"Point","coordinates":[48.0,78.0]},"properties":{"wind_kt":23.3,"wind_from_deg":175.0,"temperature_c":-23.4,"relative_humidity":99.0,"turbulence_score":0.035,"icing_score":0.14,"convection_score":0.015}},{"type":"Feature","geometry":{"type":"Point","coordinates":[52.0,78.0]},"properties":{"wind_kt":26.1,"wind_from_deg":186.0,"temperature_c":-23.3,"relative_humidity":54.0,"turbulence_score":0.059,"icing_score":0.0,"convection_score":0.001}},{"type":"Feature","geometry":{"type":"Point","coordinates":[56.0,78.0]},"properties":{"wind_kt":24.1,"wind_from_deg":196.0,"temperature_c":-22.9,"relative_humidity":49.0,"turbulence_score":0.025,"icing_score":0.0,"convection_score":0.005}},{"type":"Feature","geometry":{"type":"Point","coordinates":[60.0,78.0]},"properties":{"wind_kt":21.0,"wind_from_deg":221.0,"temperature_c":-23.5,"relative_humidity":85.0,"turbulence_score":0.0,"icing_score":0.077,"convection_score":0.0}},{"type":"Feature","geometry":{"type":"Point","coordinates":[64.0,78.0]},"properties":{"wind_kt":18.9,"wind_from_deg":237.0,"temperature_c":-23.8,"relative_humidity":100.0,"turbulence_score":0.0,"icing_score":0.118,"convection_score":0.0}},{"type":"Feature","geometry":{"type":"Point","coordinates":[68.0,78.0]},"properties":{"wind_kt":18.5,"wind_from_deg":251.0,"temperature_c":-23.5,"relative_humidity":96.0,"turbulence_score":0.0,"icing_score":0.121,"convection_score":0.001}},{"type":"Feature","geometry":{"type":"Point","coordinates":[72.0,78.0]},"properties":{"wind_kt":20.6,"wind_from_deg":259.0,"temperature_c":-23.1,"relative_humidity":85.0,"turbulence_score":0.0,"icing_score":0.092,"convection_score":0.015}},{"type":"Feature","geometry":{"type":"Point","coordinates":[76.0,78.0]},"properties":{"wind_kt":23.2,"wind_from_deg":270.0,"temperature_c":-23.5,"relative_humidity":100.0,"turbulence_score":0.001,"icing_score":0.138,"convection_score":0.015}},{"type":"Feature","geometry":{"type":"Point","coordinates":[80.0,78.0]},"properties":{"wind_kt":26.7,"wind_from_deg":284.0,"temperature_c":-24.0,"relative_humidity":100.0,"turbulence_score":0.019,"icing_score":0.112,"convection_score":0.292}},{"type":"Feature","geometry":{"type":"Point","coordinates":[84.0,78.0]},"properties":{"wind_kt":29.0,"wind_from_deg":299.0,"temperature_c":-24.6,"relative_humidity":100.0,"turbulence_score":0.029,"icing_score":0.08,"convection_score":0.283}},{"type":"Feature","geometry":{"type":"Point","coordinates":[88.0,78.0]},"properties":{"wind_kt":31.3,"wind_from_deg":307.0,"temperature_c":-26.0,"relative_humidity":100.0,"turbulence_score":0.055,"icing_score":0.0,"convection_score":0.264}},{"type":"Feature","geometry":{"type":"Point","coordinates":[92.0,78.0]},"properties":{"wind_kt":25.5,"wind_from_deg":305.0,"temperature_c":-27.6,"relative_humidity":63.0,"turbulence_score":0.0,"icing_score":0.0,"convection_score":0.299}},{"type":"Feature","geometry":{"type":"Point","coordinates":[96.0,78.0]},"properties":{"wind_kt":19.5,"wind_from_deg":296.0,"temperature_c":-28.8,"relative_humidity":100.0,"turbulence_score":0.0,"icing_score":0.0,"convection_score":0.212}},{"type":"Feature","geometry":{"type":"Point","coordinates":[100.0,78.0]},"properties":{"wind_kt":18.7,"wind_from_deg":298.0,"temperature_c":-28.9,"relative_humidity":100.0,"turbulence_score":0.0,"icing_score":0.0,"convection_score":0.234}},{"type":"Feature","geometry":{"type":"Point","coordinates":[104.0,78.0]},"properties":{"wind_kt":17.7,"wind_from_deg":292.0,"temperature_c":-28.5,"relative_humidity":100.0,"turbulence_score":0.0,"icing_score":0.0,"convection_score":0.155}},{"type":"Feature","geometry":{"type":"Point","coordinates":[108.0,78.0]},"properties":{"wind_kt":19.5,"wind_from_deg":296.0,"temperature_c":-28.9,"relative_humidity":100.0,"turbulence_score":0.0,"icing_score":0.0,"convection_score":0.238}},{"type":"Feature","geometry":{"type":"Point","coordinates":[112.0,78.0]},"properties":{"wind_kt":21.4,"wind_from_deg":296.0,"temperature_c":-29.0,"relative_humidity":99.0,"turbulence_score":0.0,"icing_score":0.0,"convection_score":0.268}},{"type":"Feature","geometry":{"type":"Point","coordinates":[116.0,78.0]},"properties":{"wind_kt":26.9,"wind_from_deg":302.0,"temperature_c":-29.3,"relative_humidity":100.0,"turbulence_score":0.011,"icing_score":0.0,"convection_score":0.229}},{"type":"Feature","geometry":{"type":"Point","coordinates":[120.0,78.0]},"properties":{"wind_kt":32.2,"wind_from_deg":312.0,"temperature_c":-29.2,"relative_humidity":53.0,"turbulence_score":0.08,"icing_score":0.0,"convection_score":0.015}},{"type":"Feature","geometry":{"type":"Point","coordinates":[124.0,78.0]},"properties":{"wind_kt":28.6,"wind_from_deg":321.0,"temperature_c":-29.8,"relative_humidity":39.0,"turbulence_score":0.069,"icing_score":0.0,"convection_score":0.015}},{"type":"Feature","geometry":{"type":"Point","coordinates":[128.0,78.0]},"properties":{"wind_kt":20.3,"wind_from_deg":332.0,"temperature_c":-30.9,"relative_humidity":62.0,"turbulence_score":0.019,"icing_score":0.0,"convection_score":0.041}},{"type":"Feature","geometry":{"type":"Point","coordinates":[132.0,78.0]},"properties":{"wind_kt":7.9,"wind_from_deg":1.0,"temperature_c":-31.9,"relative_humidity":71.0,"turbulence_score":0.0,"icing_score":0.0,"convection_score":0.045}},{"type":"Feature","geometry":{"type":"Point","coordinates":[136.0,78.0]},"properties":{"wind_kt":4.1,"wind_from_deg":83.0,"temperature_c":-32.2,"relative_humidity":70.0,"turbulence_score":0.0,"icing_score":0.0,"convection_score":0.017}},{"type":"Feature","geometry":{"type":"Point","coordinates":[140.0,78.0]},"properties":{"wind_kt":6.9,"wind_from_deg":13.0,"temperature_c":-32.6,"relative_humidity":87.0,"turbulence_score":0.0,"icing_score":0.0,"convection_score":0.017}},{"type":"Feature","geometry":{"type":"Point","coordinates":[144.0,78.0]},"properties":{"wind_kt":17.2,"wind_from_deg":357.0,"temperature_c":-33.0,"relative_humidity":65.0,"turbulence_score":0.007,"icing_score":0.0,"convection_score":0.266}},{"type":"Feature","geometry":{"type":"Point","coordinates":[148.0,78.0]},"properties":{"wind_kt":20.2,"wind_from_deg":355.0,"temperature_c":-34.9,"relative_humidity":62.0,"turbulence_score":0.034,"icing_score":0.0,"convection_score":0.015}},{"type":"Feature","geometry":{"type":"Point","coordinates":[152.0,78.0]},"properties":{"wind_kt":7.6,"wind_from_deg":351.0,"temperature_c":-35.9,"relative_humidity":47.0,"turbulence_score":0.0,"icing_score":0.0,"convection_score":0.013}},{"type":"Feature","geometry":{"type":"Point","coordinates":[156.0,78.0]},"properties":{"wind_kt":5.8,"wind_from_deg":202.0,"temperature_c":-36.5,"relative_humidity":44.0,"turbulence_score":0.0,"icing_score":0.0,"convection_score":0.015}},{"type":"Feature","geometry":{"type":"Point","coordinates":[160.0,78.0]},"properties":{"wind_kt":6.5,"wind_from_deg":182.0,"temperature_c":-37.0,"relative_humidity":63.0,"turbulence_score":0.0,"icing_score":0.0,"convection_score":0.015}},{"type":"Feature","geometry":{"type":"Point","coordinates":[164.0,78.0]},"properties":{"wind_kt":4.5,"wind_from_deg":120.0,"temperature_c":-37.7,"relative_humidity":85.0,"turbulence_score":0.0,"icing_score":0.0,"convection_score":0.214}},{"type":"Feature","geometry":{"type":"Point","coordinates":[168.0,78.0]},"properties":{"wind_kt":7.0,"wind_from_deg":81.0,"temperature_c":-37.9,"relative_humidity":95.0,"turbulence_score":0.0,"icing_score":0.0,"convection_score":0.015}},{"type":"Feature","geometry":{"type":"Point","coordinates":[172.0,78.0]},"properties":{"wind_kt":7.9,"wind_from_deg":126.0,"temperature_c":-38.5,"relative_humidity":100.0,"turbulence_score":0.0,"icing_score":0.0,"convection_score":0.015}},{"type":"Feature","geometry":{"type":"Point","coordinates":[176.0,78.0]},"properties":{"wind_kt":10.8,"wind_from_deg":151.0,"temperature_c":-38.9,"relative_humidity":100.0,"turbulence_score":0.0,"icing_score":0.0,"convection_score":0.235}},{"type":"Feature","geometry":{"type":"Point","coordinates":[180.0,78.0]},"properties":{"wind_kt":13.6,"wind_from_deg":163.0,"temperature_c":-39.0,"relative_humidity":100.0,"turbulence_score":0.0,"icing_score":0.0,"convection_score":0.215}},{"type":"Feature","geometry":{"type":"Point","coordinates":[184.0,78.0]},"properties":{"wind_kt":15.3,"wind_from_deg":171.0,"temperature_c":-39.1,"relative_humidity":100.0,"turbulence_score":0.0,"icing_score":0.0,"convection_score":0.205}},{"type":"Feature","geometry":{"type":"Point","coordinates":[188.0,78.0]},"properties":{"wind_kt":14.0,"wind_from_deg":187.0,"temperature_c":-39.0,"relative_humidity":100.0,"turbulence_score":0.0,"icing_score":0.0,"convection_score":0.228}},{"type":"Feature","geometry":{"type":"Point","coordinates":[192.0,78.0]},"properties":{"wind_kt":13.2,"wind_from_deg":207.0,"temperature_c":-38.8,"relative_humidity":100.0,"turbulence_score":0.0,"icing_score":0.0,"convection_score":0.3}},{"type":"Feature","geometry":{"type":"Point","coordinates":[196.0,78.0]},"properties":{"wind_kt":12.4,"wind_from_deg":229.0,"temperature_c":-38.9,"relative_humidity":100.0,"turbulence_score":0.0,"icing_score":0.0,"convection_score":0.288}},{"type":"Feature","geometry":{"type":"Point","coordinates":[200.0,78.0]},"properties":{"wind_kt":12.1,"wind_from_deg":259.0,"temperature_c":-38.9,"relative_humidity":100.0,"turbulence_score":0.0,"icing_score":0.0,"convection_score":0.296}},{"type":"Feature","geometry":{"type":"Point","coordinates":[204.0,78.0]},"properties":{"wind_kt":15.4,"wind_from_deg":283.0,"temperature_c":-38.5,"relative_humidity":100.0,"turbulence_score":0.0,"icing_score":0.0,"convection_score":0.28}},{"type":"Feature","geometry":{"type":"Point","coordinates":[208.0,78.0]},"properties":{"wind_kt":17.5,"wind_from_deg":294.0,"temperature_c":-38.6,"relative_humidity":100.0,"turbulence_score":0.0,"icing_score":0.0,"convection_score":0.0}},{"type":"Feature","geometry":{"type":"Point","coordinates":[212.0,78.0]},"properties":{"wind_kt":19.6,"wind_from_deg":306.0,"temperature_c":-38.9,"relative_humidity":77.0,"turbulence_score":0.0,"icing_score":0.0,"convection_score":0.003}},{"type":"Feature","geometry":{"type":"Point","coordinates":[216.0,78.0]},"properties":{"wind_kt":18.6,"wind_from_deg":314.0,"temperature_c":-39.6,"relative_humidity":63.0,"turbulence_score":0.0,"icing_score":0.0,"convection_score":0.015}},{"type":"Feature","geometry":{"type":"Point","coordinates":[220.0,78.0]},"properties":{"wind_kt":19.5,"wind_from_deg":320.0,"temperature_c":-40.0,"relative_humidity":71.0,"turbulence_score":0.0,"icing_score":0.0,"convection_score":0.015}},{"type":"Feature","geometry":{"type":"Point","coordinates":[224.0,78.0]},"properties":{"wind_kt":16.1,"wind_from_deg":327.0,"temperature_c":-40.1,"relative_humidity":70.0,"turbulence_score":0.0,"icing_score":0.0,"convection_score":0.015}},{"type":"Feature","geometry":{"type":"Point","coordinates":[228.0,78.0]},"properties":{"wind_kt":22.8,"wind_from_deg":332.0,"temperature_c":-40.2,"relative_humidity":86.0,"turbulence_score":0.0,"icing_score":0.0,"convection_score":0.015}},{"type":"Feature","geometry":{"type":"Point","coordinates":[232.0,78.0]},"properties":{"wind_kt":25.0,"wind_from_deg":332.0,"temperature_c":-41.3,"relative_humidity":92.0,"turbulence_score":0.0,"icing_score":0.0,"convection_score":0.015}},{"type":"Feature","geometry":{"type":"Point","coordinates":[236.0,78.0]},"properties":{"wind_kt":18.0,"wind_from_deg":339.0,"temperature_c":-43.0,"relative_humidity":82.0,"turbulence_score":0.0,"icing_score":0.0,"convection_score":0.015}},{"type":"Feature","geometry":{"type":"Point","coordinates":[240.0,78.0]},"properties":{"wind_kt":25.2,"wind_from_deg":336.0,"temperature_c":-43.2,"relative_humidity":100.0,"turbulence_score":0.0,"icing_score":0.0,"convection_score":0.248}},{"type":"Feature","geometry":{"type":"Point","coordinates":[244.0,78.0]},"properties":{"wind_kt":26.8,"wind_from_deg":322.0,"temperature_c":-43.3,"relative_humidity":100.0,"turbulence_score":0.0,"icing_score":0.0,"convection_score":0.281}},{"type":"Feature","geometry":{"type":"Point","coordinates":[248.0,78.0]},"properties":{"wind_kt":22.2,"wind_from_deg":271.0,"temperature_c":-41.9,"relative_humidity":66.0,"turbulence_score":0.0,"icing_score":0.0,"convection_score":0.214}},{"type":"Feature","geometry":{"type":"Point","coordinates":[252.0,78.0]},"properties":{"wind_kt":37.9,"wind_from_deg":223.0,"temperature_c":-38.6,"relative_humidity":34.0,"turbulence_score":0.12,"icing_score":0.0,"convection_score":0.015}},{"type":"Feature","geometry":{"type":"Point","coordinates":[256.0,78.0]},"properties":{"wind_kt":44.3,"wind_from_deg":215.0,"temperature_c":-36.3,"relative_humidity":23.0,"turbulence_score":0.148,"icing_score":0.0,"convection_score":0.006}},{"type":"Feature","geometry":{"type":"Point","coordinates":[260.0,78.0]},"properties":{"wind_kt":46.7,"wind_from_deg":213.0,"temperature_c":-35.0,"relative_humidity":28.0,"turbulence_score":0.133,"icing_score":0.0,"convection_score":0.081}},{"type":"Feature","geometry":{"type":"Point","coordinates":[264.0,78.0]},"properties":{"wind_kt":47.3,"wind_from_deg":217.0,"temperature_c":-34.1,"relative_humidity":40.0,"turbulence_score":0.142,"icing_score":0.0,"convection_score":0.3}},{"type":"Feature","geometry":{"type":"Point","coordinates":[268.0,78.0]},"properties":{"wind_kt":38.6,"wind_from_deg":225.0,"temperature_c":-33.8,"relative_humidity":100.0,"turbulence_score":0.108,"icing_score":0.0,"convection_score":0.3}},{"type":"Feature","geometry":{"type":"Point","coordinates":[272.0,78.0]},"properties":{"wind_kt":30.5,"wind_from_deg":232.0,"temperature_c":-33.6,"relative_humidity":100.0,"turbulence_score":0.05,"icing_score":0.0,"convection_score":0.3}},{"type":"Feature","geometry":{"type":"Point","coordinates":[276.0,78.0]},"properties":{"wind_kt":25.0,"wind_from_deg":246.0,"temperature_c":-33.5,"relative_humidity":100.0,"turbulence_score":0.007,"icing_score":0.0,"convection_score":0.031}},{"type":"Feature","geometry":{"type":"Point","coordinates":[280.0,78.0]},"properties":{"wind_kt":24.2,"wind_from_deg":265.0,"temperature_c":-33.8,"relative_humidity":100.0,"turbulence_score":0.024,"icing_score":0.0,"convection_score":0.0}},{"type":"Feature","geometry":{"type":"Point","coordinates":[284.0,78.0]},"properties":{"wind_kt":25.1,"wind_from_deg":288.0,"temperature_c":-34.8,"relative_humidity":94.0,"turbulence_score":0.041,"icing_score":0.0,"convection_score":0.0}},{"type":"Feature","geometry":{"type":"Point","coordinates":[288.0,78.0]},"properties":{"wind_kt":24.3,"wind_from_deg":303.0,"temperature_c":-34.6,"relative_humidity":57.0,"turbulence_score":0.04,"icing_score":0.0,"convection_score":0.079}},{"type":"Feature","geometry":{"type":"Point","coordinates":[292.0,78.0]},"properties":{"wind_kt":21.1,"wind_from_deg":304.0,"temperature_c":-34.6,"relative_humidity":36.0,"turbulence_score":0.02,"icing_score":0.0,"convection_score":0.152}},{"type":"Feature","geometry":{"type":"Point","coordinates":[296.0,78.0]},"properties":{"wind_kt":18.2,"wind_from_deg":302.0,"temperature_c":-35.6,"relative_humidity":38.0,"turbulence_score":0.002,"icing_score":0.0,"convection_score":0.0}},{"type":"Feature","geometry":{"type":"Point","coordinates":[300.0,78.0]},"properties":{"wind_kt":13.6,"wind_from_deg":302.0,"temperature_c":-36.5,"relative_humidity":56.0,"turbulence_score":0.0,"icing_score":0.0,"convection_score":0.0}},{"type":"Feature","geometry":{"type":"Point","coordinates":[304.0,78.0]},"properties":{"wind_kt":9.7,"wind_from_deg":279.0,"temperature_c":-37.7,"relative_humidity":97.0,"turbulence_score":0.0,"icing_score":0.0,"convection_score":0.0}},{"type":"Feature","geometry":{"type":"Point","coordinates":[308.0,78.0]},"properties":{"wind_kt":10.4,"wind_from_deg":263.0,"temperature_c":-38.2,"relative_humidity":97.0,"turbulence_score":0.0,"icing_score":0.0,"convection_score":0.0}},{"type":"Feature","geometry":{"type":"Point","coordinates":[312.0,78.0]},"properties":{"wind_kt":11.7,"wind_from_deg":247.0,"temperature_c":-38.5,"relative_humidity":98.0,"turbulence_score":0.0,"icing_score":0.0,"convection_score":0.0}},{"type":"Feature","geometry":{"type":"Point","coordinates":[316.0,78.0]},"properties":{"wind_kt":12.3,"wind_from_deg":245.0,"temperature_c":-38.4,"relative_humidity":98.0,"turbulence_score":0.0,"icing_score":0.0,"convection_score":0.0}},{"type":"Feature","geometry":{"type":"Point","coordinates":[320.0,78.0]},"properties":{"wind_kt":14.1,"wind_from_deg":256.0,"temperature_c":-38.4,"relative_humidity":89.0,"turbulence_score":0.0,"icing_score":0.0,"convection_score":0.0}},{"type":"Feature","geometry":{"type":"Point","coordinates":[324.0,78.0]},"properties":{"wind_kt":15.8,"wind_from_deg":270.0,"temperature_c":-38.2,"relative_humidity":78.0,"turbulence_score":0.0,"icing_score":0.0,"convection_score":0.0}},{"type":"Feature","geometry":{"type":"Point","coordinates":[328.0,78.0]},"properties":{"wind_kt":14.4,"wind_from_deg":260.0,"temperature_c":-38.1,"relative_humidity":75.0,"turbulence_score":0.0,"icing_score":0.0,"convection_score":0.0}},{"type":"Feature","geometry":{"type":"Point","coordinates":[332.0,78.0]},"properties":{"wind_kt":14.4,"wind_from_deg":257.0,"temperature_c":-37.3,"relative_humidity":64.0,"turbulence_score":0.0,"icing_score":0.0,"convection_score":0.0}},{"type":"Feature","geometry":{"type":"Point","coordinates":[336.0,78.0]},"properties":{"wind_kt":20.6,"wind_from_deg":255.0,"temperature_c":-35.3,"relative_humidity":47.0,"turbulence_score":0.019,"icing_score":0.0,"convection_score":0.0}},{"type":"Feature","geometry":{"type":"Point","coordinates":[340.0,78.0]},"properties":{"wind_kt":30.5,"wind_from_deg":231.0,"temperature_c":-34.9,"relative_humidity":67.0,"turbulence_score":0.076,"icing_score":0.0,"convection_score":0.0}},{"type":"Feature","geometry":{"type":"Point","coordinates":[344.0,78.0]},"properties":{"wind_kt":25.6,"wind_from_deg":229.0,"temperature_c":-34.2,"relative_humidity":83.0,"turbulence_score":0.033,"icing_score":0.0,"convection_score":0.0}},{"type":"Feature","geometry":{"type":"Point","coordinates":[348.0,78.0]},"properties":{"wind_kt":21.6,"wind_from_deg":233.0,"temperature_c":-33.7,"relative_humidity":91.0,"turbulence_score":0.0,"icing_score":0.0,"convection_score":0.003}},{"type":"Feature","geometry":{"type":"Point","coordinates":[352.0,78.0]},"properties":{"wind_kt":16.5,"wind_from_deg":250.0,"temperature_c":-33.4,"relative_humidity":93.0,"turbulence_score":0.0,"icing_score":0.0,"convection_score":0.0}},{"type":"Feature","geometry":{"type":"Point","coordinates":[356.0,78.0]},"properties":{"wind_kt":11.0,"wind_from_deg":300.0,"temperature_c":-33.0,"relative_humidity":74.0,"turbulence_score":0.0,"icing_score":0.0,"convection_score":0.001}},{"type":"Feature","geometry":{"type":"Point","coordinates":[0.0,74.0]},"properties":{"wind_kt":10.0,"wind_from_deg":355.0,"temperature_c":-32.0,"relative_humidity":65.0,"turbulence_score":0.0,"icing_score":0.0,"convection_score":0.309}},{"type":"Feature","geometry":{"type":"Point","coordinates":[4.0,74.0]},"properties":{"wind_kt":18.6,"wind_from_deg":3.0,"temperature_c":-32.2,"relative_humidity":84.0,"turbulence_score":0.0,"icing_score":0.0,"convection_score":0.25}},{"type":"Feature","geometry":{"type":"Point","coordinates":[8.0,74.0]},"properties":{"wind_kt":12.6,"wind_from_deg":329.0,"temperature_c":-32.3,"relative_humidity":53.0,"turbulence_score":0.0,"icing_score":0.0,"convection_score":0.314}},{"type":"Feature","geometry":{"type":"Point","coordinates":[12.0,74.0]},"properties":{"wind_kt":5.1,"wind_from_deg":239.0,"temperature_c":-31.2,"relative_humidity":48.0,"turbulence_score":0.0,"icing_score":0.0,"convection_score":0.304}},{"type":"Feature","geometry":{"type":"Point","coordinates":[16.0,74.0]},"properties":{"wind_kt":10.1,"wind_from_deg":333.0,"temperature_c":-30.5,"relative_humidity":89.0,"turbulence_score":0.0,"icing_score":0.0,"convection_score":0.026}},{"type":"Feature","geometry":{"type":"Point","coordinates":[20.0,74.0]},"properties":{"wind_kt":7.5,"wind_from_deg":346.0,"temperature_c":-27.8,"relative_humidity":100.0,"turbulence_score":0.0,"icing_score":0.0,"convection_score":0.136}},{"type":"Feature","geometry":{"type":"Point","coordinates":[24.0,74.0]},"properties":{"wind_kt":20.0,"wind_from_deg":354.0,"temperature_c":-27.1,"relative_humidity":99.0,"turbulence_score":0.031,"icing_score":0.0,"convection_score":0.311}},{"type":"Feature","geometry":{"type":"Point","coordinates":[28.0,74.0]},"properties":{"wind_kt":18.6,"wind_from_deg":17.0,"temperature_c":-25.1,"relative_humidity":100.0,"turbulence_score":0.018,"icing_score":0.05,"convection_score":0.307}},{"type":"Feature","geometry":{"type":"Point","coordinates":[32.0,74.0]},"properties":{"wind_kt":18.9,"wind_from_deg":30.0,"temperature_c":-25.3,"relative_humidity":100.0,"turbulence_score":0.0,"icing_score":0.037,"convection_score":0.301}},{"type":"Feature","geometry":{"type":"Point","coordinates":[36.0,74.0]},"properties":{"wind_kt":14.1,"wind_from_deg":82.0,"temperature_c":-27.6,"relative_humidity":100.0,"turbulence_score":0.0,"icing_score":0.0,"convection_score":0.214}},{"type":"Feature","geometry":{"type":"Point","coordinates":[40.0,74.0]},"properties":{"wind_kt":23.6,"wind_from_deg":113.0,"temperature_c":-27.1,"relative_humidity":54.0,"turbulence_score":0.0,"icing_score":0.0,"convection_score":0.011}},{"type":"Feature","geometry":{"type":"Point","coordinates":[44.0,74.0]},"properties":{"wind_kt":28.8,"wind_from_deg":149.0,"temperature_c":-26.9,"relative_humidity":43.0,"turbulence_score":0.0,"icing_score":0.0,"convection_score":0.007}},{"type":"Feature","geometry":{"type":"Point","coordinates":[48.0,74.0]},"properties":{"wind_kt":45.2,"wind_from_deg":149.0,"temperature_c":-24.3,"relative_humidity":73.0,"turbulence_score":0.131,"icing_score":0.022,"convection_score":0.302}},{"type":"Feature","geometry":{"type":"Point","coordinates":[52.0,74.0]},"properties":{"wind_kt":44.0,"wind_from_deg":159.0,"temperature_c":-23.4,"relative_humidity":97.0,"turbulence_score":0.164,"icing_score":0.131,"convection_score":0.108}},{"type":"Feature","geometry":{"type":"Point","coordinates":[56.0,74.0]},"properties":{"wind_kt":38.4,"wind_from_deg":165.0,"temperature_c":-23.4,"relative_humidity":46.0,"turbulence_score":0.025,"icing_score":0.0,"convection_score":0.27}},{"type":"Feature","geometry":{"type":"Point","coordinates":[60.0,74.0]},"properties":{"wind_kt":27.3,"wind_from_deg":161.0,"temperature_c":-22.9,"relative_humidity":47.0,"turbulence_score":0.002,"icing_score":0.0,"convection_score":0.001}},{"type":"Feature","geometry":{"type":"Point","coordinates":[64.0,74.0]},"properties":{"wind_kt":19.5,"wind_from_deg":169.0,"temperature_c":-23.5,"relative_humidity":76.0,"turbulence_score":0.0,"icing_score":0.042,"convection_score":0.0}},{"type":"Feature","geometry":{"type":"Point","coordinates":[68.0,74.0]},"properties":{"wind_kt":14.3,"wind_from_deg":168.0,"temperature_c":-23.5,"relative_humidity":54.0,"turbulence_score":0.0,"icing_score":0.0,"convection_score":0.0}},{"type":"Feature","geometry":{"type":"Point","coordinates":[72.0,74.0]},"properties":{"wind_kt":7.2,"wind_from_deg":171.0,"temperature_c":-23.5,"relative_humidity":48.0,"turbulence_score":0.0,"icing_score":0.0,"convection_score":0.0}},{"type":"Feature","geometry":{"type":"Point","coordinates":[76.0,74.0]},"properties":{"wind_kt":2.7,"wind_from_deg":146.0,"temperature_c":-23.0,"relative_humidity":25.0,"turbulence_score":0.0,"icing_score":0.0,"convection_score":0.015}},{"type":"Feature","geometry":{"type":"Point","coordinates":[80.0,74.0]},"properties":{"wind_kt":3.7,"wind_from_deg":92.0,"temperature_c":-23.4,"relative_humidity":27.0,"turbulence_score":0.0,"icing_score":0.0,"convection_score":0.015}},{"type":"Feature","geometry":{"type":"Point","coordinates":[84.0,74.0]},"properties":{"wind_kt":3.6,"wind_from_deg":52.0,"temperature_c":-24.0,"relative_humidity":34.0,"turbulence_score":0.0,"icing_score":0.0,"convection_score":0.009}},{"type":"Feature","geometry":{"type":"Point","coordinates":[88.0,74.0]},"properties":{"wind_kt":6.3,"wind_from_deg":324.0,"temperature_c":-24.9,"relative_humidity":58.0,"turbulence_score":0.0,"icing_score":0.0,"convection_score":0.002}},{"type":"Feature","geometry":{"type":"Point","coordinates":[92.0,74.0]},"properties":{"wind_kt":14.0,"wind_from_deg":288.0,"temperature_c":-26.3,"relative_humidity":98.0,"turbulence_score":0.0,"icing_score":0.0,"convection_score":0.001}},{"type":"Feature","geometry":{"type":"Point","coordinates":[96.0,74.0]},"properties":{"wind_kt":21.8,"wind_from_deg":278.0,"temperature_c":-26.8,"relative_humidity":100.0,"turbulence_score":0.0,"icing_score":0.0,"convection_score":0.012}},{"type":"Feature","geometry":{"type":"Point","coordinates":[100.0,74.0]},"properties":{"wind_kt":22.6,"wind_from_deg":278.0,"temperature_c":-26.9,"relative_humidity":100.0,"turbulence_score":0.0,"icing_score":0.0,"convection_score":0.044}},{"type":"Feature","geometry":{"type":"Point","coordinates":[104.0,74.0]},"properties":{"wind_kt":24.8,"wind_from_deg":275.0,"temperature_c":-26.6,"relative_humidity":96.0,"turbulence_score":0.0,"icing_score":0.0,"convection_score":0.02}},{"type":"Feature","geometry":{"type":"Point","coordinates":[108.0,74.0]},"properties":{"wind_kt":26.0,"wind_from_deg":282.0,"temperature_c":-26.5,"relative_humidity":78.0,"turbulence_score":0.0,"icing_score":0.0,"convection_score":0.005}},{"type":"Feature","geometry":{"type":"Point","coordinates":[112.0,74.0]},"properties":{"wind_kt":25.0,"wind_from_deg":288.0,"temperature_c":-26.9,"relative_humidity":100.0,"turbulence_score":0.0,"icing_score":0.0,"convection_score":0.015}},{"type":"Feature","geometry":{"type":"Point","coordinates":[116.0,74.0]},"properties":{"wind_kt":29.2,"wind_from_deg":301.0,"temperature_c":-26.8,"relative_humidity":100.0,"turbulence_score":0.031,"icing_score":0.0,"convection_score":0.293}},{"type":"Feature","geometry":{"type":"Point","coordinates":[120.0,74.0]},"properties":{"wind_kt":24.4,"wind_from_deg":298.0,"temperature_c":-27.7,"relative_humidity":100.0,"turbulence_score":0.0,"icing_score":0.0,"convection_score":0.295}},{"type":"Feature","geometry":{"type":"Point","coordinates":[124.0,74.0]},"properties":{"wind_kt":29.3,"wind_from_deg":308.0,"temperature_c":-28.5,"relative_humidity":100.0,"turbulence_score":0.0,"icing_score":0.0,"convection_score":0.262}},{"type":"Feature","geometry":{"type":"Point","coordinates":[128.0,74.0]},"properties":{"wind_kt":34.6,"wind_from_deg":316.0,"temperature_c":-29.3,"relative_humidity":100.0,"turbulence_score":0.039,"icing_score":0.0,"convection_score":0.3}},{"type":"Feature","geometry":{"type":"Point","coordinates":[132.0,74.0]},"properties":{"wind_kt":44.0,"wind_from_deg":321.0,"temperature_c":-29.7,"relative_humidity":100.0,"turbulence_score":0.151,"icing_score":0.0,"convection_score":0.3}},{"type":"Feature","geometry":{"type":"Point","coordinates":[136.0,74.0]},"properties":{"wind_kt":28.3,"wind_from_deg":309.0,"temperature_c":-31.6,"relative_humidity":100.0,"turbulence_score":0.04,"icing_score":0.0,"convection_score":0.3}},{"type":"Feature","geometry":{"type":"Point","coordinates":[140.0,74.0]},"properties":{"wind_kt":17.1,"wind_from_deg":299.0,"temperature_c":-32.0,"relative_humidity":100.0,"turbulence_score":0.0,"icing_score":0.0,"convection_score":0.306}},{"type":"Feature","geometry":{"type":"Point","coordinates":[144.0,74.0]},"properties":{"wind_kt":15.1,"wind_from_deg":303.0,"temperature_c":-33.0,"relative_humidity":100.0,"turbulence_score":0.0,"icing_score":0.0,"convection_score":0.016}},{"type":"Feature","geometry":{"type":"Point","coordinates":[148.0,74.0]},"properties":{"wind_kt":23.7,"wind_from_deg":338.0,"temperature_c":-33.5,"relative_humidity":70.0,"turbulence_score":0.032,"icing_score":0.0,"convection_score":0.145}},{"type":"Feature","geometry":{"type":"Point","coordinates":[152.0,74.0]},"properties":{"wind_kt":15.2,"wind_from_deg":324.0,"temperature_c":-35.9,"relative_humidity":30.0,"turbulence_score":0.0,"icing_score":0.0,"convection_score":0.072}},{"type":"Feature","geometry":{"type":"Point","coordinates":[156.0,74.0]},"properties":{"wind_kt":13.0,"wind_from_deg":289.0,"temperature_c":-37.1,"relative_humidity":39.0,"turbulence_score":0.0,"icing_score":0.0,"convection_score":0.044}},{"type":"Feature","geometry":{"type":"Point","coordinates":[160.0,74.0]},"properties":{"wind_kt":18.1,"wind_from_deg":308.0,"temperature_c":-39.1,"relative_humidity":95.0,"turbulence_score":0.007,"icing_score":0.0,"convection_score":0.006}},{"type":"Feature","geometry":{"type":"Point","coordinates":[164.0,74.0]},"properties":{"wind_kt":14.7,"wind_from_deg":316.0,"temperature_c":-40.1,"relative_humidity":69.0,"turbulence_score":0.0,"icing_score":0.0,"convection_score":0.004}},{"type":"Feature","geometry":{"type":"Point","coordinates":[168.0,74.0]},"properties":{"wind_kt":9.8,"wind_from_deg":290.0,"temperature_c":-39.9,"relative_humidity":42.0,"turbulence_score":0.0,"icing_score":0.0,"convection_score":0.047}},{"type":"Feature","geometry":{"type":"Point","coordinates":[172.0,74.0]},"properties":{"wind_kt":24.1,"wind_from_deg":236.0,"temperature_c":-39.3,"relative_humidity":34.0,"turbulence_score":0.083,"icing_score":0.0,"convection_score":0.025}},{"type":"Feature","geometry":{"type":"Point","coordinates":[176.0,74.0]},"properties":{"wind_kt":42.1,"wind_from_deg":231.0,"temperature_c":-38.8,"relative_humidity":33.0,"turbulence_score":0.121,"icing_score":0.0,"convection_score":0.006}},{"type":"Feature","geometry":{"type":"Point","coordinates":[180.0,74.0]},"properties":{"wind_kt":39.9,"wind_from_deg":236.0,"temperature_c":-37.9,"relative_humidity":52.0,"turbulence_score":0.101,"icing_score":0.0,"convection_score":0.3}},{"type":"Feature","geometry":{"type":"Point","coordinates":[184.0,74.0]},"properties":{"wind_kt":37.0,"wind_from_deg":245.0,"temperature_c":-37.2,"relative_humidity":37.0,"turbulence_score":0.083,"icing_score":0.0,"convection_score":0.015}},{"type":"Feature","geometry":{"type":"Point","coordinates":[188.0,74.0]},"properties":{"wind_kt":32.7,"wind_from_deg":247.0,"temperature_c":-37.2,"relative_humidity":34.0,"turbulence_score":0.054,"icing_score":0.0,"convection_score":0.257}},{"type":"Feature","geometry":{"type":"Point","coordinates":[192.0,74.0]},"properties":{"wind_kt":23.6,"wind_from_deg":243.0,"temperature_c":-38.1,"relative_humidity":100.0,"turbulence_score":0.0,"icing_score":0.0,"convection_score":0.3}},{"type":"Feature","geometry":{"type":"Point","coordinates":[196.0,74.0]},"properties":{"wind_kt":20.8,"wind_from_deg":247.0,"temperature_c":-38.1,"relative_humidity":100.0,"turbulence_score":0.0,"icing_score":0.0,"convection_score":0.244}},{"type":"Feature","geometry":{"type":"Point","coordinates":[200.0,74.0]},"properties":{"wind_kt":17.7,"wind_from_deg":239.0,"temperature_c":-38.2,"relative_humidity":100.0,"turbulence_score":0.0,"icing_score":0.0,"convection_score":0.0}},{"type":"Feature","geometry":{"type":"Point","coordinates":[204.0,74.0]},"properties":{"wind_kt":17.0,"wind_from_deg":252.0,"temperature_c":-37.8,"relative_humidity":100.0,"turbulence_score":0.0,"icing_score":0.0,"convection_score":0.0}},{"type":"Feature","geometry":{"type":"Point","coordinates":[208.0,74.0]},"properties":{"wind_kt":16.9,"wind_from_deg":278.0,"temperature_c":-37.4,"relative_humidity":95.0,"turbulence_score":0.0,"icing_score":0.0,"convection_score":0.0}},{"type":"Feature","geometry":{"type":"Point","coordinates":[212.0,74.0]},"properties":{"wind_kt":17.3,"wind_from_deg":287.0,"temperature_c":-36.6,"relative_humidity":81.0,"turbulence_score":0.0,"icing_score":0.0,"convection_score":0.0}},{"type":"Feature","geometry":{"type":"Point","coordinates":[216.0,74.0]},"properties":{"wind_kt":19.7,"wind_from_deg":288.0,"temperature_c":-36.2,"relative_humidity":74.0,"turbulence_score":0.0,"icing_score":0.0,"convection_score":0.0}},{"type":"Feature","geometry":{"type":"Point","coordinates":[220.0,74.0]},"properties":{"wind_kt":21.7,"wind_from_deg":288.0,"temperature_c":-35.9,"relative_humidity":57.0,"turbulence_score":0.0,"icing_score":0.0,"convection_score":0.0}},{"type":"Feature","geometry":{"type":"Point","coordinates":[224.0,74.0]},"properties":{"wind_kt":25.0,"wind_from_deg":284.0,"temperature_c":-35.9,"relative_humidity":48.0,"turbulence_score":0.025,"icing_score":0.0,"convection_score":0.0}},{"type":"Feature","geometry":{"type":"Point","coordinates":[228.0,74.0]},"properties":{"wind_kt":31.5,"wind_from_deg":282.0,"temperature_c":-35.8,"relative_humidity":46.0,"turbulence_score":0.068,"icing_score":0.0,"convection_score":0.0}},{"type":"Feature","geometry":{"type":"Point","coordinates":[232.0,74.0]},"properties":{"wind_kt":36.2,"wind_from_deg":279.0,"temperature_c":-35.7,"relative_humidity":41.0,"turbulence_score":0.103,"icing_score":0.0,"convection_score":0.0}},{"type":"Feature","geometry":{"type":"Point","coordinates":[236.0,74.0]},"properties":{"wind_kt":40.0,"wind_from_deg":275.0,"temperature_c":-35.5,"relative_humidity":38.0,"turbulence_score":0.128,"icing_score":0.0,"convection_score":0.0}},{"type":"Feature","geometry":{"type":"Point","coordinates":[240.0,74.0]},"properties":{"wind_kt":42.6,"wind_from_deg":269.0,"temperature_c":-34.9,"relative_humidity":32.0,"turbulence_score":0.131,"icing_score":0.0,"convection_score":0.0}},{"type":"Feature","geometry":{"type":"Point","coordinates":[244.0,74.0]},"properties":{"wind_kt":44.1,"wind_from_deg":263.0,"temperature_c":-34.1,"relative_humidity":26.0,"turbulence_score":0.144,"icing_score":0.0,"convection_score":0.0}},{"type":"Feature","geometry":{"type":"Point","coordinates":[248.0,74.0]},"properties":{"wind_kt":51.3,"wind_from_deg":254.0,"temperature_c":-33.3,"relative_humidity":48.0,"turbulence_score":0.2,"icing_score":0.0,"convection_score":0.0}},{"type":"Feature","geometry":{"type":"Point","coordinates":[252.0,74.0]},"properties":{"wind_kt":43.8,"wind_from_deg":249.0,"temperature_c":-31.9,"relative_humidity":88.0,"turbulence_score":0.158,"icing_score":0.0,"convection_score":0.0}},{"type":"Feature","geometry":{"type":"Point","coordinates":[256.0,74.0]},"properties":{"wind_kt":36.4,"wind_from_deg":246.0,"temperature_c":-31.0,"relative_humidity":100.0,"turbulence_score":0.063,"icing_score":0.0,"convection_score":0.002}},{"type":"Feature","geometry":{"type":"Point","coordinates":[260.0,74.0]},"properties":{"wind_kt":29.3,"wind_from_deg":253.0,"temperature_c":-30.2,"relative_humidity":100.0,"turbulence_score":0.06,"icing_score":0.0,"convection_score":0.3}},{"type":"Feature","geometry":{"type":"Point","coordinates":[264.0,74.0]},"properties":{"wind_kt":18.9,"wind_from_deg":255.0,"temperature_c":-30.0,"relative_humidity":100.0,"turbulence_score":0.0,"icing_score":0.0,"convection_score":0.0}},{"type":"Feature","geometry":{"type":"Point","coordinates":[268.0,74.0]},"properties":{"wind_kt":17.2,"wind_from_deg":247.0,"temperature_c":-29.8,"relative_humidity":100.0,"turbulence_score":0.0,"icing_score":0.0,"convection_score":0.01}},{"type":"Feature","geometry":{"type":"Point","coordinates":[272.0,74.0]},"properties":{"wind_kt":20.7,"wind_from_deg":246.0,"temperature_c":-30.1,"relative_humidity":100.0,"turbulence_score":0.0,"icing_score":0.0,"convection_score":0.017}},{"type":"Feature","geometry":{"type":"Point","coordinates":[276.0,74.0]},"properties":{"wind_kt":19.3,"wind_from_deg":254.0,"temperature_c":-30.5,"relative_humidity":100.0,"turbulence_score":0.0,"icing_score":0.0,"convection_score":0.0}},{"type":"Feature","geometry":{"type":"Point","coordinates":[280.0,74.0]},"properties":{"wind_kt":16.8,"wind_from_deg":274.0,"temperature_c":-31.2,"relative_humidity":100.0,"turbulence_score":0.0,"icing_score":0.0,"convection_score":0.0}},{"type":"Feature","geometry":{"type":"Point","coordinates":[284.0,74.0]},"properties":{"wind_kt":18.4,"wind_from_deg":302.0,"temperature_c":-31.6,"relative_humidity":96.0,"turbulence_score":0.0,"icing_score":0.0,"convection_score":0.0}},{"type":"Feature","geometry":{"type":"Point","coordinates":[288.0,74.0]},"properties":{"wind_kt":24.6,"wind_from_deg":327.0,"temperature_c":-32.0,"relative_humidity":78.0,"turbulence_score":0.027,"icing_score":0.0,"convection_score":0.0}},{"type":"Feature","geometry":{"type":"Point","coordinates":[292.0,74.0]},"properties":{"wind_kt":30.7,"wind_from_deg":337.0,"temperature_c":-32.6,"relative_humidity":61.0,"turbulence_score":0.092,"icing_score":0.0,"convection_score":0.022}},{"type":"Feature","geometry":{"type":"Point","coordinates":[296.0,74.0]},"properties":{"wind_kt":17.3,"wind_from_deg":333.0,"temperature_c":-33.6,"relative_humidity":38.0,"turbulence_score":0.0,"icing_score":0.0,"convection_score":0.013}},{"type":"Feature","geometry":{"type":"Point","coordinates":[300.0,74.0]},"properties":{"wind_kt":12.6,"wind_from_deg":320.0,"temperature_c":-34.1,"relative_humidity":38.0,"turbulence_score":0.0,"icing_score":0.0,"convection_score":0.014}},{"type":"Feature","geometry":{"type":"Point","coordinates":[304.0,74.0]},"properties":{"wind_kt":6.4,"wind_from_deg":298.0,"temperature_c":-34.0,"relative_humidity":39.0,"turbulence_score":0.0,"icing_score":0.0,"convection_score":0.0}},{"type":"Feature","geometry":{"type":"Point","coordinates":[308.0,74.0]},"properties":{"wind_kt":10.7,"wind_from_deg":225.0,"temperature_c":-34.2,"relative_humidity":53.0,"turbulence_score":0.0,"icing_score":0.0,"convection_score":0.0}},{"type":"Feature","geometry":{"type":"Point","coordinates":[312.0,74.0]},"properties":{"wind_kt":20.3,"wind_from_deg":222.0,"temperature_c":-34.3,"relative_humidity":80.0,"turbulence_score":0.0,"icing_score":0.0,"convection_score":0.0}},{"type":"Feature","geometry":{"type":"Point","coordinates":[316.0,74.0]},"properties":{"wind_kt":22.8,"wind_from_deg":226.0,"temperature_c":-34.2,"relative_humidity":100.0,"turbulence_score":0.019,"icing_score":0.0,"convection_score":0.0}},{"type":"Feature","geometry":{"type":"Point","coordinates":[320.0,74.0]},"properties":{"wind_kt":23.0,"wind_from_deg":233.0,"temperature_c":-34.6,"relative_humidity":100.0,"turbulence_score":0.037,"icing_score":0.0,"convection_score":0.0}},{"type":"Feature","geometry":{"type":"Point","coordinates":[324.0,74.0]},"properties":{"wind_kt":23.0,"wind_from_deg":255.0,"temperature_c":-34.9,"relative_humidity":85.0,"turbulence_score":0.041,"icing_score":0.0,"convection_score":0.0}},{"type":"Feature","geometry":{"type":"Point","coordinates":[328.0,74.0]},"properties":{"wind_kt":17.6,"wind_from_deg":250.0,"temperature_c":-35.1,"relative_humidity":60.0,"turbulence_score":0.0,"icing_score":0.0,"convection_score":0.0}},{"type":"Feature","geometry":{"type":"Point","coordinates":[332.0,74.0]},"properties":{"wind_kt":13.5,"wind_from_deg":250.0,"temperature_c":-35.0,"relative_humidity":86.0,"turbulence_score":0.0,"icing_score":0.0,"convection_score":0.0}},{"type":"Feature","geometry":{"type":"Point","coordinates":[336.0,74.0]},"properties":{"wind_kt":12.8,"wind_from_deg":227.0,"temperature_c":-35.1,"relative_humidity":95.0,"turbulence_score":0.0,"icing_score":0.0,"convection_score":0.0}},{"type":"Feature","geometry":{"type":"Point","coordinates":[340.0,74.0]},"properties":{"wind_kt":11.7,"wind_from_deg":218.0,"temperature_c":-34.7,"relative_humidity":99.0,"turbulence_score":0.0,"icing_score":0.0,"convection_score":0.123}},{"type":"Feature","geometry":{"type":"Point","coordinates":[344.0,74.0]},"properties":{"wind_kt":7.9,"wind_from_deg":243.0,"temperature_c":-34.1,"relative_humidity":100.0,"turbulence_score":0.0,"icing_score":0.0,"convection_score":0.0}},{"type":"Feature","geometry":{"type":"Point","coordinates":[348.0,74.0]},"properties":{"wind_kt":6.3,"wind_from_deg":285.0,"temperature_c":-33.4,"relative_humidity":100.0,"turbulence_score":0.0,"icing_score":0.0,"convection_score":0.0}},{"type":"Feature","geometry":{"type":"Point","coordinates":[352.0,74.0]},"properties":{"wind_kt":7.9,"wind_from_deg":318.0,"temperature_c":-32.7,"relative_humidity":99.0,"turbulence_score":0.0,"icing_score":0.0,"convection_score":0.001}},{"type":"Feature","geometry":{"type":"Point","coordinates":[356.0,74.0]},"properties":{"wind_kt":6.9,"wind_from_deg":323.0,"temperature_c":-31.9,"relative_humidity":74.0,"turbulence_score":0.0,"icing_score":0.0,"convection_score":0.178}},{"type":"Feature","geometry":{"type":"Point","coordinates":[0.0,70.0]},"properties":{"wind_kt":9.9,"wind_from_deg":270.0,"temperature_c":-32.9,"relative_humidity":98.0,"turbulence_score":0.0,"icing_score":0.0,"convection_score":0.23}},{"type":"Feature","geometry":{"type":"Point","coordinates":[4.0,70.0]},"properties":{"wind_kt":14.5,"wind_from_deg":238.0,"temperature_c":-32.4,"relative_humidity":100.0,"turbulence_score":0.0,"icing_score":0.0,"convection_score":0.305}},{"type":"Feature","geometry":{"type":"Point","coordinates":[8.0,70.0]},"properties":{"wind_kt":21.7,"wind_from_deg":265.0,"temperature_c":-31.0,"relative_humidity":98.0,"turbulence_score":0.0,"icing_score":0.0,"convection_score":0.262}},{"type":"Feature","geometry":{"type":"Point","coordinates":[12.0,70.0]},"properties":{"wind_kt":24.0,"wind_from_deg":281.0,"temperature_c":-30.1,"relative_humidity":91.0,"turbulence_score":0.0,"icing_score":0.0,"convection_score":0.301}},{"type":"Feature","geometry":{"type":"Point","coordinates":[16.0,70.0]},"properties":{"wind_kt":31.0,"wind_from_deg":298.0,"temperature_c":-29.5,"relative_humidity":73.0,"turbulence_score":0.004,"icing_score":0.0,"convection_score":0.247}},{"type":"Feature","geometry":{"type":"Point","coordinates":[20.0,70.0]},"properties":{"wind_kt":29.7,"wind_from_deg":308.0,"temperature_c":-29.6,"relative_humidity":26.0,"turbulence_score":0.0,"icing_score":0.0,"convection_score":0.306}},{"type":"Feature","geometry":{"type":"Point","coordinates":[24.0,70.0]},"properties":{"wind_kt":10.7,"wind_from_deg":319.0,"temperature_c":-27.7,"relative_humidity":79.0,"turbulence_score":0.121,"icing_score":0.0,"convection_score":0.307}},{"type":"Feature","geometry":{"type":"Point","coordinates":[28.0,70.0]},"properties":{"wind_kt":28.2,"wind_from_deg":327.0,"temperature_c":-26.5,"relative_humidity":90.0,"turbulence_score":0.171,"icing_score":0.0,"convection_score":0.302}},{"type":"Feature","geometry":{"type":"Point","coordinates":[32.0,70.0]},"properties":{"wind_kt":26.4,"wind_from_deg":319.0,"temperature_c":-25.1,"relative_humidity":100.0,"turbulence_score":0.08,"icing_score":0.05,"convection_score":0.311}},{"type":"Feature","geometry":{"type":"Point","coordinates":[36.0,70.0]},"properties":{"wind_kt":40.0,"wind_from_deg":310.0,"temperature_c":-25.8,"relative_humidity":98.0,"turbulence_score":0.088,"icing_score":0.011,"convection_score":0.3}},{"type":"Feature","geometry":{"type":"Point","coordinates":[40.0,70.0]},"properties":{"wind_kt":24.3,"wind_from_deg":261.0,"temperature_c":-24.9,"relative_humidity":91.0,"turbulence_score":0.0,"icing_score":0.043,"convection_score":0.213}},{"type":"Feature","geometry":{"type":"Point","coordinates":[44.0,70.0]},"properties":{"wind_kt":24.6,"wind_from_deg":217.0,"temperature_c":-24.3,"relative_humidity":26.0,"turbulence_score":0.0,"icing_score":0.0,"convection_score":0.18}},{"type":"Feature","geometry":{"type":"Point","coordinates":[48.0,70.0]},"properties":{"wind_kt":16.1,"wind_from_deg":211.0,"temperature_c":-25.4,"relative_humidity":100.0,"turbulence_score":0.0,"icing_score":0.032,"convection_score":0.293}},{"type":"Feature","geometry":{"type":"Point","coordinates":[52.0,70.0]},"properties":{"wind_kt":31.1,"wind_from_deg":176.0,"temperature_c":-26.5,"relative_humidity":47.0,"turbulence_score":0.005,"icing_score":0.0,"convection_score":0.015}},{"type":"Feature","geometry":{"type":"Point","coordinates":[56.0,70.0]},"properties":{"wind_kt":23.1,"wind_from_deg":184.0,"temperature_c":-24.2,"relative_humidity":91.0,"turbulence_score":0.008,"icing_score":0.074,"convection_score":0.302}},{"type":"Feature","geometry":{"type":"Point","coordinates":[60.0,70.0]},"properties":{"wind_kt":29.7,"wind_from_deg":176.0,"temperature_c":-23.7,"relative_humidity":57.0,"turbulence_score":0.0,"icing_score":0.0,"convection_score":0.015}},{"type":"Feature","geometry":{"type":"Point","coordinates":[64.0,70.0]},"properties":{"wind_kt":19.7,"wind_from_deg":174.0,"temperature_c":-24.2,"relative_humidity":52.0,"turbulence_score":0.0,"icing_score":0.0,"convection_score":0.0}},{"type":"Feature","geometry":{"type":"Point","coordinates":[68.0,70.0]},"properties":{"wind_kt":13.2,"wind_from_deg":183.0,"temperature_c":-24.6,"relative_humidity":55.0,"turbulence_score":0.0,"icing_score":0.0,"convection_score":0.0}},{"type":"Feature","geometry":{"type":"Point","coordinates":[72.0,70.0]},"properties":{"wind_kt":6.6,"wind_from_deg":172.0,"temperature_c":-25.0,"relative_humidity":80.0,"turbulence_score":0.0,"icing_score":0.023,"convection_score":0.0}},{"type":"Feature","geometry":{"type":"Point","coordinates":[76.0,70.0]},"properties":{"wind_kt":3.1,"wind_from_deg":119.0,"temperature_c":-25.6,"relative_humidity":96.0,"turbulence_score":0.0,"icing_score":0.02,"convection_score":0.0}},{"type":"Feature","geometry":{"type":"Point","coordinates":[80.0,70.0]},"properties":{"wind_kt":2.2,"wind_from_deg":149.0,"temperature_c":-26.0,"relative_humidity":19.0,"turbulence_score":0.0,"icing_score":0.0,"convection_score":0.109}},{"type":"Feature","geometry":{"type":"Point","coordinates":[84.0,70.0]},"properties":{"wind_kt":5.2,"wind_from_deg":74.0,"temperature_c":-27.2,"relative_humidity":73.0,"turbulence_score":0.0,"icing_score":0.0,"convection_score":0.225}},{"type":"Feature","geometry":{"type":"Point","coordinates":[88.0,70.0]},"properties":{"wind_kt":12.3,"wind_from_deg":77.0,"temperature_c":-27.8,"relative_humidity":58.0,"turbulence_score":0.0,"icing_score":0.0,"convection_score":0.005}},{"type":"Feature","geometry":{"type":"Point","coordinates":[92.0,70.0]},"properties":{"wind_kt":20.0,"wind_from_deg":93.0,"temperature_c":-28.2,"relative_humidity":22.0,"turbulence_score":0.02,"icing_score":0.0,"convection_score":0.0}},{"type":"Feature","geometry":{"type":"Point","coordinates":[96.0,70.0]},"properties":{"wind_kt":19.4,"wind_from_deg":115.0,"temperature_c":-28.5,"relative_humidity":22.0,"turbulence_score":0.018,"icing_score":0.0,"convection_score":0.0}},{"type":"Feature","geometry":{"type":"Point","coordinates":[100.0,70.0]},"properties":{"wind_kt":18.2,"wind_from_deg":134.0,"temperature_c":-28.2,"relative_humidity":21.0,"turbulence_score":0.006,"icing_score":0.0,"convection_score":0.0}},{"type":"Feature","geometry":{"type":"Point","coordinates":[104.0,70.0]},"properties":{"wind_kt":10.5,"wind_from_deg":163.0,"temperature_c":-28.1,"relative_humidity":58.0,"turbulence_score":0.0,"icing_score":0.0,"convection_score":0.0}},{"type":"Feature","geometry":{"type":"Point","coordinates":[108.0,70.0]},"properties":{"wind_kt":7.1,"wind_from_deg":239.0,"temperature_c":-28.0,"relative_humidity":77.0,"turbulence_score":0.0,"icing_score":0.0,"convection_score":0.0}},{"type":"Feature","geometry":{"type":"Point","coordinates":[112.0,70.0]},"properties":{"wind_kt":12.5,"wind_from_deg":285.0,"temperature_c":-27.9,"relative_humidity":94.0,"turbulence_score":0.0,"icing_score":0.0,"convection_score":0.0}},{"type":"Feature","geometry":{"type":"Point","coordinates":[116.0,70.0]},"properties":{"wind_kt":18.6,"wind_from_deg":304.0,"temperature_c":-26.9,"relative_humidity":78.0,"turbulence_score":0.0,"icing_score":0.0,"convection_score":0.0}},{"type":"Feature","geometry":{"type":"Point","coordinates":[120.0,70.0]},"properties":{"wind_kt":19.9,"wind_from_deg":313.0,"temperature_c":-27.1,"relative_humidity":100.0,"turbulence_score":0.0,"icing_score":0.0,"convection_score":0.012}},{"type":"Feature","geometry":{"type":"Point","coordinates":[124.0,70.0]},"properties":{"wind_kt":25.3,"wind_from_deg":321.0,"temperature_c":-27.3,"relative_humidity":95.0,"turbulence_score":0.0,"icing_score":0.0,"convection_score":0.3}},{"type":"Feature","geometry":{"type":"Point","coordinates":[128.0,70.0]},"properties":{"wind_kt":27.5,"wind_from_deg":336.0,"temperature_c":-28.3,"relative_humidity":100.0,"turbulence_score":0.0,"icing_score":0.0,"convection_score":0.3}},{"type":"Feature","geometry":{"type":"Point","coordinates":[132.0,70.0]},"properties":{"wind_kt":28.7,"wind_from_deg":343.0,"temperature_c":-29.5,"relative_humidity":100.0,"turbulence_score":0.0,"icing_score":0.0,"convection_score":0.3}},{"type":"Feature","geometry":{"type":"Point","coordinates":[136.0,70.0]},"properties":{"wind_kt":27.5,"wind_from_deg":346.0,"temperature_c":-30.2,"relative_humidity":100.0,"turbulence_score":0.036,"icing_score":0.0,"convection_score":0.048}},{"type":"Feature","geometry":{"type":"Point","coordinates":[140.0,70.0]},"properties":{"wind_kt":19.3,"wind_from_deg":346.0,"temperature_c":-31.4,"relative_humidity":91.0,"turbulence_score":0.01,"icing_score":0.0,"convection_score":0.0}},{"type":"Feature","geometry":{"type":"Point","coordinates":[144.0,70.0]},"properties":{"wind_kt":24.3,"wind_from_deg":9.0,"temperature_c":-32.0,"relative_humidity":44.0,"turbulence_score":0.058,"icing_score":0.0,"convection_score":0.0}},{"type":"Feature","geometry":{"type":"Point","coordinates":[148.0,70.0]},"properties":{"wind_kt":10.6,"wind_from_deg":302.0,"temperature_c":-34.1,"relative_humidity":23.0,"turbulence_score":0.0,"icing_score":0.0,"convection_score":0.0}},{"type":"Feature","geometry":{"type":"Point","coordinates":[152.0,70.0]},"properties":{"wind_kt":15.4,"wind_from_deg":265.0,"temperature_c":-33.9,"relative_humidity":20.0,"turbulence_score":0.013,"icing_score":0.0,"convection_score":0.0}},{"type":"Feature","geometry":{"type":"Point","coordinates":[156.0,70.0]},"properties":{"wind_kt":39.7,"wind_from_deg":245.0,"temperature_c":-32.4,"relative_humidity":27.0,"turbulence_score":0.207,"icing_score":0.0,"convection_score":0.0}},{"type":"Feature","geometry":{"type":"Point","coordinates":[160.0,70.0]},"properties":{"wind_kt":33.5,"wind_from_deg":245.0,"temperature_c":-31.8,"relative_humidity":36.0,"turbulence_score":0.165,"icing_score":0.0,"convection_score":0.0}},{"type":"Feature","geometry":{"type":"Point","coordinates":[164.0,70.0]},"properties":{"wind_kt":32.7,"wind_from_deg":237.0,"temperature_c":-31.0,"relative_humidity":100.0,"turbulence_score":0.136,"icing_score":0.0,"convection_score":0.0}},{"type":"Feature","geometry":{"type":"Point","coordinates":[168.0,70.0]},"properties":{"wind_kt":33.4,"wind_from_deg":232.0,"temperature_c":-30.3,"relative_humidity":100.0,"turbulence_score":0.116,"icing_score":0.0,"convection_score":0.236}},{"type":"Feature","geometry":{"type":"Point","coordinates":[172.0,70.0]},"properties":{"wind_kt":33.4,"wind_from_deg":230.0,"temperature_c":-29.9,"relative_humidity":100.0,"turbulence_score":0.056,"icing_score":0.0,"convection_score":0.141}},{"type":"Feature","geometry":{"type":"Point","coordinates":[176.0,70.0]},"properties":{"wind_kt":32.8,"wind_from_deg":232.0,"temperature_c":-29.5,"relative_humidity":100.0,"turbulence_score":0.027,"icing_score":0.0,"convection_score":0.015}},{"type":"Feature","geometry":{"type":"Point","coordinates":[180.0,70.0]},"properties":{"wind_kt":31.7,"wind_from_deg":239.0,"temperature_c":-29.4,"relative_humidity":100.0,"turbulence_score":0.04,"icing_score":0.0,"convection_score":0.0}},{"type":"Feature","geometry":{"type":"Point","coordinates":[184.0,70.0]},"properties":{"wind_kt":31.0,"wind_from_deg":250.0,"temperature_c":-29.4,"relative_humidity":100.0,"turbulence_score":0.042,"icing_score":0.0,"convection_score":0.0}},{"type":"Feature","geometry":{"type":"Point","coordinates":[188.0,70.0]},"properties":{"wind_kt":31.4,"wind_from_deg":261.0,"temperature_c":-30.4,"relative_humidity":100.0,"turbulence_score":0.054,"icing_score":0.0,"convection_score":0.002}},{"type":"Feature","geometry":{"type":"Point","coordinates":[192.0,70.0]},"properties":{"wind_kt":30.1,"wind_from_deg":276.0,"temperature_c":-31.8,"relative_humidity":100.0,"turbulence_score":0.071,"icing_score":0.0,"convection_score":0.001}},{"type":"Feature","geometry":{"type":"Point","coordinates":[196.0,70.0]},"properties":{"wind_kt":32.5,"wind_from_deg":306.0,"temperature_c":-32.9,"relative_humidity":80.0,"turbulence_score":0.119,"icing_score":0.0,"convection_score":0.0}},{"type":"Feature","geometry":{"type":"Point","coordinates":[200.0,70.0]},"properties":{"wind_kt":27.5,"wind_from_deg":312.0,"temperature_c":-34.9,"relative_humidity":36.0,"turbulence_score":0.097,"icing_score":0.0,"convection_score":0.0}},{"type":"Feature","geometry":{"type":"Point","coordinates":[204.0,70.0]},"properties":{"wind_kt":15.6,"wind_from_deg":273.0,"temperature_c":-35.6,"relative_humidity":89.0,"turbulence_score":0.0,"icing_score":0.0,"convection_score":0.0}},{"type":"Feature","geometry":{"type":"Point","coordinates":[208.0,70.0]},"properties":{"wind_kt":13.8,"wind_from_deg":270.0,"temperature_c":-34.4,"relative_humidity":72.0,"turbulence_score":0.0,"icing_score":0.0,"convection_score":0.0}},{"type":"Feature","geometry":{"type":"Point","coordinates":[212.0,70.0]},"properties":{"wind_kt":14.4,"wind_from_deg":293.0,"temperature_c":-34.0,"relative_humidity":37.0,"turbulence_score":0.0,"icing_score":0.0,"convection_score":0.0}},{"type":"Feature","geometry":{"type":"Point","coordinates":[216.0,70.0]},"properties":{"wind_kt":10.9,"wind_from_deg":286.0,"temperature_c":-35.9,"relative_humidity":99.0,"turbulence_score":0.0,"icing_score":0.0,"convection_score":0.128}},{"type":"Feature","geometry":{"type":"Point","coordinates":[220.0,70.0]},"properties":{"wind_kt":26.5,"wind_from_deg":225.0,"temperature_c":-34.3,"relative_humidity":100.0,"turbulence_score":0.131,"icing_score":0.0,"convection_score":0.2}},{"type":"Feature","geometry":{"type":"Point","coordinates":[224.0,70.0]},"properties":{"wind_kt":36.4,"wind_from_deg":238.0,"temperature_c":-31.2,"relative_humidity":100.0,"turbulence_score":0.177,"icing_score":0.0,"convection_score":0.297}},{"type":"Feature","geometry":{"type":"Point","coordinates":[228.0,70.0]},"properties":{"wind_kt":34.1,"wind_from_deg":254.0,"temperature_c":-30.7,"relative_humidity":100.0,"turbulence_score":0.121,"icing_score":0.0,"convection_score":0.118}},{"type":"Feature","geometry":{"type":"Point","coordinates":[232.0,70.0]},"properties":{"wind_kt":31.9,"wind_from_deg":264.0,"temperature_c":-30.6,"relative_humidity":100.0,"turbulence_score":0.072,"icing_score":0.0,"convection_score":0.0}},{"type":"Feature","geometry":{"type":"Point","coordinates":[236.0,70.0]},"properties":{"wind_kt":27.3,"wind_from_deg":273.0,"temperature_c":-30.6,"relative_humidity":98.0,"turbulence_score":0.014,"icing_score":0.0,"convection_score":0.001}},{"type":"Feature","geometry":{"type":"Point","coordinates":[240.0,70.0]},"properties":{"wind_kt":26.3,"wind_from_deg":284.0,"temperature_c":-30.3,"relative_humidity":96.0,"turbulence_score":0.022,"icing_score":0.0,"convection_score":0.001}},{"type":"Feature","geometry":{"type":"Point","coordinates":[244.0,70.0]},"properties":{"wind_kt":24.5,"wind_from_deg":284.0,"temperature_c":-30.4,"relative_humidity":99.0,"turbulence_score":0.025,"icing_score":0.0,"convection_score":0.131}},{"type":"Feature","geometry":{"type":"Point","coordinates":[248.0,70.0]},"properties":{"wind_kt":21.6,"wind_from_deg":280.0,"temperature_c":-29.8,"relative_humidity":98.0,"turbulence_score":0.016,"icing_score":0.0,"convection_score":0.224}},{"type":"Feature","geometry":{"type":"Point","coordinates":[252.0,70.0]},"properties":{"wind_kt":17.0,"wind_from_deg":295.0,"temperature_c":-29.4,"relative_humidity":90.0,"turbulence_score":0.0,"icing_score":0.0,"convection_score":0.012}},{"type":"Feature","geometry":{"type":"Point","coordinates":[256.0,70.0]},"properties":{"wind_kt":13.4,"wind_from_deg":333.0,"temperature_c":-28.6,"relative_humidity":84.0,"turbulence_score":0.0,"icing_score":0.0,"convection_score":0.016}},{"type":"Feature","geometry":{"type":"Point","coordinates":[260.0,70.0]},"properties":{"wind_kt":10.0,"wind_from_deg":257.0,"temperature_c":-28.2,"relative_humidity":100.0,"turbulence_score":0.0,"icing_score":0.0,"convection_score":0.185}},{"type":"Feature","geometry":{"type":"Point","coordinates":[264.0,70.0]},"properties":{"wind_kt":14.3,"wind_from_deg":246.0,"temperature_c":-28.1,"relative_humidity":100.0,"turbulence_score":0.0,"icing_score":0.0,"convection_score":0.221}},{"type":"Feature","geometry":{"type":"Point","coordinates":[268.0,70.0]},"properties":{"wind_kt":11.5,"wind_from_deg":252.0,"temperature_c":-27.7,"relative_humidity":100.0,"turbulence_score":0.0,"icing_score":0.0,"convection_score":0.0}},{"type":"Feature","geometry":{"type":"Point","coordinates":[272.0,70.0]},"properties":{"wind_kt":8.5,"wind_from_deg":260.0,"temperature_c":-28.3,"relative_humidity":100.0,"turbulence_score":0.0,"icing_score":0.0,"convection_score":0.001}},{"type":"Feature","geometry":{"type":"Point","coordinates":[276.0,70.0]},"properties":{"wind_kt":6.3,"wind_from_deg":300.0,"temperature_c":-28.3,"relative_humidity":48.0,"turbulence_score":0.0,"icing_score":0.0,"convection_score":0.0}},{"type":"Feature","geometry":{"type":"Point","coordinates":[280.0,70.0]},"properties":{"wind_kt":8.1,"wind_from_deg":1.0,"temperature_c":-28.1,"relative_humidity":45.0,"turbulence_score":0.0,"icing_score":0.0,"convection_score":0.0}},{"type":"Feature","geometry":{"type":"Point","coordinates":[284.0,70.0]},"properties":{"wind_kt":16.9,"wind_from_deg":20.0,"temperature_c":-28.8,"relative_humidity":40.0,"turbulence_score":0.0,"icing_score":0.0,"convection_score":0.0}},{"type":"Feature","geometry":{"type":"Point","coordinates":[288.0,70.0]},"properties":{"wind_kt":20.3,"wind_from_deg":22.0,"temperature_c":-29.9,"relative_humidity":25.0,"turbulence_score":0.0,"icing_score":0.0,"convection_score":0.0}},{"type":"Feature","geometry":{"type":"Point","coordinates":[292.0,70.0]},"properties":{"wind_kt":9.7,"wind_from_deg":353.0,"temperature_c":-31.8,"relative_humidity":28.0,"turbulence_score":0.0,"icing_score":0.0,"convection_score":0.023}},{"type":"Feature","geometry":{"type":"Point","coordinates":[296.0,70.0]},"properties":{"wind_kt":8.1,"wind_from_deg":357.0,"temperature_c":-31.8,"relative_humidity":27.0,"turbulence_score":0.0,"icing_score":0.0,"convection_score":0.091}},{"type":"Feature","geometry":{"type":"Point","coordinates":[300.0,70.0]},"properties":{"wind_kt":5.2,"wind_from_deg":284.0,"temperature_c":-30.7,"relative_humidity":43.0,"turbulence_score":0.0,"icing_score":0.0,"convection_score":0.0}},{"type":"Feature","geometry":{"type":"Point","coordinates":[304.0,70.0]},"properties":{"wind_kt":2.5,"wind_from_deg":194.0,"temperature_c":-30.0,"relative_humidity":46.0,"turbulence_score":0.0,"icing_score":0.0,"convection_score":0.0}},{"type":"Feature","geometry":{"type":"Point","coordinates":[308.0,70.0]},"properties":{"wind_kt":20.1,"wind_from_deg":187.0,"temperature_c":-29.2,"relative_humidity":36.0,"turbulence_score":0.026,"icing_score":0.0,"convection_score":0.0}},{"type":"Feature","geometry":{"type":"Point","coordinates":[312.0,70.0]},"properties":{"wind_kt":22.0,"wind_from_deg":189.0,"temperature_c":-28.6,"relative_humidity":58.0,"turbulence_score":0.0,"icing_score":0.0,"convection_score":0.0}},{"type":"Feature","geometry":{"type":"Point","coordinates":[316.0,70.0]},"properties":{"wind_kt":24.9,"wind_from_deg":188.0,"temperature_c":-28.5,"relative_humidity":48.0,"turbulence_score":0.059,"icing_score":0.0,"convection_score":0.0}},{"type":"Feature","geometry":{"type":"Point","coordinates":[320.0,70.0]},"properties":{"wind_kt":21.1,"wind_from_deg":215.0,"temperature_c":-28.9,"relative_humidity":65.0,"turbulence_score":0.001,"icing_score":0.0,"convection_score":0.0}},{"type":"Feature","geometry":{"type":"Point","coordinates":[324.0,70.0]},"properties":{"wind_kt":24.0,"wind_from_deg":244.0,"temperature_c":-29.0,"relative_humidity":63.0,"turbulence_score":0.074,"icing_score":0.0,"convection_score":0.0}},{"type":"Feature","geometry":{"type":"Point","coordinates":[328.0,70.0]},"properties":{"wind_kt":25.8,"wind_from_deg":285.0,"temperature_c":-29.0,"relative_humidity":37.0,"turbulence_score":0.104,"icing_score":0.0,"convection_score":0.0}},{"type":"Feature","geometry":{"type":"Point","coordinates":[332.0,70.0]},"properties":{"wind_kt":22.6,"wind_from_deg":296.0,"temperature_c":-31.1,"relative_humidity":21.0,"turbulence_score":0.057,"icing_score":0.0,"convection_score":0.0}},{"type":"Feature","geometry":{"type":"Point","coordinates":[336.0,70.0]},"properties":{"wind_kt":15.7,"wind_from_deg":293.0,"temperature_c":-33.2,"relative_humidity":69.0,"turbulence_score":0.0,"icing_score":0.0,"convection_score":0.015}},{"type":"Feature","geometry":{"type":"Point","coordinates":[340.0,70.0]},"properties":{"wind_kt":20.7,"wind_from_deg":238.0,"temperature_c":-34.8,"relative_humidity":98.0,"turbulence_score":0.024,"icing_score":0.0,"convection_score":0.199}},{"type":"Feature","geometry":{"type":"Point","coordinates":[344.0,70.0]},"properties":{"wind_kt":18.7,"wind_from_deg":248.0,"temperature_c":-34.2,"relative_humidity":73.0,"turbulence_score":0.0,"icing_score":0.0,"convection_score":0.234}},{"type":"Feature","geometry":{"type":"Point","coordinates":[348.0,70.0]},"properties":{"wind_kt":22.8,"wind_from_deg":292.0,"temperature_c":-33.9,"relative_humidity":58.0,"turbulence_score":0.0,"icing_score":0.0,"convection_score":0.268}},{"type":"Feature","geometry":{"type":"Point","coordinates":[352.0,70.0]},"properties":{"wind_kt":20.0,"wind_from_deg":294.0,"temperature_c":-33.1,"relative_humidity":94.0,"turbulence_score":0.0,"icing_score":0.0,"convection_score":0.306}},{"type":"Feature","geometry":{"type":"Point","coordinates":[356.0,70.0]},"properties":{"wind_kt":17.1,"wind_from_deg":299.0,"temperature_c":-33.0,"relative_humidity":98.0,"turbulence_score":0.0,"icing_score":0.0,"convection_score":0.286}},{"type":"Feature","geometry":{"type":"Point","coordinates":[0.0,66.0]},"properties":{"wind_kt":16.4,"wind_from_deg":294.0,"temperature_c":-30.3,"relative_humidity":50.0,"turbulence_score":0.0,"icing_score":0.0,"convection_score":0.033}},{"type":"Feature","geometry":{"type":"Point","coordinates":[4.0,66.0]},"properties":{"wind_kt":15.5,"wind_from_deg":259.0,"temperature_c":-30.4,"relative_humidity":84.0,"turbulence_score":0.0,"icing_score":0.0,"convection_score":0.0}},{"type":"Feature","geometry":{"type":"Point","coordinates":[8.0,66.0]},"properties":{"wind_kt":19.6,"wind_from_deg":242.0,"temperature_c":-30.3,"relative_humidity":76.0,"turbulence_score":0.0,"icing_score":0.0,"convection_score":0.198}},{"type":"Feature","geometry":{"type":"Point","coordinates":[12.0,66.0]},"properties":{"wind_kt":23.3,"wind_from_deg":261.0,"temperature_c":-29.3,"relative_humidity":67.0,"turbulence_score":0.001,"icing_score":0.0,"convection_score":0.07}},{"type":"Feature","geometry":{"type":"Point","coordinates":[16.0,66.0]},"properties":{"wind_kt":21.6,"wind_from_deg":260.0,"temperature_c":-28.7,"relative_humidity":57.0,"turbulence_score":0.013,"icing_score":0.0,"convection_score":0.019}},{"type":"Feature","geometry":{"type":"Point","coordinates":[20.0,66.0]},"properties":{"wind_kt":32.2,"wind_from_deg":291.0,"temperature_c":-28.1,"relative_humidity":57.0,"turbulence_score":0.083,"icing_score":0.0,"convection_score":0.0}},{"type":"Feature","geometry":{"type":"Point","coordinates":[24.0,66.0]},"properties":{"wind_kt":38.7,"wind_from_deg":303.0,"temperature_c":-27.5,"relative_humidity":51.0,"turbulence_score":0.133,"icing_score":0.0,"convection_score":0.0}},{"type":"Feature","geometry":{"type":"Point","coordinates":[28.0,66.0]},"properties":{"wind_kt":51.1,"wind_from_deg":313.0,"temperature_c":-26.9,"relative_humidity":19.0,"turbulence_score":0.176,"icing_score":0.0,"convection_score":0.009}},{"type":"Feature","geometry":{"type":"Point","coordinates":[32.0,66.0]},"properties":{"wind_kt":41.2,"wind_from_deg":318.0,"temperature_c":-29.5,"relative_humidity":48.0,"turbulence_score":0.063,"icing_score":0.0,"convection_score":0.015}},{"type":"Feature","geometry":{"type":"Point","coordinates":[36.0,66.0]},"properties":{"wind_kt":35.6,"wind_from_deg":306.0,"temperature_c":-29.8,"relative_humidity":32.0,"turbulence_score":0.0,"icing_score":0.0,"convection_score":0.307}},{"type":"Feature","geometry":{"type":"Point","coordinates":[40.0,66.0]},"properties":{"wind_kt":33.5,"wind_from_deg":277.0,"temperature_c":-27.9,"relative_humidity":16.0,"turbulence_score":0.029,"icing_score":0.0,"convection_score":0.027}},{"type":"Feature","geometry":{"type":"Point","coordinates":[44.0,66.0]},"properties":{"wind_kt":26.9,"wind_from_deg":266.0,"temperature_c":-27.2,"relative_humidity":16.0,"turbulence_score":0.0,"icing_score":0.0,"convection_score":0.129}},{"type":"Feature","geometry":{"type":"Point","coordinates":[48.0,66.0]},"properties":{"wind_kt":21.0,"wind_from_deg":278.0,"temperature_c":-27.3,"relative_humidity":93.0,"turbulence_score":0.0,"icing_score":0.0,"convection_score":0.308}},{"type":"Feature","geometry":{"type":"Point","coordinates":[52.0,66.0]},"properties":{"wind_kt":16.1,"wind_from_deg":242.0,"temperature_c":-28.1,"relative_humidity":80.0,"turbulence_score":0.0,"icing_score":0.0,"convection_score":0.285}},{"type":"Feature","geometry":{"type":"Point","coordinates":[56.0,66.0]},"properties":{"wind_kt":25.6,"wind_from_deg":199.0,"temperature_c":-25.5,"relative_humidity":59.0,"turbulence_score":0.063,"icing_score":0.0,"convection_score":0.3}},{"type":"Feature","geometry":{"type":"Point","coordinates":[60.0,66.0]},"properties":{"wind_kt":26.6,"wind_from_deg":179.0,"temperature_c":-25.1,"relative_humidity":100.0,"turbulence_score":0.02,"icing_score":0.048,"convection_score":0.017}},{"type":"Feature","geometry":{"type":"Point","coordinates":[64.0,66.0]},"properties":{"wind_kt":21.8,"wind_from_deg":185.0,"temperature_c":-23.9,"relative_humidity":69.0,"turbulence_score":0.0,"icing_score":0.013,"convection_score":0.0}},{"type":"Feature","geometry":{"type":"Point","coordinates":[68.0,66.0]},"properties":{"wind_kt":15.5,"wind_from_deg":202.0,"temperature_c":-24.4,"relative_humidity":57.0,"turbulence_score":0.0,"icing_score":0.0,"convection_score":0.0}},{"type":"Feature","geometry":{"type":"Point","coordinates":[72.0,66.0]},"properties":{"wind_kt":14.3,"wind_from_deg":193.0,"temperature_c":-25.3,"relative_humidity":55.0,"turbulence_score":0.0,"icing_score":0.0,"convection_score":0.02}},{"type":"Feature","geometry":{"type":"Point","coordinates":[76.0,66.0]},"properties":{"wind_kt":4.9,"wind_from_deg":320.0,"temperature_c":-25.8,"relative_humidity":67.0,"turbulence_score":0.0,"icing_score":0.001,"convection_score":0.247}},{"type":"Feature","geometry":{"type":"Point","coordinates":[80.0,66.0]},"properties":{"wind_kt":21.2,"wind_from_deg":17.0,"temperature_c":-26.4,"relative_humidity":19.0,"turbulence_score":0.038,"icing_score":0.0,"convection_score":0.277}},{"type":"Feature","geometry":{"type":"Point","coordinates":[84.0,66.0]},"properties":{"wind_kt":14.6,"wind_from_deg":39.0,"temperature_c":-29.3,"relative_humidity":36.0,"turbulence_score":0.0,"icing_score":0.0,"convection_score":0.015}},{"type":"Feature","geometry":{"type":"Point","coordinates":[88.0,66.0]},"properties":{"wind_kt":24.5,"wind_from_deg":213.0,"temperature_c":-32.0,"relative_humidity":89.0,"turbulence_score":0.061,"icing_score":0.0,"convection_score":0.15}},{"type":"Feature","geometry":{"type":"Point","coordinates":[92.0,66.0]},"properties":{"wind_kt":23.9,"wind_from_deg":204.0,"temperature_c":-31.8,"relative_humidity":100.0,"turbulence_score":0.0,"icing_score":0.0,"convection_score":0.276}},{"type":"Feature","geometry":{"type":"Point","coordinates":[96.0,66.0]},"properties":{"wind_kt":18.5,"wind_from_deg":208.0,"temperature_c":-31.7,"relative_humidity":100.0,"turbulence_score":0.0,"icing_score":0.0,"convection_score":0.176}},{"type":"Feature","geometry":{"type":"Point","coordinates":[100.0,66.0]},"properties":{"wind_kt":19.4,"wind_from_deg":238.0,"temperature_c":-31.2,"relative_humidity":88.0,"turbulence_score":0.0,"icing_score":0.0,"convection_score":0.015}},{"type":"Feature","geometry":{"type":"Point","coordinates":[104.0,66.0]},"properties":{"wind_kt":18.9,"wind_from_deg":261.0,"temperature_c":-30.9,"relative_humidity":60.0,"turbulence_score":0.0,"icing_score":0.0,"convection_score":0.015}},{"type":"Feature","geometry":{"type":"Point","coordinates":[108.0,66.0]},"properties":{"wind_kt":12.4,"wind_from_deg":246.0,"temperature_c":-30.9,"relative_humidity":56.0,"turbulence_score":0.0,"icing_score":0.0,"convection_score":0.0}},{"type":"Feature","geometry":{"type":"Point","coordinates":[112.0,66.0]},"properties":{"wind_kt":11.6,"wind_from_deg":192.0,"temperature_c":-28.9,"relative_humidity":24.0,"turbulence_score":0.0,"icing_score":0.0,"convection_score":0.0}},{"type":"Feature","geometry":{"type":"Point","coordinates":[116.0,66.0]},"properties":{"wind_kt":6.8,"wind_from_deg":325.0,"temperature_c":-28.9,"relative_humidity":84.0,"turbulence_score":0.0,"icing_score":0.0,"convection_score":0.0}},{"type":"Feature","geometry":{"type":"Point","coordinates":[120.0,66.0]},"properties":{"wind_kt":17.1,"wind_from_deg":355.0,"temperature_c":-28.7,"relative_humidity":100.0,"turbulence_score":0.0,"icing_score":0.0,"convection_score":0.0}},{"type":"Feature","geometry":{"type":"Point","coordinates":[124.0,66.0]},"properties":{"wind_kt":24.5,"wind_from_deg":6.0,"temperature_c":-29.3,"relative_humidity":96.0,"turbulence_score":0.0,"icing_score":0.0,"convection_score":0.015}},{"type":"Feature","geometry":{"type":"Point","coordinates":[128.0,66.0]},"properties":{"wind_kt":30.0,"wind_from_deg":14.0,"temperature_c":-30.2,"relative_humidity":92.0,"turbulence_score":0.021,"icing_score":0.0,"convection_score":0.0}},{"type":"Feature","geometry":{"type":"Point","coordinates":[132.0,66.0]},"properties":{"wind_kt":35.7,"wind_from_deg":29.0,"temperature_c":-30.8,"relative_humidity":45.0,"turbulence_score":0.092,"icing_score":0.0,"convection_score":0.0}},{"type":"Feature","geometry":{"type":"Point","coordinates":[136.0,66.0]},"properties":{"wind_kt":11.7,"wind_from_deg":327.0,"temperature_c":-31.8,"relative_humidity":13.0,"turbulence_score":0.021,"icing_score":0.0,"convection_score":0.0}},{"type":"Feature","geometry":{"type":"Point","coordinates":[140.0,66.0]},"properties":{"wind_kt":10.6,"wind_from_deg":277.0,"temperature_c":-31.0,"relative_humidity":40.0,"turbulence_score":0.0,"icing_score":0.0,"convection_score":0.0}},{"type":"Feature","geometry":{"type":"Point","coordinates":[144.0,66.0]},"properties":{"wind_kt":7.6,"wind_from_deg":16.0,"temperature_c":-30.4,"relative_humidity":38.0,"turbulence_score":0.0,"icing_score":0.0,"convection_score":0.018}},{"type":"Feature","geometry":{"type":"Point","coordinates":[148.0,66.0]},"properties":{"wind_kt":11.3,"wind_from_deg":63.0,"temperature_c":-29.5,"relative_humidity":100.0,"turbulence_score":0.002,"icing_score":0.0,"convection_score":0.005}},{"type":"Feature","geometry":{"type":"Point","coordinates":[152.0,66.0]},"properties":{"wind_kt":15.5,"wind_from_deg":91.0,"temperature_c":-28.9,"relative_humidity":99.0,"turbulence_score":0.0,"icing_score":0.0,"convection_score":0.166}},{"type":"Feature","geometry":{"type":"Point","coordinates":[156.0,66.0]},"properties":{"wind_kt":18.6,"wind_from_deg":201.0,"temperature_c":-26.4,"relative_humidity":100.0,"turbulence_score":0.0,"icing_score":0.0,"convection_score":0.293}},{"type":"Feature","geometry":{"type":"Point","coordinates":[160.0,66.0]},"properties":{"wind_kt":24.6,"wind_from_deg":210.0,"temperature_c":-25.5,"relative_humidity":99.0,"turbulence_score":0.0,"icing_score":0.029,"convection_score":0.033}},{"type":"Feature","geometry":{"type":"Point","coordinates":[164.0,66.0]},"properties":{"wind_kt":15.2,"wind_from_deg":232.0,"temperature_c":-25.8,"relative_humidity":100.0,"turbulence_score":0.0,"icing_score":0.013,"convection_score":0.012}},{"type":"Feature","geometry":{"type":"Point","coordinates":[168.0,66.0]},"properties":{"wind_kt":15.3,"wind_from_deg":209.0,"temperature_c":-26.6,"relative_humidity":98.0,"turbulence_score":0.0,"icing_score":0.0,"convection_score":0.214}},{"type":"Feature","geometry":{"type":"Point","coordinates":[172.0,66.0]},"properties":{"wind_kt":27.5,"wind_from_deg":206.0,"temperature_c":-26.4,"relative_humidity":100.0,"turbulence_score":0.015,"icing_score":0.0,"convection_score":0.3}},{"type":"Feature","geometry":{"type":"Point","coordinates":[176.0,66.0]},"properties":{"wind_kt":33.8,"wind_from_deg":196.0,"temperature_c":-27.0,"relative_humidity":98.0,"turbulence_score":0.036,"icing_score":0.0,"convection_score":0.3}},{"type":"Feature","geometry":{"type":"Point","coordinates":[180.0,66.0]},"properties":{"wind_kt":23.0,"wind_from_deg":213.0,"temperature_c":-27.2,"relative_humidity":100.0,"turbulence_score":0.0,"icing_score":0.0,"convection_score":0.3}},{"type":"Feature","geometry":{"type":"Point","coordinates":[184.0,66.0]},"properties":{"wind_kt":33.9,"wind_from_deg":211.0,"temperature_c":-27.7,"relative_humidity":95.0,"turbulence_score":0.063,"icing_score":0.0,"convection_score":0.038}},{"type":"Feature","geometry":{"type":"Point","coordinates":[188.0,66.0]},"properties":{"wind_kt":24.3,"wind_from_deg":256.0,"temperature_c":-27.3,"relative_humidity":26.0,"turbulence_score":0.01,"icing_score":0.0,"convection_score":0.0}},{"type":"Feature","geometry":{"type":"Point","coordinates":[192.0,66.0]},"properties":{"wind_kt":28.1,"wind_from_deg":309.0,"temperature_c":-28.6,"relative_humidity":41.0,"turbulence_score":0.096,"icing_score":0.0,"convection_score":0.0}},{"type":"Feature","geometry":{"type":"Point","coordinates":[196.0,66.0]},"properties":{"wind_kt":34.9,"wind_from_deg":331.0,"temperature_c":-30.1,"relative_humidity":33.0,"turbulence_score":0.113,"icing_score":0.0,"convection_score":0.0}},{"type":"Feature","geometry":{"type":"Point","coordinates":[200.0,66.0]},"properties":{"wind_kt":23.5,"wind_from_deg":318.0,"temperature_c":-33.2,"relative_humidity":21.0,"turbulence_score":0.021,"icing_score":0.0,"convection_score":0.0}},{"type":"Feature","geometry":{"type":"Point","coordinates":[204.0,66.0]},"properties":{"wind_kt":21.3,"wind_from_deg":249.0,"temperature_c":-32.6,"relative_humidity":45.0,"turbulence_score":0.013,"icing_score":0.0,"convection_score":0.235}},{"type":"Feature","geometry":{"type":"Point","coordinates":[208.0,66.0]},"properties":{"wind_kt":19.5,"wind_from_deg":253.0,"temperature_c":-31.0,"relative_humidity":22.0,"turbulence_score":0.009,"icing_score":0.0,"convection_score":0.04}},{"type":"Feature","geometry":{"type":"Point","coordinates":[212.0,66.0]},"properties":{"wind_kt":28.7,"wind_from_deg":247.0,"temperature_c":-30.1,"relative_humidity":17.0,"turbulence_score":0.065,"icing_score":0.0,"convection_score":0.015}},{"type":"Feature","geometry":{"type":"Point","coordinates":[216.0,66.0]},"properties":{"wind_kt":29.7,"wind_from_deg":248.0,"temperature_c":-30.4,"relative_humidity":100.0,"turbulence_score":0.014,"icing_score":0.0,"convection_score":0.197}},{"type":"Feature","geometry":{"type":"Point","coordinates":[220.0,66.0]},"properties":{"wind_kt":25.5,"wind_from_deg":253.0,"temperature_c":-30.4,"relative_humidity":92.0,"turbulence_score":0.0,"icing_score":0.0,"convection_score":0.092}},{"type":"Feature","geometry":{"type":"Point","coordinates":[224.0,66.0]},"properties":{"wind_kt":23.4,"wind_from_deg":256.0,"temperature_c":-30.8,"relative_humidity":100.0,"turbulence_score":0.007,"icing_score":0.0,"convection_score":0.299}},{"type":"Feature","geometry":{"type":"Point","coordinates":[228.0,66.0]},"properties":{"wind_kt":19.7,"wind_from_deg":265.0,"temperature_c":-30.0,"relative_humidity":96.0,"turbulence_score":0.0,"icing_score":0.0,"convection_score":0.041}},{"type":"Feature","geometry":{"type":"Point","coordinates":[232.0,66.0]},"properties":{"wind_kt":12.7,"wind_from_deg":255.0,"temperature_c":-29.4,"relative_humidity":100.0,"turbulence_score":0.0,"icing_score":0.0,"convection_score":0.292}},{"type":"Feature","geometry":{"type":"Point","coordinates":[236.0,66.0]},"properties":{"wind_kt":7.2,"wind_from_deg":293.0,"temperature_c":-29.2,"relative_humidity":100.0,"turbulence_score":0.0,"icing_score":0.0,"convection_score":0.015}},{"type":"Feature","geometry":{"type":"Point","coordinates":[240.0,66.0]},"properties":{"wind_kt":15.6,"wind_from_deg":302.0,"temperature_c":-28.8,"relative_humidity":72.0,"turbulence_score":0.0,"icing_score":0.0,"convection_score":0.015}},{"type":"Feature","geometry":{"type":"Point","coordinates":[244.0,66.0]},"properties":{"wind_kt":15.1,"wind_from_deg":301.0,"temperature_c":-28.7,"relative_humidity":94.0,"turbulence_score":0.0,"icing_score":0.0,"convection_score":0.028}},{"type":"Feature","geometry":{"type":"Point","coordinates":[248.0,66.0]},"properties":{"wind_kt":21.3,"wind_from_deg":320.0,"temperature_c":-28.4,"relative_humidity":91.0,"turbulence_score":0.0,"icing_score":0.0,"convection_score":0.176}},{"type":"Feature","geometry":{"type":"Point","coordinates":[252.0,66.0]},"properties":{"wind_kt":26.4,"wind_from_deg":348.0,"temperature_c":-27.9,"relative_humidity":73.0,"turbulence_score":0.0,"icing_score":0.0,"convection_score":0.015}},{"type":"Feature","geometry":{"type":"Point","coordinates":[256.0,66.0]},"properties":{"wind_kt":5.0,"wind_from_deg":337.0,"temperature_c":-28.3,"relative_humidity":100.0,"turbulence_score":0.0,"icing_score":0.0,"convection_score":0.189}},{"type":"Feature","geometry":{"type":"Point","coordinates":[260.0,66.0]},"properties":{"wind_kt":5.9,"wind_from_deg":182.0,"temperature_c":-28.0,"relative_humidity":100.0,"turbulence_score":0.0,"icing_score":0.0,"convection_score":0.228}},{"type":"Feature","geometry":{"type":"Point","coordinates":[264.0,66.0]},"properties":{"wind_kt":5.6,"wind_from_deg":182.0,"temperature_c":-27.2,"relative_humidity":100.0,"turbulence_score":0.0,"icing_score":0.0,"convection_score":0.185}},{"type":"Feature","geometry":{"type":"Point","coordinates":[268.0,66.0]},"properties":{"wind_kt":1.5,"wind_from_deg":118.0,"temperature_c":-27.2,"relative_humidity":100.0,"turbulence_score":0.0,"icing_score":0.0,"convection_score":0.0}},{"type":"Feature","geometry":{"type":"Point","coordinates":[272.0,66.0]},"properties":{"wind_kt":3.3,"wind_from_deg":24.0,"temperature_c":-26.8,"relative_humidity":100.0,"turbulence_score":0.0,"icing_score":0.0,"convection_score":0.0}},{"type":"Feature","geometry":{"type":"Point","coordinates":[276.0,66.0]},"properties":{"wind_kt":8.2,"wind_from_deg":343.0,"temperature_c":-26.2,"relative_humidity":71.0,"turbulence_score":0.0,"icing_score":0.0,"convection_score":0.001}},{"type":"Feature","geometry":{"type":"Point","coordinates":[280.0,66.0]},"properties":{"wind_kt":19.1,"wind_from_deg":2.0,"temperature_c":-25.6,"relative_humidity":23.0,"turbulence_score":0.0,"icing_score":0.0,"convection_score":0.015}},{"type":"Feature","geometry":{"type":"Point","coordinates":[284.0,66.0]},"properties":{"wind_kt":20.3,"wind_from_deg":8.0,"temperature_c":-28.9,"relative_humidity":12.0,"turbulence_score":0.0,"icing_score":0.0,"convection_score":0.298}},{"type":"Feature","geometry":{"type":"Point","coordinates":[288.0,66.0]},"properties":{"wind_kt":25.7,"wind_from_deg":20.0,"temperature_c":-31.1,"relative_humidity":61.0,"turbulence_score":0.026,"icing_score":0.0,"convection_score":0.001}},{"type":"Feature","geometry":{"type":"Point","coordinates":[292.0,66.0]},"properties":{"wind_kt":4.5,"wind_from_deg":190.0,"temperature_c":-31.6,"relative_humidity":76.0,"turbulence_score":0.0,"icing_score":0.0,"convection_score":0.015}},{"type":"Feature","geometry":{"type":"Point","coordinates":[296.0,66.0]},"properties":{"wind_kt":9.2,"wind_from_deg":220.0,"temperature_c":-30.7,"relative_humidity":27.0,"turbulence_score":0.0,"icing_score":0.0,"convection_score":0.0}},{"type":"Feature","geometry":{"type":"Point","coordinates":[300.0,66.0]},"properties":{"wind_kt":12.0,"wind_from_deg":229.0,"temperature_c":-28.3,"relative_humidity":32.0,"turbulence_score":0.0,"icing_score":0.0,"convection_score":0.022}},{"type":"Feature","geometry":{"type":"Point","coordinates":[304.0,66.0]},"properties":{"wind_kt":24.6,"wind_from_deg":218.0,"temperature_c":-24.2,"relative_humidity":19.0,"turbulence_score":0.054,"icing_score":0.0,"convection_score":0.0}},{"type":"Feature","geometry":{"type":"Point","coordinates":[308.0,66.0]},"properties":{"wind_kt":12.3,"wind_from_deg":189.0,"temperature_c":-24.1,"relative_humidity":68.0,"turbulence_score":0.0,"icing_score":0.009,"convection_score":0.0}},{"type":"Feature","geometry":{"type":"Point","coordinates":[312.0,66.0]},"properties":{"wind_kt":15.0,"wind_from_deg":153.0,"temperature_c":-22.3,"relative_humidity":100.0,"turbulence_score":0.0,"icing_score":0.207,"convection_score":0.0}},{"type":"Feature","geometry":{"type":"Point","coordinates":[316.0,66.0]},"properties":{"wind_kt":23.6,"wind_from_deg":167.0,"temperature_c":-22.1,"relative_humidity":100.0,"turbulence_score":0.11,"icing_score":0.219,"convection_score":0.0}},{"type":"Feature","geometry":{"type":"Point","coordinates":[320.0,66.0]},"properties":{"wind_kt":23.3,"wind_from_deg":205.0,"temperature_c":-21.1,"relative_humidity":100.0,"turbulence_score":0.0,"icing_score":0.273,"convection_score":0.001}},{"type":"Feature","geometry":{"type":"Point","coordinates":[324.0,66.0]},"properties":{"wind_kt":25.8,"wind_from_deg":232.0,"temperature_c":-20.6,"relative_humidity":18.0,"turbulence_score":0.044,"icing_score":0.0,"convection_score":0.003}},{"type":"Feature","geometry":{"type":"Point","coordinates":[328.0,66.0]},"properties":{"wind_kt":28.4,"wind_from_deg":257.0,"temperature_c":-22.7,"relative_humidity":8.0,"turbulence_score":0.139,"icing_score":0.0,"convection_score":0.016}},{"type":"Feature","geometry":{"type":"Point","coordinates":[332.0,66.0]},"properties":{"wind_kt":25.8,"wind_from_deg":279.0,"temperature_c":-25.1,"relative_humidity":18.0,"turbulence_score":0.073,"icing_score":0.0,"convection_score":0.007}},{"type":"Feature","geometry":{"type":"Point","coordinates":[336.0,66.0]},"properties":{"wind_kt":43.1,"wind_from_deg":295.0,"temperature_c":-24.1,"relative_humidity":15.0,"turbulence_score":0.231,"icing_score":0.0,"convection_score":0.015}},{"type":"Feature","geometry":{"type":"Point","coordinates":[340.0,66.0]},"properties":{"wind_kt":49.1,"wind_from_deg":294.0,"temperature_c":-26.3,"relative_humidity":7.0,"turbulence_score":0.287,"icing_score":0.0,"convection_score":0.033}},{"type":"Feature","geometry":{"type":"Point","coordinates":[344.0,66.0]},"properties":{"wind_kt":24.6,"wind_from_deg":275.0,"temperature_c":-31.1,"relative_humidity":44.0,"turbulence_score":0.049,"icing_score":0.0,"convection_score":0.014}},{"type":"Feature","geometry":{"type":"Point","coordinates":[348.0,66.0]},"properties":{"wind_kt":19.7,"wind_from_deg":250.0,"temperature_c":-32.8,"relative_humidity":100.0,"turbulence_score":0.0,"icing_score":0.0,"convection_score":0.0}},{"type":"Feature","geometry":{"type":"Point","coordinates":[352.0,66.0]},"properties":{"wind_kt":18.5,"wind_from_deg":271.0,"temperature_c":-31.5,"relative_humidity":96.0,"turbulence_score":0.0,"icing_score":0.0,"convection_score":0.0}},{"type":"Feature","geometry":{"type":"Point","coordinates":[356.0,66.0]},"properties":{"wind_kt":16.4,"wind_from_deg":290.0,"temperature_c":-31.0,"relative_humidity":84.0,"turbulence_score":0.0,"icing_score":0.0,"convection_score":0.019}},{"type":"Feature","geometry":{"type":"Point","coordinates":[0.0,62.0]},"properties":{"wind_kt":16.9,"wind_from_deg":238.0,"temperature_c":-29.1,"relative_humidity":31.0,"turbulence_score":0.03,"icing_score":0.0,"convection_score":0.035}},{"type":"Feature","geometry":{"type":"Point","coordinates":[4.0,62.0]},"properties":{"wind_kt":29.7,"wind_from_deg":229.0,"temperature_c":-27.6,"relative_humidity":39.0,"turbulence_score":0.079,"icing_score":0.0,"convection_score":0.214}},{"type":"Feature","geometry":{"type":"Point","coordinates":[8.0,62.0]},"properties":{"wind_kt":31.6,"wind_from_deg":239.0,"temperature_c":-25.3,"relative_humidity":73.0,"turbulence_score":0.129,"icing_score":0.008,"convection_score":0.009}},{"type":"Feature","geometry":{"type":"Point","coordinates":[12.0,62.0]},"properties":{"wind_kt":41.4,"wind_from_deg":251.0,"temperature_c":-23.3,"relative_humidity":70.0,"turbulence_score":0.208,"icing_score":0.021,"convection_score":0.0}},{"type":"Feature","geometry":{"type":"Point","coordinates":[16.0,62.0]},"properties":{"wind_kt":47.2,"wind_from_deg":263.0,"temperature_c":-22.9,"relative_humidity":58.0,"turbulence_score":0.202,"icing_score":0.0,"convection_score":0.006}},{"type":"Feature","geometry":{"type":"Point","coordinates":[20.0,62.0]},"properties":{"wind_kt":53.9,"wind_from_deg":277.0,"temperature_c":-22.3,"relative_humidity":46.0,"turbulence_score":0.211,"icing_score":0.0,"convection_score":0.005}},{"type":"Feature","geometry":{"type":"Point","coordinates":[24.0,62.0]},"properties":{"wind_kt":52.8,"wind_from_deg":283.0,"temperature_c":-23.6,"relative_humidity":32.0,"turbulence_score":0.174,"icing_score":0.0,"convection_score":0.008}},{"type":"Feature","geometry":{"type":"Point","coordinates":[28.0,62.0]},"properties":{"wind_kt":59.2,"wind_from_deg":288.0,"temperature_c":-24.3,"relative_humidity":13.0,"turbulence_score":0.243,"icing_score":0.0,"convection_score":0.014}},{"type":"Feature","geometry":{"type":"Point","coordinates":[32.0,62.0]},"properties":{"wind_kt":52.8,"wind_from_deg":288.0,"temperature_c":-26.2,"relative_humidity":15.0,"turbulence_score":0.134,"icing_score":0.0,"convection_score":0.003}},{"type":"Feature","geometry":{"type":"Point","coordinates":[36.0,62.0]},"properties":{"wind_kt":42.5,"wind_from_deg":296.0,"temperature_c":-27.2,"relative_humidity":44.0,"turbulence_score":0.066,"icing_score":0.0,"convection_score":0.029}},{"type":"Feature","geometry":{"type":"Point","coordinates":[40.0,62.0]},"properties":{"wind_kt":34.5,"wind_from_deg":297.0,"temperature_c":-26.6,"relative_humidity":52.0,"turbulence_score":0.0,"icing_score":0.0,"convection_score":0.111}},{"type":"Feature","geometry":{"type":"Point","coordinates":[44.0,62.0]},"properties":{"wind_kt":43.3,"wind_from_deg":297.0,"temperature_c":-25.8,"relative_humidity":18.0,"turbulence_score":0.092,"icing_score":0.0,"convection_score":0.273}},{"type":"Feature","geometry":{"type":"Point","coordinates":[48.0,62.0]},"properties":{"wind_kt":31.0,"wind_from_deg":314.0,"temperature_c":-27.6,"relative_humidity":95.0,"turbulence_score":0.0,"icing_score":0.0,"convection_score":0.016}},{"type":"Feature","geometry":{"type":"Point","coordinates":[52.0,62.0]},"properties":{"wind_kt":22.5,"wind_from_deg":280.0,"temperature_c":-28.4,"relative_humidity":90.0,"turbulence_score":0.0,"icing_score":0.0,"convection_score":0.301}},{"type":"Feature","geometry":{"type":"Point","coordinates":[56.0,62.0]},"properties":{"wind_kt":11.8,"wind_from_deg":262.0,"temperature_c":-28.3,"relative_humidity":100.0,"turbulence_score":0.0,"icing_score":0.0,"convection_score":0.033}},{"type":"Feature","geometry":{"type":"Point","coordinates":[60.0,62.0]},"properties":{"wind_kt":21.2,"wind_from_deg":221.0,"temperature_c":-25.7,"relative_humidity":92.0,"turbulence_score":0.033,"icing_score":0.013,"convection_score":0.3}},{"type":"Feature","geometry":{"type":"Point","coordinates":[64.0,62.0]},"properties":{"wind_kt":21.6,"wind_from_deg":186.0,"temperature_c":-24.9,"relative_humidity":100.0,"turbulence_score":0.0,"icing_score":0.059,"convection_score":0.3}},{"type":"Feature","geometry":{"type":"Point","coordinates":[68.0,62.0]},"properties":{"wind_kt":22.2,"wind_from_deg":206.0,"temperature_c":-23.5,"relative_humidity":65.0,"turbulence_score":0.0,"icing_score":0.0,"convection_score":0.009}},{"type":"Feature","geometry":{"type":"Point","coordinates":[72.0,62.0]},"properties":{"wind_kt":10.7,"wind_from_deg":243.0,"temperature_c":-22.9,"relative_humidity":100.0,"turbulence_score":0.0,"icing_score":0.175,"convection_score":0.173}},{"type":"Feature","geometry":{"type":"Point","coordinates":[76.0,62.0]},"properties":{"wind_kt":13.2,"wind_from_deg":321.0,"temperature_c":-24.5,"relative_humidity":37.0,"turbulence_score":0.0,"icing_score":0.0,"convection_score":0.141}},{"type":"Feature","geometry":{"type":"Point","coordinates":[80.0,62.0]},"properties":{"wind_kt":27.6,"wind_from_deg":341.0,"temperature_c":-26.6,"relative_humidity":12.0,"turbulence_score":0.098,"icing_score":0.0,"convection_score":0.289}},{"type":"Feature","geometry":{"type":"Point","coordinates":[84.0,62.0]},"properties":{"wind_kt":12.3,"wind_from_deg":8.0,"temperature_c":-31.5,"relative_humidity":80.0,"turbulence_score":0.003,"icing_score":0.0,"convection_score":0.243}},{"type":"Feature","geometry":{"type":"Point","coordinates":[88.0,62.0]},"properties":{"wind_kt":12.8,"wind_from_deg":81.0,"temperature_c":-32.3,"relative_humidity":43.0,"turbulence_score":0.0,"icing_score":0.0,"convection_score":0.017}},{"type":"Feature","geometry":{"type":"Point","coordinates":[92.0,62.0]},"properties":{"wind_kt":33.7,"wind_from_deg":161.0,"temperature_c":-33.0,"relative_humidity":86.0,"turbulence_score":0.126,"icing_score":0.0,"convection_score":0.015}},{"type":"Feature","geometry":{"type":"Point","coordinates":[96.0,62.0]},"properties":{"wind_kt":33.4,"wind_from_deg":167.0,"temperature_c":-31.2,"relative_humidity":90.0,"turbulence_score":0.019,"icing_score":0.0,"convection_score":0.3}},{"type":"Feature","geometry":{"type":"Point","coordinates":[100.0,62.0]},"properties":{"wind_kt":16.7,"wind_from_deg":202.0,"temperature_c":-31.1,"relative_humidity":100.0,"turbulence_score":0.0,"icing_score":0.0,"convection_score":0.164}},{"type":"Feature","geometry":{"type":"Point","coordinates":[104.0,62.0]},"properties":{"wind_kt":18.9,"wind_from_deg":210.0,"temperature_c":-29.7,"relative_humidity":100.0,"turbulence_score":0.0,"icing_score":0.0,"convection_score":0.001}},{"type":"Feature","geometry":{"type":"Point","coordinates":[108.0,62.0]},"properties":{"wind_kt":13.7,"wind_from_deg":318.0,"temperature_c":-30.1,"relative_humidity":78.0,"turbulence_score":0.0,"icing_score":0.0,"convection_score":0.0}},{"type":"Feature","geometry":{"type":"Point","coordinates":[112.0,62.0]},"properties":{"wind_kt":13.7,"wind_from_deg":315.0,"temperature_c":-30.1,"relative_humidity":68.0,"turbulence_score":0.0,"icing_score":0.0,"convection_score":0.0}},{"type":"Feature","geometry":{"type":"Point","coordinates":[116.0,62.0]},"properties":{"wind_kt":2.3,"wind_from_deg":252.0,"temperature_c":-30.0,"relative_humidity":32.0,"turbulence_score":0.0,"icing_score":0.0,"convection_score":0.0}},{"type":"Feature","geometry":{"type":"Point","coordinates":[120.0,62.0]},"properties":{"wind_kt":23.2,"wind_from_deg":349.0,"temperature_c":-30.2,"relative_humidity":98.0,"turbulence_score":0.0,"icing_score":0.0,"convection_score":0.0}},{"type":"Feature","geometry":{"type":"Point","coordinates":[124.0,62.0]},"properties":{"wind_kt":37.6,"wind_from_deg":0.0,"temperature_c":-30.8,"relative_humidity":88.0,"turbulence_score":0.01,"icing_score":0.0,"convection_score":0.0}},{"type":"Feature","geometry":{"type":"Point","coordinates":[128.0,62.0]},"properties":{"wind_kt":1.8,"wind_from_deg":55.0,"temperature_c":-32.2,"relative_humidity":18.0,"turbulence_score":0.036,"icing_score":0.0,"convection_score":0.0}},{"type":"Feature","geometry":{"type":"Point","coordinates":[132.0,62.0]},"properties":{"wind_kt":13.7,"wind_from_deg":52.0,"temperature_c":-30.9,"relative_humidity":100.0,"turbulence_score":0.0,"icing_score":0.0,"convection_score":0.0}},{"type":"Feature","geometry":{"type":"Point","coordinates":[136.0,62.0]},"properties":{"wind_kt":35.2,"wind_from_deg":41.0,"temperature_c":-29.7,"relative_humidity":93.0,"turbulence_score":0.063,"icing_score":0.0,"convection_score":0.0}},{"type":"Feature","geometry":{"type":"Point","coordinates":[140.0,62.0]},"properties":{"wind_kt":26.4,"wind_from_deg":55.0,"temperature_c":-27.9,"relative_humidity":80.0,"turbulence_score":0.027,"icing_score":0.0,"convection_score":0.0}},{"type":"Feature","geometry":{"type":"Point","coordinates":[144.0,62.0]},"properties":{"wind_kt":43.4,"wind_from_deg":48.0,"temperature_c":-28.0,"relative_humidity":90.0,"turbulence_score":0.047,"icing_score":0.0,"convection_score":0.0}},{"type":"Feature","geometry":{"type":"Point","coordinates":[148.0,62.0]},"properties":{"wind_kt":31.6,"wind_from_deg":85.0,"temperature_c":-27.4,"relative_humidity":100.0,"turbulence_score":0.06,"icing_score":0.0,"convection_score":0.038}},{"type":"Feature","geometry":{"type":"Point","coordinates":[152.0,62.0]},"properties":{"wind_kt":27.5,"wind_from_deg":118.0,"temperature_c":-28.9,"relative_humidity":100.0,"turbulence_score":0.066,"icing_score":0.0,"convection_score":0.283}},{"type":"Feature","geometry":{"type":"Point","coordinates":[156.0,62.0]},"properties":{"wind_kt":35.1,"wind_from_deg":145.0,"temperature_c":-25.4,"relative_humidity":44.0,"turbulence_score":0.059,"icing_score":0.0,"convection_score":0.142}},{"type":"Feature","geometry":{"type":"Point","coordinates":[160.0,62.0]},"properties":{"wind_kt":25.7,"wind_from_deg":152.0,"temperature_c":-24.4,"relative_humidity":64.0,"turbulence_score":0.031,"icing_score":0.0,"convection_score":0.3}},{"type":"Feature","geometry":{"type":"Point","coordinates":[164.0,62.0]},"properties":{"wind_kt":23.9,"wind_from_deg":174.0,"temperature_c":-22.7,"relative_humidity":34.0,"turbulence_score":0.041,"icing_score":0.0,"convection_score":0.058}},{"type":"Feature","geometry":{"type":"Point","coordinates":[168.0,62.0]},"properties":{"wind_kt":27.7,"wind_from_deg":190.0,"temperature_c":-21.2,"relative_humidity":29.0,"turbulence_score":0.029,"icing_score":0.0,"convection_score":0.229}},{"type":"Feature","geometry":{"type":"Point","coordinates":[172.0,62.0]},"properties":{"wind_kt":24.8,"wind_from_deg":214.0,"temperature_c":-20.9,"relative_humidity":34.0,"turbulence_score":0.074,"icing_score":0.0,"convection_score":0.3}},{"type":"Feature","geometry":{"type":"Point","coordinates":[176.0,62.0]},"properties":{"wind_kt":26.8,"wind_from_deg":223.0,"temperature_c":-20.6,"relative_humidity":48.0,"turbulence_score":0.0,"icing_score":0.0,"convection_score":0.309}},{"type":"Feature","geometry":{"type":"Point","coordinates":[180.0,62.0]},"properties":{"wind_kt":22.8,"wind_from_deg":211.0,"temperature_c":-22.5,"relative_humidity":99.0,"turbulence_score":0.028,"icing_score":0.19,"convection_score":0.027}},{"type":"Feature","geometry":{"type":"Point","coordinates":[184.0,62.0]},"properties":{"wind_kt":23.6,"wind_from_deg":201.0,"temperature_c":-24.6,"relative_humidity":99.0,"turbulence_score":0.02,"icing_score":0.079,"convection_score":0.0}},{"type":"Feature","geometry":{"type":"Point","coordinates":[188.0,62.0]},"properties":{"wind_kt":5.7,"wind_from_deg":213.0,"temperature_c":-24.6,"relative_humidity":9.0,"turbulence_score":0.0,"icing_score":0.0,"convection_score":0.0}},{"type":"Feature","geometry":{"type":"Point","coordinates":[192.0,62.0]},"properties":{"wind_kt":16.6,"wind_from_deg":351.0,"temperature_c":-26.0,"relative_humidity":16.0,"turbulence_score":0.0,"icing_score":0.0,"convection_score":0.0}},{"type":"Feature","geometry":{"type":"Point","coordinates":[196.0,62.0]},"properties":{"wind_kt":30.7,"wind_from_deg":356.0,"temperature_c":-28.2,"relative_humidity":11.0,"turbulence_score":0.073,"icing_score":0.0,"convection_score":0.0}},{"type":"Feature","geometry":{"type":"Point","coordinates":[200.0,62.0]},"properties":{"wind_kt":12.6,"wind_from_deg":323.0,"temperature_c":-29.7,"relative_humidity":15.0,"turbulence_score":0.0,"icing_score":0.0,"convection_score":0.013}},{"type":"Feature","geometry":{"type":"Point","coordinates":[204.0,62.0]},"properties":{"wind_kt":12.8,"wind_from_deg":228.0,"temperature_c":-29.2,"relative_humidity":100.0,"turbulence_score":0.0,"icing_score":0.0,"convection_score":0.138}},{"type":"Feature","geometry":{"type":"Point","coordinates":[208.0,62.0]},"properties":{"wind_kt":10.3,"wind_from_deg":223.0,"temperature_c":-29.3,"relative_humidity":89.0,"turbulence_score":0.0,"icing_score":0.0,"convection_score":0.207}},{"type":"Feature","geometry":{"type":"Point","coordinates":[212.0,62.0]},"properties":{"wind_kt":9.5,"wind_from_deg":233.0,"temperature_c":-29.4,"relative_humidity":54.0,"turbulence_score":0.0,"icing_score":0.0,"convection_score":0.029}},{"type":"Feature","geometry":{"type":"Point","coordinates":[216.0,62.0]},"properties":{"wind_kt":14.1,"wind_from_deg":244.0,"temperature_c":-30.3,"relative_humidity":93.0,"turbulence_score":0.0,"icing_score":0.0,"convection_score":0.0}},{"type":"Feature","geometry":{"type":"Point","coordinates":[220.0,62.0]},"properties":{"wind_kt":8.5,"wind_from_deg":261.0,"temperature_c":-30.4,"relative_humidity":98.0,"turbulence_score":0.0,"icing_score":0.0,"convection_score":0.0}},{"type":"Feature","geometry":{"type":"Point","coordinates":[224.0,62.0]},"properties":{"wind_kt":5.3,"wind_from_deg":277.0,"temperature_c":-29.6,"relative_humidity":100.0,"turbulence_score":0.0,"icing_score":0.0,"convection_score":0.016}},{"type":"Feature","geometry":{"type":"Point","coordinates":[228.0,62.0]},"properties":{"wind_kt":14.3,"wind_from_deg":259.0,"temperature_c":-29.6,"relative_humidity":97.0,"turbulence_score":0.0,"icing_score":0.0,"convection_score":0.015}},{"type":"Feature","geometry":{"type":"Point","coordinates":[232.0,62.0]},"properties":{"wind_kt":14.7,"wind_from_deg":295.0,"temperature_c":-29.2,"relative_humidity":97.0,"turbulence_score":0.0,"icing_score":0.0,"convection_score":0.0}},{"type":"Feature","geometry":{"type":"Point","coordinates":[236.0,62.0]},"properties":{"wind_kt":15.6,"wind_from_deg":283.0,"temperature_c":-28.9,"relative_humidity":88.0,"turbulence_score":0.0,"icing_score":0.0,"convection_score":0.003}},{"type":"Feature","geometry":{"type":"Point","coordinates":[240.0,62.0]},"properties":{"wind_kt":2.9,"wind_from_deg":229.0,"temperature_c":-28.3,"relative_humidity":80.0,"turbulence_score":0.0,"icing_score":0.0,"convection_score":0.042}},{"type":"Feature","geometry":{"type":"Point","coordinates":[244.0,62.0]},"properties":{"wind_kt":16.1,"wind_from_deg":299.0,"temperature_c":-28.3,"relative_humidity":99.0,"turbulence_score":0.0,"icing_score":0.0,"convection_score":0.003}},{"type":"Feature","geometry":{"type":"Point","coordinates":[248.0,62.0]},"properties":{"wind_kt":18.6,"wind_from_deg":321.0,"temperature_c":-27.4,"relative_humidity":44.0,"turbulence_score":0.0,"icing_score":0.0,"convection_score":0.236}},{"type":"Feature","geometry":{"type":"Point","coordinates":[252.0,62.0]},"properties":{"wind_kt":24.5,"wind_from_deg":323.0,"temperature_c":-27.7,"relative_humidity":68.0,"turbulence_score":0.0,"icing_score":0.0,"convection_score":0.015}},{"type":"Feature","geometry":{"type":"Point","coordinates":[256.0,62.0]},"properties":{"wind_kt":19.9,"wind_from_deg":314.0,"temperature_c":-26.7,"relative_humidity":87.0,"turbulence_score":0.0,"icing_score":0.0,"convection_score":0.019}},{"type":"Feature","geometry":{"type":"Point","coordinates":[260.0,62.0]},"properties":{"wind_kt":13.3,"wind_from_deg":316.0,"temperature_c":-26.5,"relative_humidity":82.0,"turbulence_score":0.0,"icing_score":0.0,"convection_score":0.173}},{"type":"Feature","geometry":{"type":"Point","coordinates":[264.0,62.0]},"properties":{"wind_kt":2.6,"wind_from_deg":198.0,"temperature_c":-26.6,"relative_humidity":93.0,"turbulence_score":0.0,"icing_score":0.0,"convection_score":0.251}},{"type":"Feature","geometry":{"type":"Point","coordinates":[268.0,62.0]},"properties":{"wind_kt":5.2,"wind_from_deg":129.0,"temperature_c":-25.0,"relative_humidity":100.0,"turbulence_score":0.0,"icing_score":0.057,"convection_score":0.169}},{"type":"Feature","geometry":{"type":"Point","coordinates":[272.0,62.0]},"properties":{"wind_kt":4.2,"wind_from_deg":36.0,"temperature_c":-24.5,"relative_humidity":84.0,"turbulence_score":0.0,"icing_score":0.045,"convection_score":0.309}},{"type":"Feature","geometry":{"type":"Point","coordinates":[276.0,62.0]},"properties":{"wind_kt":5.1,"wind_from_deg":325.0,"temperature_c":-25.1,"relative_humidity":72.0,"turbulence_score":0.0,"icing_score":0.01,"convection_score":0.008}},{"type":"Feature","geometry":{"type":"Point","coordinates":[280.0,62.0]},"properties":{"wind_kt":6.0,"wind_from_deg":329.0,"temperature_c":-24.6,"relative_humidity":37.0,"turbulence_score":0.0,"icing_score":0.0,"convection_score":0.0}},{"type":"Feature","geometry":{"type":"Point","coordinates":[284.0,62.0]},"properties":{"wind_kt":19.7,"wind_from_deg":309.0,"temperature_c":-24.9,"relative_humidity":56.0,"turbulence_score":0.021,"icing_score":0.0,"convection_score":0.078}},{"type":"Feature","geometry":{"type":"Point","coordinates":[288.0,62.0]},"properties":{"wind_kt":29.3,"wind_from_deg":290.0,"temperature_c":-26.4,"relative_humidity":48.0,"turbulence_score":0.111,"icing_score":0.0,"convection_score":0.242}},{"type":"Feature","geometry":{"type":"Point","coordinates":[292.0,62.0]},"properties":{"wind_kt":19.3,"wind_from_deg":271.0,"temperature_c":-26.7,"relative_humidity":62.0,"turbulence_score":0.046,"icing_score":0.0,"convection_score":0.084}},{"type":"Feature","geometry":{"type":"Point","coordinates":[296.0,62.0]},"properties":{"wind_kt":11.4,"wind_from_deg":258.0,"temperature_c":-26.9,"relative_humidity":30.0,"turbulence_score":0.0,"icing_score":0.0,"convection_score":0.029}},{"type":"Feature","geometry":{"type":"Point","coordinates":[300.0,62.0]},"properties":{"wind_kt":19.2,"wind_from_deg":5.0,"temperature_c":-24.8,"relative_humidity":96.0,"turbulence_score":0.0,"icing_score":0.061,"convection_score":0.003}},{"type":"Feature","geometry":{"type":"Point","coordinates":[304.0,62.0]},"properties":{"wind_kt":30.6,"wind_from_deg":80.0,"temperature_c":-23.5,"relative_humidity":100.0,"turbulence_score":0.105,"icing_score":0.139,"convection_score":0.002}},{"type":"Feature","geometry":{"type":"Point","coordinates":[308.0,62.0]},"properties":{"wind_kt":22.8,"wind_from_deg":108.0,"temperature_c":-24.7,"relative_humidity":97.0,"turbulence_score":0.017,"icing_score":0.065,"convection_score":0.302}},{"type":"Feature","geometry":{"type":"Point","coordinates":[312.0,62.0]},"properties":{"wind_kt":27.2,"wind_from_deg":124.0,"temperature_c":-26.3,"relative_humidity":51.0,"turbulence_score":0.052,"icing_score":0.0,"convection_score":0.0}},{"type":"Feature","geometry":{"type":"Point","coordinates":[316.0,62.0]},"properties":{"wind_kt":36.5,"wind_from_deg":182.0,"temperature_c":-23.6,"relative_humidity":40.0,"turbulence_score":0.048,"icing_score":0.0,"convection_score":0.0}},{"type":"Feature","geometry":{"type":"Point","coordinates":[320.0,62.0]},"properties":{"wind_kt":46.2,"wind_from_deg":170.0,"temperature_c":-20.1,"relative_humidity":36.0,"turbulence_score":0.154,"icing_score":0.0,"convection_score":0.306}},{"type":"Feature","geometry":{"type":"Point","coordinates":[324.0,62.0]},"properties":{"wind_kt":46.8,"wind_from_deg":200.0,"temperature_c":-17.6,"relative_humidity":93.0,"turbulence_score":0.121,"icing_score":0.371,"convection_score":0.325}},{"type":"Feature","geometry":{"type":"Point","coordinates":[328.0,62.0]},"properties":{"wind_kt":35.4,"wind_from_deg":242.0,"temperature_c":-16.1,"relative_humidity":100.0,"turbulence_score":0.096,"icing_score":0.544,"convection_score":0.148}},{"type":"Feature","geometry":{"type":"Point","coordinates":[332.0,62.0]},"properties":{"wind_kt":34.4,"wind_from_deg":258.0,"temperature_c":-15.7,"relative_humidity":64.0,"turbulence_score":0.125,"icing_score":0.0,"convection_score":0.084}},{"type":"Feature","geometry":{"type":"Point","coordinates":[336.0,62.0]},"properties":{"wind_kt":35.2,"wind_from_deg":276.0,"temperature_c":-17.6,"relative_humidity":87.0,"turbulence_score":0.118,"icing_score":0.293,"convection_score":0.007}},{"type":"Feature","geometry":{"type":"Point","coordinates":[340.0,62.0]},"properties":{"wind_kt":49.6,"wind_from_deg":302.0,"temperature_c":-17.8,"relative_humidity":11.0,"turbulence_score":0.24,"icing_score":0.0,"convection_score":0.017}},{"type":"Feature","geometry":{"type":"Point","coordinates":[344.0,62.0]},"properties":{"wind_kt":34.5,"wind_from_deg":300.0,"temperature_c":-24.2,"relative_humidity":12.0,"turbulence_score":0.112,"icing_score":0.0,"convection_score":0.202}},{"type":"Feature","geometry":{"type":"Point","coordinates":[348.0,62.0]},"properties":{"wind_kt":32.2,"wind_from_deg":305.0,"temperature_c":-26.6,"relative_humidity":19.0,"turbulence_score":0.085,"icing_score":0.0,"convection_score":0.002}},{"type":"Feature","geometry":{"type":"Point","coordinates":[352.0,62.0]},"properties":{"wind_kt":26.3,"wind_from_deg":326.0,"temperature_c":-27.7,"relative_humidity":32.0,"turbulence_score":0.064,"icing_score":0.0,"convection_score":0.003}},{"type":"Feature","geometry":{"type":"Point","coordinates":[356.0,62.0]},"properties":{"wind_kt":14.8,"wind_from_deg":325.0,"temperature_c":-29.3,"relative_humidity":32.0,"turbulence_score":0.0,"icing_score":0.0,"convection_score":0.022}},{"type":"Feature","geometry":{"type":"Point","coordinates":[0.0,58.0]},"properties":{"wind_kt":34.0,"wind_from_deg":220.0,"temperature_c":-25.4,"relative_humidity":68.0,"turbulence_score":0.147,"icing_score":0.002,"convection_score":0.025}},{"type":"Feature","geometry":{"type":"Point","coordinates":[4.0,58.0]},"properties":{"wind_kt":50.7,"wind_from_deg":218.0,"temperature_c":-20.4,"relative_humidity":100.0,"turbulence_score":0.236,"icing_score":0.313,"convection_score":0.029}},{"type":"Feature","geometry":{"type":"Point","coordinates":[8.0,58.0]},"properties":{"wind_kt":45.2,"wind_from_deg":218.0,"temperature_c":-19.3,"relative_humidity":100.0,"turbulence_score":0.162,"icing_score":0.373,"convection_score":0.3}},{"type":"Feature","geometry":{"type":"Point","coordinates":[12.0,58.0]},"properties":{"wind_kt":39.3,"wind_from_deg":242.0,"temperature_c":-18.5,"relative_humidity":97.0,"turbulence_score":0.108,"icing_score":0.379,"convection_score":0.003}},{"type":"Feature","geometry":{"type":"Point","coordinates":[16.0,58.0]},"properties":{"wind_kt":36.3,"wind_from_deg":256.0,"temperature_c":-18.0,"relative_humidity":76.0,"turbulence_score":0.083,"icing_score":0.144,"convection_score":0.0}},{"type":"Feature","geometry":{"type":"Point","coordinates":[20.0,58.0]},"properties":{"wind_kt":34.2,"wind_from_deg":271.0,"temperature_c":-18.6,"relative_humidity":70.0,"turbulence_score":0.039,"icing_score":0.053,"convection_score":0.0}},{"type":"Feature","geometry":{"type":"Point","coordinates":[24.0,58.0]},"properties":{"wind_kt":44.1,"wind_from_deg":279.0,"temperature_c":-17.5,"relative_humidity":56.0,"turbulence_score":0.127,"icing_score":0.0,"convection_score":0.0}},{"type":"Feature","geometry":{"type":"Point","coordinates":[28.0,58.0]},"properties":{"wind_kt":52.2,"wind_from_deg":283.0,"temperature_c":-17.3,"relative_humidity":52.0,"turbulence_score":0.201,"icing_score":0.0,"convection_score":0.0}},{"type":"Feature","geometry":{"type":"Point","coordinates":[32.0,58.0]},"properties":{"wind_kt":57.4,"wind_from_deg":287.0,"temperature_c":-17.3,"relative_humidity":32.0,"turbulence_score":0.21,"icing_score":0.0,"convection_score":0.003}},{"type":"Feature","geometry":{"type":"Point","coordinates":[36.0,58.0]},"properties":{"wind_kt":61.0,"wind_from_deg":290.0,"temperature_c":-17.6,"relative_humidity":21.0,"turbulence_score":0.235,"icing_score":0.0,"convection_score":0.302}},{"type":"Feature","geometry":{"type":"Point","coordinates":[40.0,58.0]},"properties":{"wind_kt":67.8,"wind_from_deg":297.0,"temperature_c":-18.6,"relative_humidity":16.0,"turbulence_score":0.3,"icing_score":0.0,"convection_score":0.002}},{"type":"Feature","geometry":{"type":"Point","coordinates":[44.0,58.0]},"properties":{"wind_kt":63.9,"wind_from_deg":303.0,"temperature_c":-20.9,"relative_humidity":11.0,"turbulence_score":0.294,"icing_score":0.0,"convection_score":0.004}},{"type":"Feature","geometry":{"type":"Point","coordinates":[48.0,58.0]},"properties":{"wind_kt":47.3,"wind_from_deg":305.0,"temperature_c":-24.0,"relative_humidity":16.0,"turbulence_score":0.145,"icing_score":0.0,"convection_score":0.001}},{"type":"Feature","geometry":{"type":"Point","coordinates":[52.0,58.0]},"properties":{"wind_kt":41.3,"wind_from_deg":301.0,"temperature_c":-26.6,"relative_humidity":37.0,"turbulence_score":0.086,"icing_score":0.0,"convection_score":0.0}},{"type":"Feature","geometry":{"type":"Point","coordinates":[56.0,58.0]},"properties":{"wind_kt":39.0,"wind_from_deg":303.0,"temperature_c":-27.8,"relative_humidity":62.0,"turbulence_score":0.061,"icing_score":0.0,"convection_score":0.044}},{"type":"Feature","geometry":{"type":"Point","coordinates":[60.0,58.0]},"properties":{"wind_kt":23.8,"wind_from_deg":278.0,"temperature_c":-26.7,"relative_humidity":82.0,"turbulence_score":0.0,"icing_score":0.0,"convection_score":0.216}},{"type":"Feature","geometry":{"type":"Point","coordinates":[64.0,58.0]},"properties":{"wind_kt":25.0,"wind_from_deg":241.0,"temperature_c":-23.5,"relative_humidity":100.0,"turbulence_score":0.0,"icing_score":0.137,"convection_score":0.3}},{"type":"Feature","geometry":{"type":"Point","coordinates":[68.0,58.0]},"properties":{"wind_kt":29.9,"wind_from_deg":226.0,"temperature_c":-23.3,"relative_humidity":57.0,"turbulence_score":0.0,"icing_score":0.0,"convection_score":0.3}},{"type":"Feature","geometry":{"type":"Point","coordinates":[72.0,58.0]},"properties":{"wind_kt":25.8,"wind_from_deg":253.0,"temperature_c":-22.3,"relative_humidity":42.0,"turbulence_score":0.0,"icing_score":0.0,"convection_score":0.0}},{"type":"Feature","geometry":{"type":"Point","coordinates":[76.0,58.0]},"properties":{"wind_kt":29.4,"wind_from_deg":279.0,"temperature_c":-22.0,"relative_humidity":8.0,"turbulence_score":0.018,"icing_score":0.0,"convection_score":0.113}},{"type":"Feature","geometry":{"type":"Point","coordinates":[80.0,58.0]},"properties":{"wind_kt":40.8,"wind_from_deg":317.0,"temperature_c":-25.1,"relative_humidity":46.0,"turbulence_score":0.153,"icing_score":0.0,"convection_score":0.302}},{"type":"Feature","geometry":{"type":"Point","coordinates":[84.0,58.0]},"properties":{"wind_kt":29.9,"wind_from_deg":313.0,"temperature_c":-31.5,"relative_humidity":72.0,"turbulence_score":0.036,"icing_score":0.0,"convection_score":0.28}},{"type":"Feature","geometry":{"type":"Point","coordinates":[88.0,58.0]},"properties":{"wind_kt":38.9,"wind_from_deg":280.0,"temperature_c":-34.5,"relative_humidity":100.0,"turbulence_score":0.064,"icing_score":0.0,"convection_score":0.301}},{"type":"Feature","geometry":{"type":"Point","coordinates":[92.0,58.0]},"properties":{"wind_kt":29.1,"wind_from_deg":221.0,"temperature_c":-35.0,"relative_humidity":99.0,"turbulence_score":0.01,"icing_score":0.0,"convection_score":0.015}},{"type":"Feature","geometry":{"type":"Point","coordinates":[96.0,58.0]},"properties":{"wind_kt":60.7,"wind_from_deg":218.0,"temperature_c":-31.6,"relative_humidity":93.0,"turbulence_score":0.298,"icing_score":0.0,"convection_score":0.015}},{"type":"Feature","geometry":{"type":"Point","coordinates":[100.0,58.0]},"properties":{"wind_kt":25.0,"wind_from_deg":225.0,"temperature_c":-30.6,"relative_humidity":85.0,"turbulence_score":0.012,"icing_score":0.0,"convection_score":0.0}},{"type":"Feature","geometry":{"type":"Point","coordinates":[104.0,58.0]},"properties":{"wind_kt":18.9,"wind_from_deg":274.0,"temperature_c":-28.3,"relative_humidity":64.0,"turbulence_score":0.014,"icing_score":0.0,"convection_score":0.001}},{"type":"Feature","geometry":{"type":"Point","coordinates":[108.0,58.0]},"properties":{"wind_kt":9.8,"wind_from_deg":274.0,"temperature_c":-27.7,"relative_humidity":100.0,"turbulence_score":0.0,"icing_score":0.0,"convection_score":0.0}},{"type":"Feature","geometry":{"type":"Point","coordinates":[112.0,58.0]},"properties":{"wind_kt":16.9,"wind_from_deg":299.0,"temperature_c":-27.2,"relative_humidity":54.0,"turbulence_score":0.005,"icing_score":0.0,"convection_score":0.124}},{"type":"Feature","geometry":{"type":"Point","coordinates":[116.0,58.0]},"properties":{"wind_kt":20.8,"wind_from_deg":304.0,"temperature_c":-28.2,"relative_humidity":78.0,"turbulence_score":0.057,"icing_score":0.0,"convection_score":0.0}},{"type":"Feature","geometry":{"type":"Point","coordinates":[120.0,58.0]},"properties":{"wind_kt":18.9,"wind_from_deg":321.0,"temperature_c":-30.2,"relative_humidity":34.0,"turbulence_score":0.0,"icing_score":0.0,"convection_score":0.0}},{"type":"Feature","geometry":{"type":"Point","coordinates":[124.0,58.0]},"properties":{"wind_kt":42.7,"wind_from_deg":333.0,"temperature_c":-30.9,"relative_humidity":90.0,"turbulence_score":0.079,"icing_score":0.0,"convection_score":0.0}},{"type":"Feature","geometry":{"type":"Point","coordinates":[128.0,58.0]},"properties":{"wind_kt":61.1,"wind_from_deg":339.0,"temperature_c":-33.1,"relative_humidity":97.0,"turbulence_score":0.228,"icing_score":0.0,"convection_score":0.041}},{"type":"Feature","geometry":{"type":"Point","coordinates":[132.0,58.0]},"properties":{"wind_kt":18.5,"wind_from_deg":350.0,"temperature_c":-31.9,"relative_humidity":100.0,"turbulence_score":0.125,"icing_score":0.0,"convection_score":0.006}},{"type":"Feature","geometry":{"type":"Point","coordinates":[136.0,58.0]},"properties":{"wind_kt":34.2,"wind_from_deg":4.0,"temperature_c":-30.0,"relative_humidity":100.0,"turbulence_score":0.031,"icing_score":0.0,"convection_score":0.3}},{"type":"Feature","geometry":{"type":"Point","coordinates":[140.0,58.0]},"properties":{"wind_kt":48.1,"wind_from_deg":25.0,"temperature_c":-27.6,"relative_humidity":81.0,"turbulence_score":0.114,"icing_score":0.0,"convection_score":0.281}},{"type":"Feature","geometry":{"type":"Point","coordinates":[144.0,58.0]},"properties":{"wind_kt":48.8,"wind_from_deg":47.0,"temperature_c":-30.5,"relative_humidity":13.0,"turbulence_score":0.066,"icing_score":0.0,"convection_score":0.028}},{"type":"Feature","geometry":{"type":"Point","coordinates":[148.0,58.0]},"properties":{"wind_kt":57.8,"wind_from_deg":79.0,"temperature_c":-32.9,"relative_humidity":15.0,"turbulence_score":0.278,"icing_score":0.0,"convection_score":0.009}},{"type":"Feature","geometry":{"type":"Point","coordinates":[152.0,58.0]},"properties":{"wind_kt":47.4,"wind_from_deg":136.0,"temperature_c":-31.0,"relative_humidity":12.0,"turbulence_score":0.221,"icing_score":0.0,"convection_score":0.026}},{"type":"Feature","geometry":{"type":"Point","coordinates":[156.0,58.0]},"properties":{"wind_kt":49.6,"wind_from_deg":156.0,"temperature_c":-28.8,"relative_humidity":42.0,"turbulence_score":0.159,"icing_score":0.0,"convection_score":0.255}},{"type":"Feature","geometry":{"type":"Point","coordinates":[160.0,58.0]},"properties":{"wind_kt":38.4,"wind_from_deg":172.0,"temperature_c":-22.0,"relative_humidity":36.0,"turbulence_score":0.1,"icing_score":0.0,"convection_score":0.3}},{"type":"Feature","geometry":{"type":"Point","coordinates":[164.0,58.0]},"properties":{"wind_kt":34.0,"wind_from_deg":182.0,"temperature_c":-18.1,"relative_humidity":10.0,"turbulence_score":0.141,"icing_score":0.0,"convection_score":0.269}},{"type":"Feature","geometry":{"type":"Point","coordinates":[168.0,58.0]},"properties":{"wind_kt":30.4,"wind_from_deg":233.0,"temperature_c":-15.8,"relative_humidity":50.0,"turbulence_score":0.094,"icing_score":0.0,"convection_score":0.002}},{"type":"Feature","geometry":{"type":"Point","coordinates":[172.0,58.0]},"properties":{"wind_kt":51.7,"wind_from_deg":237.0,"temperature_c":-12.8,"relative_humidity":96.0,"turbulence_score":0.293,"icing_score":0.647,"convection_score":0.0}},{"type":"Feature","geometry":{"type":"Point","coordinates":[176.0,58.0]},"properties":{"wind_kt":31.4,"wind_from_deg":273.0,"temperature_c":-15.2,"relative_humidity":93.0,"turbulence_score":0.05,"icing_score":0.481,"convection_score":0.305}},{"type":"Feature","geometry":{"type":"Point","coordinates":[180.0,58.0]},"properties":{"wind_kt":16.4,"wind_from_deg":261.0,"temperature_c":-16.7,"relative_humidity":26.0,"turbulence_score":0.022,"icing_score":0.0,"convection_score":0.266}},{"type":"Feature","geometry":{"type":"Point","coordinates":[184.0,58.0]},"properties":{"wind_kt":24.1,"wind_from_deg":246.0,"temperature_c":-19.3,"relative_humidity":100.0,"turbulence_score":0.0,"icing_score":0.374,"convection_score":0.024}},{"type":"Feature","geometry":{"type":"Point","coordinates":[188.0,58.0]},"properties":{"wind_kt":11.8,"wind_from_deg":292.0,"temperature_c":-21.2,"relative_humidity":42.0,"turbulence_score":0.0,"icing_score":0.0,"convection_score":0.0}},{"type":"Feature","geometry":{"type":"Point","coordinates":[192.0,58.0]},"properties":{"wind_kt":25.5,"wind_from_deg":344.0,"temperature_c":-22.2,"relative_humidity":3.0,"turbulence_score":0.062,"icing_score":0.0,"convection_score":0.002}},{"type":"Feature","geometry":{"type":"Point","coordinates":[196.0,58.0]},"properties":{"wind_kt":19.4,"wind_from_deg":354.0,"temperature_c":-27.0,"relative_humidity":10.0,"turbulence_score":0.0,"icing_score":0.0,"convection_score":0.049}},{"type":"Feature","geometry":{"type":"Point","coordinates":[200.0,58.0]},"properties":{"wind_kt":12.6,"wind_from_deg":302.0,"temperature_c":-28.2,"relative_humidity":43.0,"turbulence_score":0.0,"icing_score":0.0,"convection_score":0.0}},{"type":"Feature","geometry":{"type":"Point","coordinates":[204.0,58.0]},"properties":{"wind_kt":10.0,"wind_from_deg":249.0,"temperature_c":-28.3,"relative_humidity":36.0,"turbulence_score":0.0,"icing_score":0.0,"convection_score":0.015}},{"type":"Feature","geometry":{"type":"Point","coordinates":[208.0,58.0]},"properties":{"wind_kt":10.6,"wind_from_deg":228.0,"temperature_c":-26.4,"relative_humidity":38.0,"turbulence_score":0.0,"icing_score":0.0,"convection_score":0.031}},{"type":"Feature","geometry":{"type":"Point","coordinates":[212.0,58.0]},"properties":{"wind_kt":8.8,"wind_from_deg":222.0,"temperature_c":-27.3,"relative_humidity":46.0,"turbulence_score":0.0,"icing_score":0.0,"convection_score":0.027}},{"type":"Feature","geometry":{"type":"Point","coordinates":[216.0,58.0]},"properties":{"wind_kt":14.1,"wind_from_deg":228.0,"temperature_c":-27.9,"relative_humidity":66.0,"turbulence_score":0.0,"icing_score":0.0,"convection_score":0.021}},{"type":"Feature","geometry":{"type":"Point","coordinates":[220.0,58.0]},"properties":{"wind_kt":19.5,"wind_from_deg":234.0,"temperature_c":-27.3,"relative_humidity":50.0,"turbulence_score":0.0,"icing_score":0.0,"convection_score":0.035}},{"type":"Feature","geometry":{"type":"Point","coordinates":[224.0,58.0]},"properties":{"wind_kt":27.4,"wind_from_deg":246.0,"temperature_c":-26.1,"relative_humidity":22.0,"turbulence_score":0.048,"icing_score":0.0,"convection_score":0.009}},{"type":"Feature","geometry":{"type":"Point","coordinates":[228.0,58.0]},"properties":{"wind_kt":32.2,"wind_from_deg":263.0,"temperature_c":-24.9,"relative_humidity":18.0,"turbulence_score":0.095,"icing_score":0.0,"convection_score":0.191}},{"type":"Feature","geometry":{"type":"Point","coordinates":[232.0,58.0]},"properties":{"wind_kt":33.1,"wind_from_deg":270.0,"temperature_c":-25.7,"relative_humidity":32.0,"turbulence_score":0.103,"icing_score":0.0,"convection_score":0.015}},{"type":"Feature","geometry":{"type":"Point","coordinates":[236.0,58.0]},"properties":{"wind_kt":35.4,"wind_from_deg":280.0,"temperature_c":-24.8,"relative_humidity":26.0,"turbulence_score":0.115,"icing_score":0.0,"convection_score":0.004}},{"type":"Feature","geometry":{"type":"Point","coordinates":[240.0,58.0]},"properties":{"wind_kt":35.7,"wind_from_deg":288.0,"temperature_c":-25.4,"relative_humidity":30.0,"turbulence_score":0.068,"icing_score":0.0,"convection_score":0.0}},{"type":"Feature","geometry":{"type":"Point","coordinates":[244.0,58.0]},"properties":{"wind_kt":32.0,"wind_from_deg":289.0,"temperature_c":-26.2,"relative_humidity":36.0,"turbulence_score":0.0,"icing_score":0.0,"convection_score":0.0}},{"type":"Feature","geometry":{"type":"Point","coordinates":[248.0,58.0]},"properties":{"wind_kt":36.1,"wind_from_deg":297.0,"temperature_c":-27.0,"relative_humidity":45.0,"turbulence_score":0.008,"icing_score":0.0,"convection_score":0.0}},{"type":"Feature","geometry":{"type":"Point","coordinates":[252.0,58.0]},"properties":{"wind_kt":33.9,"wind_from_deg":301.0,"temperature_c":-27.2,"relative_humidity":52.0,"turbulence_score":0.004,"icing_score":0.0,"convection_score":0.0}},{"type":"Feature","geometry":{"type":"Point","coordinates":[256.0,58.0]},"properties":{"wind_kt":33.4,"wind_from_deg":309.0,"temperature_c":-26.5,"relative_humidity":46.0,"turbulence_score":0.02,"icing_score":0.0,"convection_score":0.156}},{"type":"Feature","geometry":{"type":"Point","coordinates":[260.0,58.0]},"properties":{"wind_kt":27.9,"wind_from_deg":325.0,"temperature_c":-26.1,"relative_humidity":52.0,"turbulence_score":0.0,"icing_score":0.0,"convection_score":0.024}},{"type":"Feature","geometry":{"type":"Point","coordinates":[264.0,58.0]},"properties":{"wind_kt":20.7,"wind_from_deg":328.0,"temperature_c":-25.2,"relative_humidity":45.0,"turbulence_score":0.0,"icing_score":0.0,"convection_score":0.186}},{"type":"Feature","geometry":{"type":"Point","coordinates":[268.0,58.0]},"properties":{"wind_kt":6.0,"wind_from_deg":60.0,"temperature_c":-23.6,"relative_humidity":100.0,"turbulence_score":0.0,"icing_score":0.133,"convection_score":0.306}},{"type":"Feature","geometry":{"type":"Point","coordinates":[272.0,58.0]},"properties":{"wind_kt":9.3,"wind_from_deg":74.0,"temperature_c":-23.6,"relative_humidity":99.0,"turbulence_score":0.0,"icing_score":0.13,"convection_score":0.296}},{"type":"Feature","geometry":{"type":"Point","coordinates":[276.0,58.0]},"properties":{"wind_kt":11.8,"wind_from_deg":117.0,"temperature_c":-22.4,"relative_humidity":100.0,"turbulence_score":0.0,"icing_score":0.199,"convection_score":0.302}},{"type":"Feature","geometry":{"type":"Point","coordinates":[280.0,58.0]},"properties":{"wind_kt":6.2,"wind_from_deg":150.0,"temperature_c":-22.4,"relative_humidity":81.0,"turbulence_score":0.0,"icing_score":0.093,"convection_score":0.002}},{"type":"Feature","geometry":{"type":"Point","coordinates":[284.0,58.0]},"properties":{"wind_kt":4.2,"wind_from_deg":290.0,"temperature_c":-22.5,"relative_humidity":88.0,"turbulence_score":0.0,"icing_score":0.132,"convection_score":0.0}},{"type":"Feature","geometry":{"type":"Point","coordinates":[288.0,58.0]},"properties":{"wind_kt":11.2,"wind_from_deg":307.0,"temperature_c":-22.9,"relative_humidity":27.0,"turbulence_score":0.0,"icing_score":0.0,"convection_score":0.001}},{"type":"Feature","geometry":{"type":"Point","coordinates":[292.0,58.0]},"properties":{"wind_kt":12.8,"wind_from_deg":301.0,"temperature_c":-24.2,"relative_humidity":9.0,"turbulence_score":0.0,"icing_score":0.0,"convection_score":0.3}},{"type":"Feature","geometry":{"type":"Point","coordinates":[296.0,58.0]},"properties":{"wind_kt":25.1,"wind_from_deg":350.0,"temperature_c":-24.0,"relative_humidity":38.0,"turbulence_score":0.0,"icing_score":0.0,"convection_score":0.001}},{"type":"Feature","geometry":{"type":"Point","coordinates":[300.0,58.0]},"properties":{"wind_kt":23.1,"wind_from_deg":9.0,"temperature_c":-22.5,"relative_humidity":100.0,"turbulence_score":0.103,"icing_score":0.192,"convection_score":0.301}},{"type":"Feature","geometry":{"type":"Point","coordinates":[304.0,58.0]},"properties":{"wind_kt":17.4,"wind_from_deg":53.0,"temperature_c":-27.9,"relative_humidity":41.0,"turbulence_score":0.0,"icing_score":0.0,"convection_score":0.016}},{"type":"Feature","geometry":{"type":"Point","coordinates":[308.0,58.0]},"properties":{"wind_kt":22.8,"wind_from_deg":86.0,"temperature_c":-30.0,"relative_humidity":92.0,"turbulence_score":0.071,"icing_score":0.0,"convection_score":0.029}},{"type":"Feature","geometry":{"type":"Point","coordinates":[312.0,58.0]},"properties":{"wind_kt":33.1,"wind_from_deg":164.0,"temperature_c":-27.6,"relative_humidity":100.0,"turbulence_score":0.036,"icing_score":0.0,"convection_score":0.039}},{"type":"Feature","geometry":{"type":"Point","coordinates":[316.0,58.0]},"properties":{"wind_kt":50.6,"wind_from_deg":188.0,"temperature_c":-21.8,"relative_humidity":75.0,"turbulence_score":0.229,"icing_score":0.067,"convection_score":0.029}},{"type":"Feature","geometry":{"type":"Point","coordinates":[320.0,58.0]},"properties":{"wind_kt":56.2,"wind_from_deg":201.0,"temperature_c":-21.9,"relative_humidity":28.0,"turbulence_score":0.172,"icing_score":0.0,"convection_score":0.007}},{"type":"Feature","geometry":{"type":"Point","coordinates":[324.0,58.0]},"properties":{"wind_kt":73.0,"wind_from_deg":210.0,"temperature_c":-15.0,"relative_humidity":9.0,"turbulence_score":0.327,"icing_score":0.0,"convection_score":0.002}},{"type":"Feature","geometry":{"type":"Point","coordinates":[328.0,58.0]},"properties":{"wind_kt":52.4,"wind_from_deg":219.0,"temperature_c":-14.2,"relative_humidity":63.0,"turbulence_score":0.167,"icing_score":0.0,"convection_score":0.3}},{"type":"Feature","geometry":{"type":"Point","coordinates":[332.0,58.0]},"properties":{"wind_kt":40.8,"wind_from_deg":259.0,"temperature_c":-13.7,"relative_humidity":88.0,"turbulence_score":0.092,"icing_score":0.447,"convection_score":0.223}},{"type":"Feature","geometry":{"type":"Point","coordinates":[336.0,58.0]},"properties":{"wind_kt":33.9,"wind_from_deg":281.0,"temperature_c":-12.5,"relative_humidity":53.0,"turbulence_score":0.081,"icing_score":0.0,"convection_score":0.311}},{"type":"Feature","geometry":{"type":"Point","coordinates":[340.0,58.0]},"properties":{"wind_kt":38.6,"wind_from_deg":286.0,"temperature_c":-14.6,"relative_humidity":92.0,"turbulence_score":0.174,"icing_score":0.497,"convection_score":0.026}},{"type":"Feature","geometry":{"type":"Point","coordinates":[344.0,58.0]},"properties":{"wind_kt":44.3,"wind_from_deg":305.0,"temperature_c":-16.3,"relative_humidity":27.0,"turbulence_score":0.149,"icing_score":0.0,"convection_score":0.003}},{"type":"Feature","geometry":{"type":"Point","coordinates":[348.0,58.0]},"properties":{"wind_kt":51.7,"wind_from_deg":317.0,"temperature_c":-21.0,"relative_humidity":4.0,"turbulence_score":0.224,"icing_score":0.0,"convection_score":0.007}},{"type":"Feature","geometry":{"type":"Point","coordinates":[352.0,58.0]},"properties":{"wind_kt":51.7,"wind_from_deg":332.0,"temperature_c":-23.2,"relative_humidity":6.0,"turbulence_score":0.206,"icing_score":0.0,"convection_score":0.034}},{"type":"Feature","geometry":{"type":"Point","coordinates":[356.0,58.0]},"properties":{"wind_kt":20.5,"wind_from_deg":284.0,"temperature_c":-27.2,"relative_humidity":22.0,"turbulence_score":0.0,"icing_score":0.0,"convection_score":0.035}},{"type":"Feature","geometry":{"type":"Point","coordinates":[0.0,54.0]},"properties":{"wind_kt":35.8,"wind_from_deg":219.0,"temperature_c":-20.3,"relative_humidity":69.0,"turbulence_score":0.115,"icing_score":0.034,"convection_score":0.0}},{"type":"Feature","geometry":{"type":"Point","coordinates":[4.0,54.0]},"properties":{"wind_kt":26.2,"wind_from_deg":226.0,"temperature_c":-17.5,"relative_humidity":100.0,"turbulence_score":0.0,"icing_score":0.464,"convection_score":0.326}},{"type":"Feature","geometry":{"type":"Point","coordinates":[8.0,54.0]},"properties":{"wind_kt":24.7,"wind_from_deg":216.0,"temperature_c":-17.7,"relative_humidity":99.0,"turbulence_score":0.007,"icing_score":0.451,"convection_score":0.007}},{"type":"Feature","geometry":{"type":"Point","coordinates":[12.0,54.0]},"properties":{"wind_kt":20.2,"wind_from_deg":225.0,"temperature_c":-16.5,"relative_humidity":44.0,"turbulence_score":0.0,"icing_score":0.0,"convection_score":0.0}},{"type":"Feature","geometry":{"type":"Point","coordinates":[16.0,54.0]},"properties":{"wind_kt":12.5,"wind_from_deg":202.0,"temperature_c":-17.1,"relative_humidity":52.0,"turbulence_score":0.0,"icing_score":0.0,"convection_score":0.007}},{"type":"Feature","geometry":{"type":"Point","coordinates":[20.0,54.0]},"properties":{"wind_kt":20.0,"wind_from_deg":215.0,"temperature_c":-15.9,"relative_humidity":30.0,"turbulence_score":0.0,"icing_score":0.0,"convection_score":0.094}},{"type":"Feature","geometry":{"type":"Point","coordinates":[24.0,54.0]},"properties":{"wind_kt":26.1,"wind_from_deg":246.0,"temperature_c":-14.5,"relative_humidity":24.0,"turbulence_score":0.033,"icing_score":0.0,"convection_score":0.0}},{"type":"Feature","geometry":{"type":"Point","coordinates":[28.0,54.0]},"properties":{"wind_kt":29.7,"wind_from_deg":266.0,"temperature_c":-13.3,"relative_humidity":18.0,"turbulence_score":0.026,"icing_score":0.0,"convection_score":0.0}},{"type":"Feature","geometry":{"type":"Point","coordinates":[32.0,54.0]},"properties":{"wind_kt":33.2,"wind_from_deg":280.0,"temperature_c":-13.1,"relative_humidity":37.0,"turbulence_score":0.024,"icing_score":0.0,"convection_score":0.0}},{"type":"Feature","geometry":{"type":"Point","coordinates":[36.0,54.0]},"properties":{"wind_kt":39.6,"wind_from_deg":295.0,"temperature_c":-13.0,"relative_humidity":59.0,"turbulence_score":0.047,"icing_score":0.0,"convection_score":0.0}},{"type":"Feature","geometry":{"type":"Point","coordinates":[40.0,54.0]},"properties":{"wind_kt":47.2,"wind_from_deg":297.0,"temperature_c":-12.2,"relative_humidity":27.0,"turbulence_score":0.108,"icing_score":0.0,"convection_score":0.0}},{"type":"Feature","geometry":{"type":"Point","coordinates":[44.0,54.0]},"properties":{"wind_kt":59.1,"wind_from_deg":300.0,"temperature_c":-12.7,"relative_humidity":14.0,"turbulence_score":0.216,"icing_score":0.0,"convection_score":0.0}},{"type":"Feature","geometry":{"type":"Point","coordinates":[48.0,54.0]},"properties":{"wind_kt":71.4,"wind_from_deg":302.0,"temperature_c":-14.2,"relative_humidity":6.0,"turbulence_score":0.345,"icing_score":0.0,"convection_score":0.232}},{"type":"Feature","geometry":{"type":"Point","coordinates":[52.0,54.0]},"properties":{"wind_kt":75.2,"wind_from_deg":295.0,"temperature_c":-16.8,"relative_humidity":4.0,"turbulence_score":0.372,"icing_score":0.0,"convection_score":0.049}},{"type":"Feature","geometry":{"type":"Point","coordinates":[56.0,54.0]},"properties":{"wind_kt":59.7,"wind_from_deg":286.0,"temperature_c":-21.2,"relative_humidity":6.0,"turbulence_score":0.23,"icing_score":0.0,"convection_score":0.001}},{"type":"Feature","geometry":{"type":"Point","coordinates":[60.0,54.0]},"properties":{"wind_kt":57.5,"wind_from_deg":274.0,"temperature_c":-20.8,"relative_humidity":6.0,"turbulence_score":0.204,"icing_score":0.0,"convection_score":0.305}},{"type":"Feature","geometry":{"type":"Point","coordinates":[64.0,54.0]},"properties":{"wind_kt":50.2,"wind_from_deg":257.0,"temperature_c":-20.6,"relative_humidity":100.0,"turbulence_score":0.136,"icing_score":0.299,"convection_score":0.302}},{"type":"Feature","geometry":{"type":"Point","coordinates":[68.0,54.0]},"properties":{"wind_kt":37.2,"wind_from_deg":237.0,"temperature_c":-22.2,"relative_humidity":48.0,"turbulence_score":0.011,"icing_score":0.0,"convection_score":0.3}},{"type":"Feature","geometry":{"type":"Point","coordinates":[72.0,54.0]},"properties":{"wind_kt":26.1,"wind_from_deg":253.0,"temperature_c":-21.9,"relative_humidity":54.0,"turbulence_score":0.0,"icing_score":0.0,"convection_score":0.006}},{"type":"Feature","geometry":{"type":"Point","coordinates":[76.0,54.0]},"properties":{"wind_kt":29.6,"wind_from_deg":259.0,"temperature_c":-21.5,"relative_humidity":15.0,"turbulence_score":0.009,"icing_score":0.0,"convection_score":0.0}},{"type":"Feature","geometry":{"type":"Point","coordinates":[80.0,54.0]},"properties":{"wind_kt":40.8,"wind_from_deg":299.0,"temperature_c":-22.7,"relative_humidity":19.0,"turbulence_score":0.081,"icing_score":0.0,"convection_score":0.038}},{"type":"Feature","geometry":{"type":"Point","coordinates":[84.0,54.0]},"properties":{"wind_kt":57.0,"wind_from_deg":309.0,"temperature_c":-24.5,"relative_humidity":11.0,"turbulence_score":0.268,"icing_score":0.0,"convection_score":0.015}},{"type":"Feature","geometry":{"type":"Point","coordinates":[88.0,54.0]},"properties":{"wind_kt":44.0,"wind_from_deg":271.0,"temperature_c":-31.2,"relative_humidity":38.0,"turbulence_score":0.129,"icing_score":0.0,"convection_score":0.198}},{"type":"Feature","geometry":{"type":"Point","coordinates":[92.0,54.0]},"properties":{"wind_kt":47.9,"wind_from_deg":236.0,"temperature_c":-31.5,"relative_humidity":100.0,"turbulence_score":0.143,"icing_score":0.0,"convection_score":0.003}},{"type":"Feature","geometry":{"type":"Point","coordinates":[96.0,54.0]},"properties":{"wind_kt":38.2,"wind_from_deg":241.0,"temperature_c":-29.4,"relative_humidity":89.0,"turbulence_score":0.084,"icing_score":0.0,"convection_score":0.0}},{"type":"Feature","geometry":{"type":"Point","coordinates":[100.0,54.0]},"properties":{"wind_kt":30.2,"wind_from_deg":248.0,"temperature_c":-27.7,"relative_humidity":99.0,"turbulence_score":0.141,"icing_score":0.0,"convection_score":0.122}},{"type":"Feature","geometry":{"type":"Point","coordinates":[104.0,54.0]},"properties":{"wind_kt":23.1,"wind_from_deg":264.0,"temperature_c":-26.2,"relative_humidity":89.0,"turbulence_score":0.064,"icing_score":0.0,"convection_score":0.0}},{"type":"Feature","geometry":{"type":"Point","coordinates":[108.0,54.0]},"properties":{"wind_kt":29.2,"wind_from_deg":269.0,"temperature_c":-25.3,"relative_humidity":82.0,"turbulence_score":0.074,"icing_score":0.018,"convection_score":0.0}},{"type":"Feature","geometry":{"type":"Point","coordinates":[112.0,54.0]},"properties":{"wind_kt":24.6,"wind_from_deg":281.0,"temperature_c":-24.6,"relative_humidity":34.0,"turbulence_score":0.058,"icing_score":0.0,"convection_score":0.289}},{"type":"Feature","geometry":{"type":"Point","coordinates":[116.0,54.0]},"properties":{"wind_kt":19.7,"wind_from_deg":284.0,"temperature_c":-25.0,"relative_humidity":31.0,"turbulence_score":0.012,"icing_score":0.0,"convection_score":0.008}},{"type":"Feature","geometry":{"type":"Point","coordinates":[120.0,54.0]},"properties":{"wind_kt":29.9,"wind_from_deg":297.0,"temperature_c":-25.9,"relative_humidity":27.0,"turbulence_score":0.087,"icing_score":0.0,"convection_score":0.0}},{"type":"Feature","geometry":{"type":"Point","coordinates":[124.0,54.0]},"properties":{"wind_kt":44.5,"wind_from_deg":313.0,"temperature_c":-27.4,"relative_humidity":37.0,"turbulence_score":0.148,"icing_score":0.0,"convection_score":0.0}},{"type":"Feature","geometry":{"type":"Point","coordinates":[128.0,54.0]},"properties":{"wind_kt":49.7,"wind_from_deg":315.0,"temperature_c":-29.8,"relative_humidity":40.0,"turbulence_score":0.114,"icing_score":0.0,"convection_score":0.002}},{"type":"Feature","geometry":{"type":"Point","coordinates":[132.0,54.0]},"properties":{"wind_kt":71.1,"wind_from_deg":320.0,"temperature_c":-32.2,"relative_humidity":36.0,"turbulence_score":0.343,"icing_score":0.0,"convection_score":0.0}},{"type":"Feature","geometry":{"type":"Point","coordinates":[136.0,54.0]},"properties":{"wind_kt":29.7,"wind_from_deg":348.0,"temperature_c":-31.8,"relative_humidity":58.0,"turbulence_score":0.147,"icing_score":0.0,"convection_score":0.0}},{"type":"Feature","geometry":{"type":"Point","coordinates":[140.0,54.0]},"properties":{"wind_kt":32.8,"wind_from_deg":317.0,"temperature_c":-31.4,"relative_humidity":99.0,"turbulence_score":0.051,"icing_score":0.0,"convection_score":0.083}},{"type":"Feature","geometry":{"type":"Point","coordinates":[144.0,54.0]},"properties":{"wind_kt":40.3,"wind_from_deg":293.0,"temperature_c":-31.8,"relative_humidity":100.0,"turbulence_score":0.035,"icing_score":0.0,"convection_score":0.226}},{"type":"Feature","geometry":{"type":"Point","coordinates":[148.0,54.0]},"properties":{"wind_kt":56.6,"wind_from_deg":286.0,"temperature_c":-32.8,"relative_humidity":100.0,"turbulence_score":0.096,"icing_score":0.0,"convection_score":0.31}},{"type":"Feature","geometry":{"type":"Point","coordinates":[152.0,54.0]},"properties":{"wind_kt":55.2,"wind_from_deg":276.0,"temperature_c":-37.5,"relative_humidity":97.0,"turbulence_score":0.124,"icing_score":0.0,"convection_score":0.087}},{"type":"Feature","geometry":{"type":"Point","coordinates":[156.0,54.0]},"properties":{"wind_kt":65.8,"wind_from_deg":206.0,"temperature_c":-29.2,"relative_humidity":7.0,"turbulence_score":0.348,"icing_score":0.0,"convection_score":0.099}},{"type":"Feature","geometry":{"type":"Point","coordinates":[160.0,54.0]},"properties":{"wind_kt":53.8,"wind_from_deg":215.0,"temperature_c":-21.6,"relative_humidity":4.0,"turbulence_score":0.317,"icing_score":0.0,"convection_score":0.007}},{"type":"Feature","geometry":{"type":"Point","coordinates":[164.0,54.0]},"properties":{"wind_kt":49.4,"wind_from_deg":212.0,"temperature_c":-14.4,"relative_humidity":95.0,"turbulence_score":0.074,"icing_score":0.546,"convection_score":0.017}},{"type":"Feature","geometry":{"type":"Point","coordinates":[168.0,54.0]},"properties":{"wind_kt":69.0,"wind_from_deg":219.0,"temperature_c":-11.3,"relative_humidity":96.0,"turbulence_score":0.227,"icing_score":0.713,"convection_score":0.3}},{"type":"Feature","geometry":{"type":"Point","coordinates":[172.0,54.0]},"properties":{"wind_kt":50.1,"wind_from_deg":248.0,"temperature_c":-11.3,"relative_humidity":96.0,"turbulence_score":0.152,"icing_score":0.732,"convection_score":0.015}},{"type":"Feature","geometry":{"type":"Point","coordinates":[176.0,54.0]},"properties":{"wind_kt":56.7,"wind_from_deg":255.0,"temperature_c":-11.6,"relative_humidity":96.0,"turbulence_score":0.106,"icing_score":0.715,"convection_score":0.037}},{"type":"Feature","geometry":{"type":"Point","coordinates":[180.0,54.0]},"properties":{"wind_kt":51.2,"wind_from_deg":269.0,"temperature_c":-11.6,"relative_humidity":96.0,"turbulence_score":0.118,"icing_score":0.706,"convection_score":0.305}},{"type":"Feature","geometry":{"type":"Point","coordinates":[184.0,54.0]},"properties":{"wind_kt":41.2,"wind_from_deg":284.0,"temperature_c":-13.2,"relative_humidity":96.0,"turbulence_score":0.121,"icing_score":0.629,"convection_score":0.009}},{"type":"Feature","geometry":{"type":"Point","coordinates":[188.0,54.0]},"properties":{"wind_kt":22.8,"wind_from_deg":290.0,"temperature_c":-18.1,"relative_humidity":99.0,"turbulence_score":0.042,"icing_score":0.422,"convection_score":0.0}},{"type":"Feature","geometry":{"type":"Point","coordinates":[192.0,54.0]},"properties":{"wind_kt":39.9,"wind_from_deg":329.0,"temperature_c":-19.4,"relative_humidity":3.0,"turbulence_score":0.157,"icing_score":0.0,"convection_score":0.003}},{"type":"Feature","geometry":{"type":"Point","coordinates":[196.0,54.0]},"properties":{"wind_kt":17.1,"wind_from_deg":309.0,"temperature_c":-26.6,"relative_humidity":12.0,"turbulence_score":0.0,"icing_score":0.0,"convection_score":0.102}},{"type":"Feature","geometry":{"type":"Point","coordinates":[200.0,54.0]},"properties":{"wind_kt":10.9,"wind_from_deg":291.0,"temperature_c":-26.1,"relative_humidity":8.0,"turbulence_score":0.0,"icing_score":0.0,"convection_score":0.069}},{"type":"Feature","geometry":{"type":"Point","coordinates":[204.0,54.0]},"properties":{"wind_kt":9.4,"wind_from_deg":259.0,"temperature_c":-26.7,"relative_humidity":60.0,"turbulence_score":0.0,"icing_score":0.0,"convection_score":0.083}},{"type":"Feature","geometry":{"type":"Point","coordinates":[208.0,54.0]},"properties":{"wind_kt":7.6,"wind_from_deg":245.0,"temperature_c":-28.2,"relative_humidity":80.0,"turbulence_score":0.0,"icing_score":0.0,"convection_score":0.033}},{"type":"Feature","geometry":{"type":"Point","coordinates":[212.0,54.0]},"properties":{"wind_kt":34.7,"wind_from_deg":225.0,"temperature_c":-25.8,"relative_humidity":30.0,"turbulence_score":0.105,"icing_score":0.0,"convection_score":0.024}},{"type":"Feature","geometry":{"type":"Point","coordinates":[216.0,54.0]},"properties":{"wind_kt":51.1,"wind_from_deg":233.0,"temperature_c":-23.1,"relative_humidity":78.0,"turbulence_score":0.28,"icing_score":0.059,"convection_score":0.03}},{"type":"Feature","geometry":{"type":"Point","coordinates":[220.0,54.0]},"properties":{"wind_kt":36.2,"wind_from_deg":243.0,"temperature_c":-21.0,"relative_humidity":100.0,"turbulence_score":0.112,"icing_score":0.278,"convection_score":0.012}},{"type":"Feature","geometry":{"type":"Point","coordinates":[224.0,54.0]},"properties":{"wind_kt":45.3,"wind_from_deg":225.0,"temperature_c":-17.7,"relative_humidity":99.0,"turbulence_score":0.2,"icing_score":0.446,"convection_score":0.138}},{"type":"Feature","geometry":{"type":"Point","coordinates":[228.0,54.0]},"properties":{"wind_kt":59.1,"wind_from_deg":245.0,"temperature_c":-15.2,"relative_humidity":98.0,"turbulence_score":0.387,"icing_score":0.562,"convection_score":0.015}},{"type":"Feature","geometry":{"type":"Point","coordinates":[232.0,54.0]},"properties":{"wind_kt":61.4,"wind_from_deg":250.0,"temperature_c":-14.8,"relative_humidity":96.0,"turbulence_score":0.377,"icing_score":0.547,"convection_score":0.006}},{"type":"Feature","geometry":{"type":"Point","coordinates":[236.0,54.0]},"properties":{"wind_kt":54.5,"wind_from_deg":263.0,"temperature_c":-15.2,"relative_humidity":96.0,"turbulence_score":0.3,"icing_score":0.533,"convection_score":0.0}},{"type":"Feature","geometry":{"type":"Point","coordinates":[240.0,54.0]},"properties":{"wind_kt":53.9,"wind_from_deg":282.0,"temperature_c":-16.0,"relative_humidity":96.0,"turbulence_score":0.289,"icing_score":0.485,"convection_score":0.0}},{"type":"Feature","geometry":{"type":"Point","coordinates":[244.0,54.0]},"properties":{"wind_kt":60.4,"wind_from_deg":294.0,"temperature_c":-17.6,"relative_humidity":32.0,"turbulence_score":0.23,"icing_score":0.0,"convection_score":0.0}},{"type":"Feature","geometry":{"type":"Point","coordinates":[248.0,54.0]},"properties":{"wind_kt":67.3,"wind_from_deg":300.0,"temperature_c":-19.7,"relative_humidity":7.0,"turbulence_score":0.358,"icing_score":0.0,"convection_score":0.0}},{"type":"Feature","geometry":{"type":"Point","coordinates":[252.0,54.0]},"properties":{"wind_kt":39.9,"wind_from_deg":309.0,"temperature_c":-24.5,"relative_humidity":16.0,"turbulence_score":0.107,"icing_score":0.0,"convection_score":0.0}},{"type":"Feature","geometry":{"type":"Point","coordinates":[256.0,54.0]},"properties":{"wind_kt":39.9,"wind_from_deg":321.0,"temperature_c":-26.6,"relative_humidity":61.0,"turbulence_score":0.028,"icing_score":0.0,"convection_score":0.0}},{"type":"Feature","geometry":{"type":"Point","coordinates":[260.0,54.0]},"properties":{"wind_kt":36.4,"wind_from_deg":316.0,"temperature_c":-25.1,"relative_humidity":42.0,"turbulence_score":0.025,"icing_score":0.0,"convection_score":0.0}},{"type":"Feature","geometry":{"type":"Point","coordinates":[264.0,54.0]},"properties":{"wind_kt":37.7,"wind_from_deg":321.0,"temperature_c":-26.1,"relative_humidity":66.0,"turbulence_score":0.01,"icing_score":0.0,"convection_score":0.015}},{"type":"Feature","geometry":{"type":"Point","coordinates":[268.0,54.0]},"properties":{"wind_kt":30.3,"wind_from_deg":332.0,"temperature_c":-26.3,"relative_humidity":79.0,"turbulence_score":0.0,"icing_score":0.0,"convection_score":0.189}},{"type":"Feature","geometry":{"type":"Point","coordinates":[272.0,54.0]},"properties":{"wind_kt":19.2,"wind_from_deg":309.0,"temperature_c":-25.8,"relative_humidity":58.0,"turbulence_score":0.0,"icing_score":0.0,"convection_score":0.181}},{"type":"Feature","geometry":{"type":"Point","coordinates":[276.0,54.0]},"properties":{"wind_kt":11.1,"wind_from_deg":294.0,"temperature_c":-24.4,"relative_humidity":92.0,"turbulence_score":0.0,"icing_score":0.068,"convection_score":0.301}},{"type":"Feature","geometry":{"type":"Point","coordinates":[280.0,54.0]},"properties":{"wind_kt":13.7,"wind_from_deg":180.0,"temperature_c":-24.0,"relative_humidity":48.0,"turbulence_score":0.0,"icing_score":0.0,"convection_score":0.305}},{"type":"Feature","geometry":{"type":"Point","coordinates":[284.0,54.0]},"properties":{"wind_kt":14.3,"wind_from_deg":154.0,"temperature_c":-20.9,"relative_humidity":100.0,"turbulence_score":0.0,"icing_score":0.282,"convection_score":0.13}},{"type":"Feature","geometry":{"type":"Point","coordinates":[288.0,54.0]},"properties":{"wind_kt":14.5,"wind_from_deg":246.0,"temperature_c":-20.2,"relative_humidity":60.0,"turbulence_score":0.0,"icing_score":0.0,"convection_score":0.001}},{"type":"Feature","geometry":{"type":"Point","coordinates":[292.0,54.0]},"properties":{"wind_kt":22.8,"wind_from_deg":286.0,"temperature_c":-21.1,"relative_humidity":23.0,"turbulence_score":0.036,"icing_score":0.0,"convection_score":0.233}},{"type":"Feature","geometry":{"type":"Point","coordinates":[296.0,54.0]},"properties":{"wind_kt":30.4,"wind_from_deg":312.0,"temperature_c":-22.7,"relative_humidity":30.0,"turbulence_score":0.012,"icing_score":0.0,"convection_score":0.016}},{"type":"Feature","geometry":{"type":"Point","coordinates":[300.0,54.0]},"properties":{"wind_kt":32.8,"wind_from_deg":328.0,"temperature_c":-20.8,"relative_humidity":80.0,"turbulence_score":0.064,"icing_score":0.123,"convection_score":0.062}},{"type":"Feature","geometry":{"type":"Point","coordinates":[304.0,54.0]},"properties":{"wind_kt":31.9,"wind_from_deg":305.0,"temperature_c":-24.9,"relative_humidity":88.0,"turbulence_score":0.03,"icing_score":0.039,"convection_score":0.306}},{"type":"Feature","geometry":{"type":"Point","coordinates":[308.0,54.0]},"properties":{"wind_kt":21.8,"wind_from_deg":278.0,"temperature_c":-29.8,"relative_humidity":50.0,"turbulence_score":0.0,"icing_score":0.0,"convection_score":0.015}},{"type":"Feature","geometry":{"type":"Point","coordinates":[312.0,54.0]},"properties":{"wind_kt":62.0,"wind_from_deg":211.0,"temperature_c":-25.5,"relative_humidity":100.0,"turbulence_score":0.19,"icing_score":0.027,"convection_score":0.04}},{"type":"Feature","geometry":{"type":"Point","coordinates":[316.0,54.0]},"properties":{"wind_kt":66.4,"wind_from_deg":213.0,"temperature_c":-21.7,"relative_humidity":10.0,"turbulence_score":0.139,"icing_score":0.0,"convection_score":0.039}},{"type":"Feature","geometry":{"type":"Point","coordinates":[320.0,54.0]},"properties":{"wind_kt":76.8,"wind_from_deg":215.0,"temperature_c":-15.6,"relative_humidity":16.0,"turbulence_score":0.3,"icing_score":0.0,"convection_score":0.0}},{"type":"Feature","geometry":{"type":"Point","coordinates":[324.0,54.0]},"properties":{"wind_kt":62.4,"wind_from_deg":218.0,"temperature_c":-13.9,"relative_humidity":38.0,"turbulence_score":0.094,"icing_score":0.0,"convection_score":0.0}},{"type":"Feature","geometry":{"type":"Point","coordinates":[328.0,54.0]},"properties":{"wind_kt":40.4,"wind_from_deg":242.0,"temperature_c":-13.5,"relative_humidity":54.0,"turbulence_score":0.054,"icing_score":0.0,"convection_score":0.007}},{"type":"Feature","geometry":{"type":"Point","coordinates":[332.0,54.0]},"properties":{"wind_kt":49.4,"wind_from_deg":244.0,"temperature_c":-11.0,"relative_humidity":96.0,"turbulence_score":0.12,"icing_score":0.752,"convection_score":0.297}},{"type":"Feature","geometry":{"type":"Point","coordinates":[336.0,54.0]},"properties":{"wind_kt":42.4,"wind_from_deg":268.0,"temperature_c":-11.0,"relative_humidity":96.0,"turbulence_score":0.055,"icing_score":0.747,"convection_score":0.301}},{"type":"Feature","geometry":{"type":"Point","coordinates":[340.0,54.0]},"properties":{"wind_kt":44.2,"wind_from_deg":292.0,"temperature_c":-12.4,"relative_humidity":98.0,"turbulence_score":0.03,"icing_score":0.704,"convection_score":0.021}},{"type":"Feature","geometry":{"type":"Point","coordinates":[344.0,54.0]},"properties":{"wind_kt":62.4,"wind_from_deg":314.0,"temperature_c":-14.1,"relative_humidity":95.0,"turbulence_score":0.288,"icing_score":0.566,"convection_score":0.044}},{"type":"Feature","geometry":{"type":"Point","coordinates":[348.0,54.0]},"properties":{"wind_kt":53.2,"wind_from_deg":310.0,"temperature_c":-16.0,"relative_humidity":63.0,"turbulence_score":0.146,"icing_score":0.0,"convection_score":0.008}},{"type":"Feature","geometry":{"type":"Point","coordinates":[352.0,54.0]},"properties":{"wind_kt":64.4,"wind_from_deg":325.0,"temperature_c":-19.7,"relative_humidity":4.0,"turbulence_score":0.299,"icing_score":0.0,"convection_score":0.036}},{"type":"Feature","geometry":{"type":"Point","coordinates":[356.0,54.0]},"properties":{"wind_kt":32.1,"wind_from_deg":279.0,"temperature_c":-21.8,"relative_humidity":4.0,"turbulence_score":0.06,"icing_score":0.0,"convection_score":0.043}},{"type":"Feature","geometry":{"type":"Point","coordinates":[0.0,50.0]},"properties":{"wind_kt":26.8,"wind_from_deg":226.0,"temperature_c":-16.4,"relative_humidity":100.0,"turbulence_score":0.044,"icing_score":0.536,"convection_score":0.153}},{"type":"Feature","geometry":{"type":"Point","coordinates":[4.0,50.0]},"properties":{"wind_kt":26.5,"wind_from_deg":243.0,"temperature_c":-14.9,"relative_humidity":96.0,"turbulence_score":0.0,"icing_score":0.548,"convection_score":0.014}},{"type":"Feature","geometry":{"type":"Point","coordinates":[8.0,50.0]},"properties":{"wind_kt":21.4,"wind_from_deg":233.0,"temperature_c":-14.5,"relative_humidity":65.0,"turbulence_score":0.0,"icing_score":0.0,"convection_score":0.049}},{"type":"Feature","geometry":{"type":"Point","coordinates":[12.0,50.0]},"properties":{"wind_kt":18.7,"wind_from_deg":277.0,"temperature_c":-14.9,"relative_humidity":34.0,"turbulence_score":0.0,"icing_score":0.0,"convection_score":0.005}},{"type":"Feature","geometry":{"type":"Point","coordinates":[16.0,50.0]},"properties":{"wind_kt":18.0,"wind_from_deg":253.0,"temperature_c":-18.5,"relative_humidity":99.0,"turbulence_score":0.0,"icing_score":0.404,"convection_score":0.0}},{"type":"Feature","geometry":{"type":"Point","coordinates":[20.0,50.0]},"properties":{"wind_kt":33.1,"wind_from_deg":199.0,"temperature_c":-16.1,"relative_humidity":88.0,"turbulence_score":0.101,"icing_score":0.363,"convection_score":0.0}},{"type":"Feature","geometry":{"type":"Point","coordinates":[24.0,50.0]},"properties":{"wind_kt":20.3,"wind_from_deg":206.0,"temperature_c":-14.0,"relative_humidity":86.0,"turbulence_score":0.0,"icing_score":0.405,"convection_score":0.0}},{"type":"Feature","geometry":{"type":"Point","coordinates":[28.0,50.0]},"properties":{"wind_kt":9.6,"wind_from_deg":216.0,"temperature_c":-13.5,"relative_humidity":94.0,"turbulence_score":0.0,"icing_score":0.586,"convection_score":0.0}},{"type":"Feature","geometry":{"type":"Point","coordinates":[32.0,50.0]},"properties":{"wind_kt":6.9,"wind_from_deg":326.0,"temperature_c":-13.3,"relative_humidity":50.0,"turbulence_score":0.0,"icing_score":0.0,"convection_score":0.0}},{"type":"Feature","geometry":{"type":"Point","coordinates":[36.0,50.0]},"properties":{"wind_kt":11.6,"wind_from_deg":344.0,"temperature_c":-12.9,"relative_humidity":75.0,"turbulence_score":0.0,"icing_score":0.201,"convection_score":0.006}},{"type":"Feature","geometry":{"type":"Point","coordinates":[40.0,50.0]},"properties":{"wind_kt":10.1,"wind_from_deg":325.0,"temperature_c":-12.4,"relative_humidity":69.0,"turbulence_score":0.0,"icing_score":0.089,"convection_score":0.0}},{"type":"Feature","geometry":{"type":"Point","coordinates":[44.0,50.0]},"properties":{"wind_kt":16.1,"wind_from_deg":298.0,"temperature_c":-11.9,"relative_humidity":66.0,"turbulence_score":0.0,"icing_score":0.031,"convection_score":0.0}},{"type":"Feature","geometry":{"type":"Point","coordinates":[48.0,50.0]},"properties":{"wind_kt":27.7,"wind_from_deg":296.0,"temperature_c":-11.6,"relative_humidity":32.0,"turbulence_score":0.009,"icing_score":0.0,"convection_score":0.0}},{"type":"Feature","geometry":{"type":"Point","coordinates":[52.0,50.0]},"properties":{"wind_kt":41.6,"wind_from_deg":290.0,"temperature_c":-12.1,"relative_humidity":29.0,"turbulence_score":0.029,"icing_score":0.0,"convection_score":0.0}},{"type":"Feature","geometry":{"type":"Point","coordinates":[56.0,50.0]},"properties":{"wind_kt":52.2,"wind_from_deg":287.0,"temperature_c":-13.5,"relative_humidity":25.0,"turbulence_score":0.1,"icing_score":0.0,"convection_score":0.0}},{"type":"Feature","geometry":{"type":"Point","coordinates":[60.0,50.0]},"properties":{"wind_kt":51.6,"wind_from_deg":288.0,"temperature_c":-16.5,"relative_humidity":92.0,"turbulence_score":0.131,"icing_score":0.414,"convection_score":0.0}},{"type":"Feature","geometry":{"type":"Point","coordinates":[64.0,50.0]},"properties":{"wind_kt":48.3,"wind_from_deg":294.0,"temperature_c":-18.0,"relative_humidity":100.0,"turbulence_score":0.129,"icing_score":0.441,"convection_score":0.095}},{"type":"Feature","geometry":{"type":"Point","coordinates":[68.0,50.0]},"properties":{"wind_kt":20.3,"wind_from_deg":265.0,"temperature_c":-21.3,"relative_humidity":56.0,"turbulence_score":0.0,"icing_score":0.0,"convection_score":0.157}},{"type":"Feature","geometry":{"type":"Point","coordinates":[72.0,50.0]},"properties":{"wind_kt":22.3,"wind_from_deg":264.0,"temperature_c":-22.2,"relative_humidity":97.0,"turbulence_score":0.0,"icing_score":0.189,"convection_score":0.0}},{"type":"Feature","geometry":{"type":"Point","coordinates":[76.0,50.0]},"properties":{"wind_kt":23.4,"wind_from_deg":259.0,"temperature_c":-21.9,"relative_humidity":31.0,"turbulence_score":0.0,"icing_score":0.0,"convection_score":0.0}},{"type":"Feature","geometry":{"type":"Point","coordinates":[80.0,50.0]},"properties":{"wind_kt":24.3,"wind_from_deg":277.0,"temperature_c":-21.4,"relative_humidity":16.0,"turbulence_score":0.0,"icing_score":0.0,"convection_score":0.0}},{"type":"Feature","geometry":{"type":"Point","coordinates":[84.0,50.0]},"properties":{"wind_kt":38.9,"wind_from_deg":297.0,"temperature_c":-22.2,"relative_humidity":14.0,"turbulence_score":0.065,"icing_score":0.0,"convection_score":0.062}},{"type":"Feature","geometry":{"type":"Point","coordinates":[88.0,50.0]},"properties":{"wind_kt":49.7,"wind_from_deg":288.0,"temperature_c":-26.1,"relative_humidity":41.0,"turbulence_score":0.269,"icing_score":0.0,"convection_score":0.0}},{"type":"Feature","geometry":{"type":"Point","coordinates":[92.0,50.0]},"properties":{"wind_kt":27.0,"wind_from_deg":288.0,"temperature_c":-26.9,"relative_humidity":52.0,"turbulence_score":0.008,"icing_score":0.0,"convection_score":0.0}},{"type":"Feature","geometry":{"type":"Point","coordinates":[96.0,50.0]},"properties":{"wind_kt":40.8,"wind_from_deg":252.0,"temperature_c":-26.0,"relative_humidity":100.0,"turbulence_score":0.108,"icing_score":0.0,"convection_score":0.0}},{"type":"Feature","geometry":{"type":"Point","coordinates":[100.0,50.0]},"properties":{"wind_kt":39.3,"wind_from_deg":247.0,"temperature_c":-23.9,"relative_humidity":83.0,"turbulence_score":0.077,"icing_score":0.058,"convection_score":0.0}},{"type":"Feature","geometry":{"type":"Point","coordinates":[104.0,50.0]},"properties":{"wind_kt":40.8,"wind_from_deg":257.0,"temperature_c":-22.1,"relative_humidity":88.0,"turbulence_score":0.095,"icing_score":0.143,"convection_score":0.0}},{"type":"Feature","geometry":{"type":"Point","coordinates":[108.0,50.0]},"properties":{"wind_kt":39.9,"wind_from_deg":271.0,"temperature_c":-21.7,"relative_humidity":60.0,"turbulence_score":0.117,"icing_score":0.0,"convection_score":0.0}},{"type":"Feature","geometry":{"type":"Point","coordinates":[112.0,50.0]},"properties":{"wind_kt":37.2,"wind_from_deg":281.0,"temperature_c":-20.3,"relative_humidity":48.0,"turbulence_score":0.112,"icing_score":0.0,"convection_score":0.0}},{"type":"Feature","geometry":{"type":"Point","coordinates":[116.0,50.0]},"properties":{"wind_kt":40.3,"wind_from_deg":285.0,"temperature_c":-19.3,"relative_humidity":29.0,"turbulence_score":0.172,"icing_score":0.0,"convection_score":0.057}},{"type":"Feature","geometry":{"type":"Point","coordinates":[120.0,50.0]},"properties":{"wind_kt":47.1,"wind_from_deg":285.0,"temperature_c":-19.2,"relative_humidity":17.0,"turbulence_score":0.215,"icing_score":0.0,"convection_score":0.3}},{"type":"Feature","geometry":{"type":"Point","coordinates":[124.0,50.0]},"properties":{"wind_kt":46.8,"wind_from_deg":290.0,"temperature_c":-23.1,"relative_humidity":60.0,"turbulence_score":0.186,"icing_score":0.0,"convection_score":0.151}},{"type":"Feature","geometry":{"type":"Point","coordinates":[128.0,50.0]},"properties":{"wind_kt":50.0,"wind_from_deg":297.0,"temperature_c":-24.4,"relative_humidity":72.0,"turbulence_score":0.181,"icing_score":0.018,"convection_score":0.0}},{"type":"Feature","geometry":{"type":"Point","coordinates":[132.0,50.0]},"properties":{"wind_kt":65.1,"wind_from_deg":299.0,"temperature_c":-26.6,"relative_humidity":22.0,"turbulence_score":0.263,"icing_score":0.0,"convection_score":0.0}},{"type":"Feature","geometry":{"type":"Point","coordinates":[136.0,50.0]},"properties":{"wind_kt":67.8,"wind_from_deg":290.0,"temperature_c":-27.5,"relative_humidity":17.0,"turbulence_score":0.21,"icing_score":0.0,"convection_score":0.0}},{"type":"Feature","geometry":{"type":"Point","coordinates":[140.0,50.0]},"properties":{"wind_kt":74.1,"wind_from_deg":282.0,"temperature_c":-27.8,"relative_humidity":16.0,"turbulence_score":0.21,"icing_score":0.0,"convection_score":0.0}},{"type":"Feature","geometry":{"type":"Point","coordinates":[144.0,50.0]},"properties":{"wind_kt":87.2,"wind_from_deg":273.0,"temperature_c":-26.5,"relative_humidity":12.0,"turbulence_score":0.33,"icing_score":0.0,"convection_score":0.0}},{"type":"Feature","geometry":{"type":"Point","coordinates":[148.0,50.0]},"properties":{"wind_kt":101.7,"wind_from_deg":271.0,"temperature_c":-24.9,"relative_humidity":8.0,"turbulence_score":0.517,"icing_score":0.0,"convection_score":0.032}},{"type":"Feature","geometry":{"type":"Point","coordinates":[152.0,50.0]},"properties":{"wind_kt":103.6,"wind_from_deg":260.0,"temperature_c":-20.9,"relative_humidity":17.0,"turbulence_score":0.549,"icing_score":0.0,"convection_score":0.039}},{"type":"Feature","geometry":{"type":"Point","coordinates":[156.0,50.0]},"properties":{"wind_kt":88.9,"wind_from_deg":259.0,"temperature_c":-17.7,"relative_humidity":26.0,"turbulence_score":0.358,"icing_score":0.0,"convection_score":0.077}},{"type":"Feature","geometry":{"type":"Point","coordinates":[160.0,50.0]},"properties":{"wind_kt":60.8,"wind_from_deg":262.0,"temperature_c":-14.1,"relative_humidity":3.0,"turbulence_score":0.195,"icing_score":0.0,"convection_score":0.003}},{"type":"Feature","geometry":{"type":"Point","coordinates":[164.0,50.0]},"properties":{"wind_kt":58.6,"wind_from_deg":207.0,"temperature_c":-8.6,"relative_humidity":98.0,"turbulence_score":0.384,"icing_score":0.928,"convection_score":0.3}},{"type":"Feature","geometry":{"type":"Point","coordinates":[168.0,50.0]},"properties":{"wind_kt":55.9,"wind_from_deg":233.0,"temperature_c":-4.4,"relative_humidity":97.0,"turbulence_score":0.212,"icing_score":0.737,"convection_score":0.015}},{"type":"Feature","geometry":{"type":"Point","coordinates":[172.0,50.0]},"properties":{"wind_kt":72.6,"wind_from_deg":222.0,"temperature_c":-7.0,"relative_humidity":97.0,"turbulence_score":0.302,"icing_score":0.851,"convection_score":0.0}},{"type":"Feature","geometry":{"type":"Point","coordinates":[176.0,50.0]},"properties":{"wind_kt":54.1,"wind_from_deg":250.0,"temperature_c":-8.6,"relative_humidity":52.0,"turbulence_score":0.143,"icing_score":0.0,"convection_score":0.0}},{"type":"Feature","geometry":{"type":"Point","coordinates":[180.0,50.0]},"properties":{"wind_kt":40.9,"wind_from_deg":273.0,"temperature_c":-11.1,"relative_humidity":96.0,"turbulence_score":0.117,"icing_score":0.733,"convection_score":0.304}},{"type":"Feature","geometry":{"type":"Point","coordinates":[184.0,50.0]},"properties":{"wind_kt":53.9,"wind_from_deg":301.0,"temperature_c":-11.6,"relative_humidity":96.0,"turbulence_score":0.216,"icing_score":0.711,"convection_score":0.0}},{"type":"Feature","geometry":{"type":"Point","coordinates":[188.0,50.0]},"properties":{"wind_kt":47.2,"wind_from_deg":314.0,"temperature_c":-15.0,"relative_humidity":96.0,"turbulence_score":0.216,"icing_score":0.545,"convection_score":0.001}},{"type":"Feature","geometry":{"type":"Point","coordinates":[192.0,50.0]},"properties":{"wind_kt":43.9,"wind_from_deg":341.0,"temperature_c":-17.2,"relative_humidity":11.0,"turbulence_score":0.169,"icing_score":0.0,"convection_score":0.001}},{"type":"Feature","geometry":{"type":"Point","coordinates":[196.0,50.0]},"properties":{"wind_kt":21.5,"wind_from_deg":335.0,"temperature_c":-24.7,"relative_humidity":12.0,"turbulence_score":0.0,"icing_score":0.0,"convection_score":0.026}},{"type":"Feature","geometry":{"type":"Point","coordinates":[200.0,50.0]},"properties":{"wind_kt":8.0,"wind_from_deg":308.0,"temperature_c":-26.4,"relative_humidity":43.0,"turbulence_score":0.0,"icing_score":0.0,"convection_score":0.017}},{"type":"Feature","geometry":{"type":"Point","coordinates":[204.0,50.0]},"properties":{"wind_kt":11.0,"wind_from_deg":241.0,"temperature_c":-27.6,"relative_humidity":28.0,"turbulence_score":0.0,"icing_score":0.0,"convection_score":0.025}},{"type":"Feature","geometry":{"type":"Point","coordinates":[208.0,50.0]},"properties":{"wind_kt":32.0,"wind_from_deg":222.0,"temperature_c":-25.3,"relative_humidity":11.0,"turbulence_score":0.148,"icing_score":0.0,"convection_score":0.028}},{"type":"Feature","geometry":{"type":"Point","coordinates":[212.0,50.0]},"properties":{"wind_kt":57.6,"wind_from_deg":221.0,"temperature_c":-21.4,"relative_humidity":19.0,"turbulence_score":0.212,"icing_score":0.0,"convection_score":0.3}},{"type":"Feature","geometry":{"type":"Point","coordinates":[216.0,50.0]},"properties":{"wind_kt":50.1,"wind_from_deg":235.0,"temperature_c":-18.6,"relative_humidity":20.0,"turbulence_score":0.241,"icing_score":0.0,"convection_score":0.014}},{"type":"Feature","geometry":{"type":"Point","coordinates":[220.0,50.0]},"properties":{"wind_kt":58.9,"wind_from_deg":230.0,"temperature_c":-15.8,"relative_humidity":52.0,"turbulence_score":0.252,"icing_score":0.0,"convection_score":0.0}},{"type":"Feature","geometry":{"type":"Point","coordinates":[224.0,50.0]},"properties":{"wind_kt":56.2,"wind_from_deg":238.0,"temperature_c":-13.4,"relative_humidity":87.0,"turbulence_score":0.147,"icing_score":0.443,"convection_score":0.0}},{"type":"Feature","geometry":{"type":"Point","coordinates":[228.0,50.0]},"properties":{"wind_kt":40.6,"wind_from_deg":248.0,"temperature_c":-13.2,"relative_humidity":88.0,"turbulence_score":0.062,"icing_score":0.469,"convection_score":0.014}},{"type":"Feature","geometry":{"type":"Point","coordinates":[232.0,50.0]},"properties":{"wind_kt":31.5,"wind_from_deg":264.0,"temperature_c":-12.6,"relative_humidity":55.0,"turbulence_score":0.039,"icing_score":0.0,"convection_score":0.0}},{"type":"Feature","geometry":{"type":"Point","coordinates":[236.0,50.0]},"properties":{"wind_kt":35.9,"wind_from_deg":265.0,"temperature_c":-11.2,"relative_humidity":9.0,"turbulence_score":0.091,"icing_score":0.0,"convection_score":0.0}},{"type":"Feature","geometry":{"type":"Point","coordinates":[240.0,50.0]},"properties":{"wind_kt":29.5,"wind_from_deg":262.0,"temperature_c":-12.3,"relative_humidity":51.0,"turbulence_score":0.056,"icing_score":0.0,"convection_score":0.0}},{"type":"Feature","geometry":{"type":"Point","coordinates":[244.0,50.0]},"properties":{"wind_kt":38.1,"wind_from_deg":283.0,"temperature_c":-11.2,"relative_humidity":48.0,"turbulence_score":0.181,"icing_score":0.0,"convection_score":0.0}},{"type":"Feature","geometry":{"type":"Point","coordinates":[248.0,50.0]},"properties":{"wind_kt":59.1,"wind_from_deg":298.0,"temperature_c":-11.9,"relative_humidity":61.0,"turbulence_score":0.293,"icing_score":0.0,"convection_score":0.0}},{"type":"Feature","geometry":{"type":"Point","coordinates":[252.0,50.0]},"properties":{"wind_kt":63.0,"wind_from_deg":295.0,"temperature_c":-15.7,"relative_humidity":95.0,"turbulence_score":0.254,"icing_score":0.49,"convection_score":0.0}},{"type":"Feature","geometry":{"type":"Point","coordinates":[256.0,50.0]},"properties":{"wind_kt":72.7,"wind_from_deg":306.0,"temperature_c":-18.1,"relative_humidity":14.0,"turbulence_score":0.306,"icing_score":0.0,"convection_score":0.0}},{"type":"Feature","geometry":{"type":"Point","coordinates":[260.0,50.0]},"properties":{"wind_kt":72.6,"wind_from_deg":303.0,"temperature_c":-21.1,"relative_humidity":11.0,"turbulence_score":0.343,"icing_score":0.0,"convection_score":0.0}},{"type":"Feature","geometry":{"type":"Point","coordinates":[264.0,50.0]},"properties":{"wind_kt":39.9,"wind_from_deg":309.0,"temperature_c":-25.3,"relative_humidity":31.0,"turbulence_score":0.077,"icing_score":0.0,"convection_score":0.0}},{"type":"Feature","geometry":{"type":"Point","coordinates":[268.0,50.0]},"properties":{"wind_kt":32.1,"wind_from_deg":302.0,"temperature_c":-26.5,"relative_humidity":100.0,"turbulence_score":0.0,"icing_score":0.0,"convection_score":0.022}},{"type":"Feature","geometry":{"type":"Point","coordinates":[272.0,50.0]},"properties":{"wind_kt":37.4,"wind_from_deg":301.0,"temperature_c":-26.6,"relative_humidity":84.0,"turbulence_score":0.008,"icing_score":0.0,"convection_score":0.006}},{"type":"Feature","geometry":{"type":"Point","coordinates":[276.0,50.0]},"properties":{"wind_kt":26.9,"wind_from_deg":282.0,"temperature_c":-25.8,"relative_humidity":61.0,"turbulence_score":0.016,"icing_score":0.0,"convection_score":0.021}},{"type":"Feature","geometry":{"type":"Point","coordinates":[280.0,50.0]},"properties":{"wind_kt":25.2,"wind_from_deg":257.0,"temperature_c":-24.3,"relative_humidity":80.0,"turbulence_score":0.0,"icing_score":0.043,"convection_score":0.304}},{"type":"Feature","geometry":{"type":"Point","coordinates":[284.0,50.0]},"properties":{"wind_kt":49.9,"wind_from_deg":242.0,"temperature_c":-22.3,"relative_humidity":14.0,"turbulence_score":0.158,"icing_score":0.0,"convection_score":0.057}},{"type":"Feature","geometry":{"type":"Point","coordinates":[288.0,50.0]},"properties":{"wind_kt":39.4,"wind_from_deg":249.0,"temperature_c":-19.4,"relative_humidity":75.0,"turbulence_score":0.04,"icing_score":0.108,"convection_score":0.301}},{"type":"Feature","geometry":{"type":"Point","coordinates":[292.0,50.0]},"properties":{"wind_kt":38.0,"wind_from_deg":266.0,"temperature_c":-18.8,"relative_humidity":94.0,"turbulence_score":0.093,"icing_score":0.327,"convection_score":0.002}},{"type":"Feature","geometry":{"type":"Point","coordinates":[296.0,50.0]},"properties":{"wind_kt":45.4,"wind_from_deg":289.0,"temperature_c":-19.5,"relative_humidity":29.0,"turbulence_score":0.173,"icing_score":0.0,"convection_score":0.0}},{"type":"Feature","geometry":{"type":"Point","coordinates":[300.0,50.0]},"properties":{"wind_kt":48.8,"wind_from_deg":295.0,"temperature_c":-18.4,"relative_humidity":19.0,"turbulence_score":0.153,"icing_score":0.0,"convection_score":0.004}},{"type":"Feature","geometry":{"type":"Point","coordinates":[304.0,50.0]},"properties":{"wind_kt":46.4,"wind_from_deg":278.0,"temperature_c":-19.3,"relative_humidity":46.0,"turbulence_score":0.062,"icing_score":0.0,"convection_score":0.034}},{"type":"Feature","geometry":{"type":"Point","coordinates":[308.0,50.0]},"properties":{"wind_kt":50.1,"wind_from_deg":255.0,"temperature_c":-22.5,"relative_humidity":69.0,"turbulence_score":0.11,"icing_score":0.025,"convection_score":0.034}},{"type":"Feature","geometry":{"type":"Point","coordinates":[312.0,50.0]},"properties":{"wind_kt":75.1,"wind_from_deg":233.0,"temperature_c":-19.9,"relative_humidity":5.0,"turbulence_score":0.243,"icing_score":0.0,"convection_score":0.06}},{"type":"Feature","geometry":{"type":"Point","coordinates":[316.0,50.0]},"properties":{"wind_kt":80.0,"wind_from_deg":223.0,"temperature_c":-15.3,"relative_humidity":38.0,"turbulence_score":0.293,"icing_score":0.0,"convection_score":0.017}},{"type":"Feature","geometry":{"type":"Point","coordinates":[320.0,50.0]},"properties":{"wind_kt":68.4,"wind_from_deg":226.0,"temperature_c":-12.6,"relative_humidity":26.0,"turbulence_score":0.121,"icing_score":0.0,"convection_score":0.0}},{"type":"Feature","geometry":{"type":"Point","coordinates":[324.0,50.0]},"properties":{"wind_kt":56.7,"wind_from_deg":213.0,"temperature_c":-10.3,"relative_humidity":96.0,"turbulence_score":0.232,"icing_score":0.781,"convection_score":0.015}},{"type":"Feature","geometry":{"type":"Point","coordinates":[328.0,50.0]},"properties":{"wind_kt":52.8,"wind_from_deg":236.0,"temperature_c":-9.6,"relative_humidity":78.0,"turbulence_score":0.101,"icing_score":0.33,"convection_score":0.0}},{"type":"Feature","geometry":{"type":"Point","coordinates":[332.0,50.0]},"properties":{"wind_kt":42.1,"wind_from_deg":257.0,"temperature_c":-9.6,"relative_humidity":60.0,"turbulence_score":0.084,"icing_score":0.0,"convection_score":0.086}},{"type":"Feature","geometry":{"type":"Point","coordinates":[336.0,50.0]},"properties":{"wind_kt":32.2,"wind_from_deg":296.0,"temperature_c":-10.9,"relative_humidity":98.0,"turbulence_score":0.046,"icing_score":0.785,"convection_score":0.014}},{"type":"Feature","geometry":{"type":"Point","coordinates":[340.0,50.0]},"properties":{"wind_kt":36.1,"wind_from_deg":310.0,"temperature_c":-10.2,"relative_humidity":84.0,"turbulence_score":0.087,"icing_score":0.477,"convection_score":0.003}},{"type":"Feature","geometry":{"type":"Point","coordinates":[344.0,50.0]},"properties":{"wind_kt":44.1,"wind_from_deg":320.0,"temperature_c":-11.8,"relative_humidity":83.0,"turbulence_score":0.127,"icing_score":0.399,"convection_score":0.004}},{"type":"Feature","geometry":{"type":"Point","coordinates":[348.0,50.0]},"properties":{"wind_kt":40.7,"wind_from_deg":311.0,"temperature_c":-14.2,"relative_humidity":59.0,"turbulence_score":0.077,"icing_score":0.0,"convection_score":0.008}},{"type":"Feature","geometry":{"type":"Point","coordinates":[352.0,50.0]},"properties":{"wind_kt":60.3,"wind_from_deg":335.0,"temperature_c":-15.8,"relative_humidity":22.0,"turbulence_score":0.219,"icing_score":0.0,"convection_score":0.314}},{"type":"Feature","geometry":{"type":"Point","coordinates":[356.0,50.0]},"properties":{"wind_kt":29.7,"wind_from_deg":294.0,"temperature_c":-20.0,"relative_humidity":11.0,"turbulence_score":0.03,"icing_score":0.0,"convection_score":0.004}},{"type":"Feature","geometry":{"type":"Point","coordinates":[0.0,46.0]},"properties":{"wind_kt":15.9,"wind_from_deg":242.0,"temperature_c":-15.0,"relative_humidity":73.0,"turbulence_score":0.0,"icing_score":0.135,"convection_score":0.189}},{"type":"Feature","geometry":{"type":"Point","coordinates":[4.0,46.0]},"properties":{"wind_kt":18.9,"wind_from_deg":210.0,"temperature_c":-14.5,"relative_humidity":97.0,"turbulence_score":0.0,"icing_score":0.593,"convection_score":0.073}},{"type":"Feature","geometry":{"type":"Point","coordinates":[8.0,46.0]},"properties":{"wind_kt":20.5,"wind_from_deg":242.0,"temperature_c":-13.1,"relative_humidity":57.0,"turbulence_score":0.04,"icing_score":0.0,"convection_score":0.004}},{"type":"Feature","geometry":{"type":"Point","coordinates":[12.0,46.0]},"properties":{"wind_kt":31.1,"wind_from_deg":239.0,"temperature_c":-12.7,"relative_humidity":97.0,"turbulence_score":0.077,"icing_score":0.678,"convection_score":0.018}},{"type":"Feature","geometry":{"type":"Point","coordinates":[16.0,46.0]},"properties":{"wind_kt":24.7,"wind_from_deg":251.0,"temperature_c":-12.9,"relative_humidity":14.0,"turbulence_score":0.0,"icing_score":0.0,"convection_score":0.0}},{"type":"Feature","geometry":{"type":"Point","coordinates":[20.0,46.0]},"properties":{"wind_kt":20.5,"wind_from_deg":240.0,"temperature_c":-13.5,"relative_humidity":79.0,"turbulence_score":0.0,"icing_score":0.279,"convection_score":0.0}},{"type":"Feature","geometry":{"type":"Point","coordinates":[24.0,46.0]},"properties":{"wind_kt":4.6,"wind_from_deg":261.0,"temperature_c":-13.4,"relative_humidity":68.0,"turbulence_score":0.0,"icing_score":0.058,"convection_score":0.0}},{"type":"Feature","geometry":{"type":"Point","coordinates":[28.0,46.0]},"properties":{"wind_kt":3.3,"wind_from_deg":60.0,"temperature_c":-13.7,"relative_humidity":67.0,"turbulence_score":0.0,"icing_score":0.047,"convection_score":0.0}},{"type":"Feature","geometry":{"type":"Point","coordinates":[32.0,46.0]},"properties":{"wind_kt":13.9,"wind_from_deg":54.0,"temperature_c":-14.7,"relative_humidity":94.0,"turbulence_score":0.0,"icing_score":0.516,"convection_score":0.0}},{"type":"Feature","geometry":{"type":"Point","coordinates":[36.0,46.0]},"properties":{"wind_kt":29.6,"wind_from_deg":42.0,"temperature_c":-16.4,"relative_humidity":97.0,"turbulence_score":0.108,"icing_score":0.486,"convection_score":0.0}},{"type":"Feature","geometry":{"type":"Point","coordinates":[40.0,46.0]},"properties":{"wind_kt":18.1,"wind_from_deg":166.0,"temperature_c":-15.2,"relative_humidity":13.0,"turbulence_score":0.027,"icing_score":0.0,"convection_score":0.0}},{"type":"Feature","geometry":{"type":"Point","coordinates":[44.0,46.0]},"properties":{"wind_kt":6.6,"wind_from_deg":150.0,"temperature_c":-14.4,"relative_humidity":45.0,"turbulence_score":0.0,"icing_score":0.0,"convection_score":0.0}},{"type":"Feature","geometry":{"type":"Point","coordinates":[48.0,46.0]},"properties":{"wind_kt":9.5,"wind_from_deg":226.0,"temperature_c":-14.5,"relative_humidity":55.0,"turbulence_score":0.0,"icing_score":0.0,"convection_score":0.0}},{"type":"Feature","geometry":{"type":"Point","coordinates":[52.0,46.0]},"properties":{"wind_kt":21.3,"wind_from_deg":275.0,"temperature_c":-13.9,"relative_humidity":10.0,"turbulence_score":0.0,"icing_score":0.0,"convection_score":0.0}},{"type":"Feature","geometry":{"type":"Point","coordinates":[56.0,46.0]},"properties":{"wind_kt":21.2,"wind_from_deg":281.0,"temperature_c":-12.8,"relative_humidity":7.0,"turbulence_score":0.0,"icing_score":0.0,"convection_score":0.0}},{"type":"Feature","geometry":{"type":"Point","coordinates":[60.0,46.0]},"properties":{"wind_kt":30.9,"wind_from_deg":294.0,"temperature_c":-14.6,"relative_humidity":69.0,"turbulence_score":0.0,"icing_score":0.079,"convection_score":0.0}},{"type":"Feature","geometry":{"type":"Point","coordinates":[64.0,46.0]},"properties":{"wind_kt":36.8,"wind_from_deg":298.0,"temperature_c":-15.7,"relative_humidity":77.0,"turbulence_score":0.031,"icing_score":0.2,"convection_score":0.0}},{"type":"Feature","geometry":{"type":"Point","coordinates":[68.0,46.0]},"properties":{"wind_kt":48.8,"wind_from_deg":287.0,"temperature_c":-19.0,"relative_humidity":99.0,"turbulence_score":0.187,"icing_score":0.379,"convection_score":0.0}},{"type":"Feature","geometry":{"type":"Point","coordinates":[72.0,46.0]},"properties":{"wind_kt":39.8,"wind_from_deg":263.0,"temperature_c":-20.2,"relative_humidity":28.0,"turbulence_score":0.108,"icing_score":0.0,"convection_score":0.0}},{"type":"Feature","geometry":{"type":"Point","coordinates":[76.0,46.0]},"properties":{"wind_kt":36.4,"wind_from_deg":268.0,"temperature_c":-19.6,"relative_humidity":82.0,"turbulence_score":0.087,"icing_score":0.177,"convection_score":0.0}},{"type":"Feature","geometry":{"type":"Point","coordinates":[80.0,46.0]},"properties":{"wind_kt":37.8,"wind_from_deg":273.0,"temperature_c":-20.6,"relative_humidity":26.0,"turbulence_score":0.05,"icing_score":0.0,"convection_score":0.0}},{"type":"Feature","geometry":{"type":"Point","coordinates":[84.0,46.0]},"properties":{"wind_kt":35.3,"wind_from_deg":277.0,"temperature_c":-20.3,"relative_humidity":20.0,"turbulence_score":0.07,"icing_score":0.0,"convection_score":0.0}},{"type":"Feature","geometry":{"type":"Point","coordinates":[88.0,46.0]},"properties":{"wind_kt":43.5,"wind_from_deg":274.0,"temperature_c":-21.8,"relative_humidity":25.0,"turbulence_score":0.074,"icing_score":0.0,"convection_score":0.0}},{"type":"Feature","geometry":{"type":"Point","coordinates":[92.0,46.0]},"properties":{"wind_kt":52.7,"wind_from_deg":265.0,"temperature_c":-20.4,"relative_humidity":18.0,"turbulence_score":0.137,"icing_score":0.0,"convection_score":0.0}},{"type":"Feature","geometry":{"type":"Point","coordinates":[96.0,46.0]},"properties":{"wind_kt":54.1,"wind_from_deg":275.0,"temperature_c":-20.8,"relative_humidity":60.0,"turbulence_score":0.239,"icing_score":0.0,"convection_score":0.0}},{"type":"Feature","geometry":{"type":"Point","coordinates":[100.0,46.0]},"properties":{"wind_kt":44.7,"wind_from_deg":271.0,"temperature_c":-18.6,"relative_humidity":32.0,"turbulence_score":0.16,"icing_score":0.0,"convection_score":0.0}},{"type":"Feature","geometry":{"type":"Point","coordinates":[104.0,46.0]},"properties":{"wind_kt":44.3,"wind_from_deg":266.0,"temperature_c":-15.9,"relative_humidity":25.0,"turbulence_score":0.171,"icing_score":0.0,"convection_score":0.0}},{"type":"Feature","geometry":{"type":"Point","coordinates":[108.0,46.0]},"properties":{"wind_kt":49.6,"wind_from_deg":262.0,"temperature_c":-14.9,"relative_humidity":78.0,"turbulence_score":0.281,"icing_score":0.223,"convection_score":0.0}},{"type":"Feature","geometry":{"type":"Point","coordinates":[112.0,46.0]},"properties":{"wind_kt":59.8,"wind_from_deg":259.0,"temperature_c":-14.5,"relative_humidity":50.0,"turbulence_score":0.361,"icing_score":0.0,"convection_score":0.0}},{"type":"Feature","geometry":{"type":"Point","coordinates":[116.0,46.0]},"properties":{"wind_kt":46.3,"wind_from_deg":271.0,"temperature_c":-14.0,"relative_humidity":38.0,"turbulence_score":0.141,"icing_score":0.0,"convection_score":0.0}},{"type":"Feature","geometry":{"type":"Point","coordinates":[120.0,46.0]},"properties":{"wind_kt":51.6,"wind_from_deg":279.0,"temperature_c":-13.8,"relative_humidity":73.0,"turbulence_score":0.189,"icing_score":0.157,"convection_score":0.0}},{"type":"Feature","geometry":{"type":"Point","coordinates":[124.0,46.0]},"properties":{"wind_kt":51.8,"wind_from_deg":285.0,"temperature_c":-16.6,"relative_humidity":90.0,"turbulence_score":0.184,"icing_score":0.372,"convection_score":0.0}},{"type":"Feature","geometry":{"type":"Point","coordinates":[128.0,46.0]},"properties":{"wind_kt":59.0,"wind_from_deg":289.0,"temperature_c":-17.3,"relative_humidity":51.0,"turbulence_score":0.22,"icing_score":0.0,"convection_score":0.0}},{"type":"Feature","geometry":{"type":"Point","coordinates":[132.0,46.0]},"properties":{"wind_kt":60.2,"wind_from_deg":289.0,"temperature_c":-18.8,"relative_humidity":90.0,"turbulence_score":0.22,"icing_score":0.28,"convection_score":0.0}},{"type":"Feature","geometry":{"type":"Point","coordinates":[136.0,46.0]},"properties":{"wind_kt":64.6,"wind_from_deg":283.0,"temperature_c":-18.6,"relative_humidity":69.0,"turbulence_score":0.176,"icing_score":0.049,"convection_score":0.0}},{"type":"Feature","geometry":{"type":"Point","coordinates":[140.0,46.0]},"properties":{"wind_kt":64.2,"wind_from_deg":276.0,"temperature_c":-19.8,"relative_humidity":93.0,"turbulence_score":0.232,"icing_score":0.275,"convection_score":0.0}},{"type":"Feature","geometry":{"type":"Point","coordinates":[144.0,46.0]},"properties":{"wind_kt":68.9,"wind_from_deg":261.0,"temperature_c":-18.1,"relative_humidity":82.0,"turbulence_score":0.266,"icing_score":0.212,"convection_score":0.0}},{"type":"Feature","geometry":{"type":"Point","coordinates":[148.0,46.0]},"properties":{"wind_kt":78.3,"wind_from_deg":261.0,"temperature_c":-17.6,"relative_humidity":41.0,"turbulence_score":0.32,"icing_score":0.0,"convection_score":0.0}},{"type":"Feature","geometry":{"type":"Point","coordinates":[152.0,46.0]},"properties":{"wind_kt":64.5,"wind_from_deg":262.0,"temperature_c":-15.6,"relative_humidity":29.0,"turbulence_score":0.201,"icing_score":0.0,"convection_score":0.01}},{"type":"Feature","geometry":{"type":"Point","coordinates":[156.0,46.0]},"properties":{"wind_kt":51.3,"wind_from_deg":276.0,"temperature_c":-14.9,"relative_humidity":7.0,"turbulence_score":0.079,"icing_score":0.0,"convection_score":0.005}},{"type":"Feature","geometry":{"type":"Point","coordinates":[160.0,46.0]},"properties":{"wind_kt":73.7,"wind_from_deg":250.0,"temperature_c":-8.8,"relative_humidity":1.0,"turbulence_score":0.255,"icing_score":0.0,"convection_score":0.008}},{"type":"Feature","geometry":{"type":"Point","coordinates":[164.0,46.0]},"properties":{"wind_kt":85.5,"wind_from_deg":250.0,"temperature_c":2.8,"relative_humidity":2.0,"turbulence_score":0.174,"icing_score":0.0,"convection_score":0.0}},{"type":"Feature","geometry":{"type":"Point","coordinates":[168.0,46.0]},"properties":{"wind_kt":73.8,"wind_from_deg":259.0,"temperature_c":2.2,"relative_humidity":18.0,"turbulence_score":0.254,"icing_score":0.0,"convection_score":0.3}},{"type":"Feature","geometry":{"type":"Point","coordinates":[172.0,46.0]},"properties":{"wind_kt":95.3,"wind_from_deg":241.0,"temperature_c":-5.1,"relative_humidity":97.0,"turbulence_score":0.428,"icing_score":0.758,"convection_score":0.0}},{"type":"Feature","geometry":{"type":"Point","coordinates":[176.0,46.0]},"properties":{"wind_kt":47.8,"wind_from_deg":265.0,"temperature_c":-5.6,"relative_humidity":14.0,"turbulence_score":0.134,"icing_score":0.0,"convection_score":0.0}},{"type":"Feature","geometry":{"type":"Point","coordinates":[180.0,46.0]},"properties":{"wind_kt":37.8,"wind_from_deg":299.0,"temperature_c":-8.1,"relative_humidity":79.0,"turbulence_score":0.068,"icing_score":0.386,"convection_score":0.002}},{"type":"Feature","geometry":{"type":"Point","coordinates":[184.0,46.0]},"properties":{"wind_kt":45.6,"wind_from_deg":316.0,"temperature_c":-11.3,"relative_humidity":91.0,"turbulence_score":0.163,"icing_score":0.61,"convection_score":0.0}},{"type":"Feature","geometry":{"type":"Point","coordinates":[188.0,46.0]},"properties":{"wind_kt":54.3,"wind_from_deg":332.0,"temperature_c":-12.9,"relative_humidity":93.0,"turbulence_score":0.234,"icing_score":0.581,"convection_score":0.0}},{"type":"Feature","geometry":{"type":"Point","coordinates":[192.0,46.0]},"properties":{"wind_kt":57.8,"wind_from_deg":350.0,"temperature_c":-15.3,"relative_humidity":10.0,"turbulence_score":0.313,"icing_score":0.0,"convection_score":0.013}},{"type":"Feature","geometry":{"type":"Point","coordinates":[196.0,46.0]},"properties":{"wind_kt":29.9,"wind_from_deg":349.0,"temperature_c":-22.9,"relative_humidity":6.0,"turbulence_score":0.035,"icing_score":0.0,"convection_score":0.033}},{"type":"Feature","geometry":{"type":"Point","coordinates":[200.0,46.0]},"properties":{"wind_kt":13.4,"wind_from_deg":249.0,"temperature_c":-25.8,"relative_humidity":17.0,"turbulence_score":0.0,"icing_score":0.0,"convection_score":0.299}},{"type":"Feature","geometry":{"type":"Point","coordinates":[204.0,46.0]},"properties":{"wind_kt":35.0,"wind_from_deg":225.0,"temperature_c":-23.5,"relative_humidity":8.0,"turbulence_score":0.198,"icing_score":0.0,"convection_score":0.0}},{"type":"Feature","geometry":{"type":"Point","coordinates":[208.0,46.0]},"properties":{"wind_kt":51.2,"wind_from_deg":221.0,"temperature_c":-18.7,"relative_humidity":21.0,"turbulence_score":0.242,"icing_score":0.0,"convection_score":0.0}},{"type":"Feature","geometry":{"type":"Point","coordinates":[212.0,46.0]},"properties":{"wind_kt":50.5,"wind_from_deg":231.0,"temperature_c":-15.8,"relative_humidity":56.0,"turbulence_score":0.208,"icing_score":0.0,"convection_score":0.0}},{"type":"Feature","geometry":{"type":"Point","coordinates":[216.0,46.0]},"properties":{"wind_kt":50.0,"wind_from_deg":224.0,"temperature_c":-12.4,"relative_humidity":51.0,"turbulence_score":0.175,"icing_score":0.0,"convection_score":0.0}},{"type":"Feature","geometry":{"type":"Point","coordinates":[220.0,46.0]},"properties":{"wind_kt":40.5,"wind_from_deg":240.0,"temperature_c":-11.4,"relative_humidity":56.0,"turbulence_score":0.101,"icing_score":0.0,"convection_score":0.0}},{"type":"Feature","geometry":{"type":"Point","coordinates":[224.0,46.0]},"properties":{"wind_kt":35.2,"wind_from_deg":247.0,"temperature_c":-10.3,"relative_humidity":12.0,"turbulence_score":0.103,"icing_score":0.0,"convection_score":0.0}},{"type":"Feature","geometry":{"type":"Point","coordinates":[228.0,46.0]},"properties":{"wind_kt":28.3,"wind_from_deg":257.0,"temperature_c":-10.3,"relative_humidity":12.0,"turbulence_score":0.047,"icing_score":0.0,"convection_score":0.0}},{"type":"Feature","geometry":{"type":"Point","coordinates":[232.0,46.0]},"properties":{"wind_kt":19.5,"wind_from_deg":268.0,"temperature_c":-10.7,"relative_humidity":21.0,"turbulence_score":0.012,"icing_score":0.0,"convection_score":0.0}},{"type":"Feature","geometry":{"type":"Point","coordinates":[236.0,46.0]},"properties":{"wind_kt":11.4,"wind_from_deg":243.0,"temperature_c":-10.0,"relative_humidity":16.0,"turbulence_score":0.0,"icing_score":0.0,"convection_score":0.0}},{"type":"Feature","geometry":{"type":"Point","coordinates":[240.0,46.0]},"properties":{"wind_kt":16.5,"wind_from_deg":245.0,"temperature_c":-9.8,"relative_humidity":18.0,"turbulence_score":0.0,"icing_score":0.0,"convection_score":0.0}},{"type":"Feature","geometry":{"type":"Point","coordinates":[244.0,46.0]},"properties":{"wind_kt":19.9,"wind_from_deg":261.0,"temperature_c":-9.4,"relative_humidity":27.0,"turbulence_score":0.0,"icing_score":0.0,"convection_score":0.0}},{"type":"Feature","geometry":{"type":"Point","coordinates":[248.0,46.0]},"properties":{"wind_kt":30.6,"wind_from_deg":283.0,"temperature_c":-10.4,"relative_humidity":43.0,"turbulence_score":0.078,"icing_score":0.0,"convection_score":0.0}},{"type":"Feature","geometry":{"type":"Point","coordinates":[252.0,46.0]},"properties":{"wind_kt":37.8,"wind_from_deg":296.0,"temperature_c":-11.4,"relative_humidity":49.0,"turbulence_score":0.112,"icing_score":0.0,"convection_score":0.0}},{"type":"Feature","geometry":{"type":"Point","coordinates":[256.0,46.0]},"properties":{"wind_kt":52.2,"wind_from_deg":299.0,"temperature_c":-12.1,"relative_humidity":70.0,"turbulence_score":0.212,"icing_score":0.113,"convection_score":0.0}},{"type":"Feature","geometry":{"type":"Point","coordinates":[260.0,46.0]},"properties":{"wind_kt":65.5,"wind_from_deg":302.0,"temperature_c":-13.2,"relative_humidity":56.0,"turbulence_score":0.271,"icing_score":0.0,"convection_score":0.0}},{"type":"Feature","geometry":{"type":"Point","coordinates":[264.0,46.0]},"properties":{"wind_kt":74.5,"wind_from_deg":303.0,"temperature_c":-15.7,"relative_humidity":34.0,"turbulence_score":0.329,"icing_score":0.0,"convection_score":0.0}},{"type":"Feature","geometry":{"type":"Point","coordinates":[268.0,46.0]},"properties":{"wind_kt":72.6,"wind_from_deg":299.0,"temperature_c":-19.2,"relative_humidity":11.0,"turbulence_score":0.323,"icing_score":0.0,"convection_score":0.0}},{"type":"Feature","geometry":{"type":"Point","coordinates":[272.0,46.0]},"properties":{"wind_kt":61.2,"wind_from_deg":296.0,"temperature_c":-22.1,"relative_humidity":62.0,"turbulence_score":0.221,"icing_score":0.0,"convection_score":0.0}},{"type":"Feature","geometry":{"type":"Point","coordinates":[276.0,46.0]},"properties":{"wind_kt":53.5,"wind_from_deg":276.0,"temperature_c":-21.1,"relative_humidity":13.0,"turbulence_score":0.164,"icing_score":0.0,"convection_score":0.0}},{"type":"Feature","geometry":{"type":"Point","coordinates":[280.0,46.0]},"properties":{"wind_kt":61.1,"wind_from_deg":258.0,"temperature_c":-20.3,"relative_humidity":58.0,"turbulence_score":0.228,"icing_score":0.0,"convection_score":0.088}},{"type":"Feature","geometry":{"type":"Point","coordinates":[284.0,46.0]},"properties":{"wind_kt":67.3,"wind_from_deg":254.0,"temperature_c":-17.3,"relative_humidity":80.0,"turbulence_score":0.27,"icing_score":0.212,"convection_score":0.179}},{"type":"Feature","geometry":{"type":"Point","coordinates":[288.0,46.0]},"properties":{"wind_kt":46.5,"wind_from_deg":262.0,"temperature_c":-16.0,"relative_humidity":30.0,"turbulence_score":0.053,"icing_score":0.0,"convection_score":0.0}},{"type":"Feature","geometry":{"type":"Point","coordinates":[292.0,46.0]},"properties":{"wind_kt":48.1,"wind_from_deg":264.0,"temperature_c":-16.2,"relative_humidity":90.0,"turbulence_score":0.085,"icing_score":0.391,"convection_score":0.003}},{"type":"Feature","geometry":{"type":"Point","coordinates":[296.0,46.0]},"properties":{"wind_kt":50.3,"wind_from_deg":278.0,"temperature_c":-16.3,"relative_humidity":64.0,"turbulence_score":0.164,"icing_score":0.0,"convection_score":0.0}},{"type":"Feature","geometry":{"type":"Point","coordinates":[300.0,46.0]},"properties":{"wind_kt":64.3,"wind_from_deg":286.0,"temperature_c":-16.3,"relative_humidity":15.0,"turbulence_score":0.313,"icing_score":0.0,"convection_score":0.012}},{"type":"Feature","geometry":{"type":"Point","coordinates":[304.0,46.0]},"properties":{"wind_kt":39.7,"wind_from_deg":276.0,"temperature_c":-19.0,"relative_humidity":5.0,"turbulence_score":0.043,"icing_score":0.0,"convection_score":0.243}},{"type":"Feature","geometry":{"type":"Point","coordinates":[308.0,46.0]},"properties":{"wind_kt":65.6,"wind_from_deg":244.0,"temperature_c":-16.6,"relative_humidity":25.0,"turbulence_score":0.224,"icing_score":0.0,"convection_score":0.029}},{"type":"Feature","geometry":{"type":"Point","coordinates":[312.0,46.0]},"properties":{"wind_kt":70.7,"wind_from_deg":237.0,"temperature_c":-14.1,"relative_humidity":23.0,"turbulence_score":0.27,"icing_score":0.0,"convection_score":0.091}},{"type":"Feature","geometry":{"type":"Point","coordinates":[316.0,46.0]},"properties":{"wind_kt":65.1,"wind_from_deg":229.0,"temperature_c":-10.8,"relative_humidity":15.0,"turbulence_score":0.175,"icing_score":0.0,"convection_score":0.067}},{"type":"Feature","geometry":{"type":"Point","coordinates":[320.0,46.0]},"properties":{"wind_kt":63.0,"wind_from_deg":212.0,"temperature_c":-10.3,"relative_humidity":82.0,"turbulence_score":0.156,"icing_score":0.43,"convection_score":0.059}},{"type":"Feature","geometry":{"type":"Point","coordinates":[324.0,46.0]},"properties":{"wind_kt":44.1,"wind_from_deg":228.0,"temperature_c":-7.9,"relative_humidity":8.0,"turbulence_score":0.036,"icing_score":0.0,"convection_score":0.0}},{"type":"Feature","geometry":{"type":"Point","coordinates":[328.0,46.0]},"properties":{"wind_kt":28.8,"wind_from_deg":236.0,"temperature_c":-8.0,"relative_humidity":13.0,"turbulence_score":0.0,"icing_score":0.0,"convection_score":0.0}},{"type":"Feature","geometry":{"type":"Point","coordinates":[332.0,46.0]},"properties":{"wind_kt":22.0,"wind_from_deg":281.0,"temperature_c":-7.3,"relative_humidity":7.0,"turbulence_score":0.0,"icing_score":0.0,"convection_score":0.003}},{"type":"Feature","geometry":{"type":"Point","coordinates":[336.0,46.0]},"properties":{"wind_kt":20.5,"wind_from_deg":301.0,"temperature_c":-9.2,"relative_humidity":44.0,"turbulence_score":0.0,"icing_score":0.0,"convection_score":0.001}},{"type":"Feature","geometry":{"type":"Point","coordinates":[340.0,46.0]},"properties":{"wind_kt":29.4,"wind_from_deg":338.0,"temperature_c":-10.5,"relative_humidity":75.0,"turbulence_score":0.06,"icing_score":0.243,"convection_score":0.001}},{"type":"Feature","geometry":{"type":"Point","coordinates":[344.0,46.0]},"properties":{"wind_kt":31.4,"wind_from_deg":350.0,"temperature_c":-11.2,"relative_humidity":73.0,"turbulence_score":0.038,"icing_score":0.181,"convection_score":0.003}},{"type":"Feature","geometry":{"type":"Point","coordinates":[348.0,46.0]},"properties":{"wind_kt":30.3,"wind_from_deg":340.0,"temperature_c":-13.5,"relative_humidity":5.0,"turbulence_score":0.007,"icing_score":0.0,"convection_score":0.035}},{"type":"Feature","geometry":{"type":"Point","coordinates":[352.0,46.0]},"properties":{"wind_kt":48.5,"wind_from_deg":13.0,"temperature_c":-14.6,"relative_humidity":12.0,"turbulence_score":0.171,"icing_score":0.0,"convection_score":0.006}},{"type":"Feature","geometry":{"type":"Point","coordinates":[356.0,46.0]},"properties":{"wind_kt":17.8,"wind_from_deg":301.0,"temperature_c":-16.5,"relative_humidity":45.0,"turbulence_score":0.0,"icing_score":0.0,"convection_score":0.007}},{"type":"Feature","geometry":{"type":"Point","coordinates":[0.0,42.0]},"properties":{"wind_kt":21.0,"wind_from_deg":247.0,"temperature_c":-16.6,"relative_humidity":58.0,"turbulence_score":0.0,"icing_score":0.0,"convection_score":0.023}},{"type":"Feature","geometry":{"type":"Point","coordinates":[4.0,42.0]},"properties":{"wind_kt":35.6,"wind_from_deg":230.0,"temperature_c":-15.4,"relative_humidity":72.0,"turbulence_score":0.063,"icing_score":0.127,"convection_score":0.451}},{"type":"Feature","geometry":{"type":"Point","coordinates":[8.0,42.0]},"properties":{"wind_kt":36.3,"wind_from_deg":238.0,"temperature_c":-13.5,"relative_humidity":96.0,"turbulence_score":0.102,"icing_score":0.609,"convection_score":0.558}},{"type":"Feature","geometry":{"type":"Point","coordinates":[12.0,42.0]},"properties":{"wind_kt":43.0,"wind_from_deg":265.0,"temperature_c":-13.0,"relative_humidity":88.0,"turbulence_score":0.131,"icing_score":0.468,"convection_score":0.332}},{"type":"Feature","geometry":{"type":"Point","coordinates":[16.0,42.0]},"properties":{"wind_kt":19.9,"wind_from_deg":267.0,"temperature_c":-12.1,"relative_humidity":72.0,"turbulence_score":0.015,"icing_score":0.157,"convection_score":0.095}},{"type":"Feature","geometry":{"type":"Point","coordinates":[20.0,42.0]},"properties":{"wind_kt":6.1,"wind_from_deg":287.0,"temperature_c":-12.7,"relative_humidity":16.0,"turbulence_score":0.0,"icing_score":0.0,"convection_score":0.0}},{"type":"Feature","geometry":{"type":"Point","coordinates":[24.0,42.0]},"properties":{"wind_kt":20.7,"wind_from_deg":19.0,"temperature_c":-14.5,"relative_humidity":29.0,"turbulence_score":0.037,"icing_score":0.0,"convection_score":0.0}},{"type":"Feature","geometry":{"type":"Point","coordinates":[28.0,42.0]},"properties":{"wind_kt":11.3,"wind_from_deg":46.0,"temperature_c":-16.3,"relative_humidity":11.0,"turbulence_score":0.0,"icing_score":0.0,"convection_score":0.0}},{"type":"Feature","geometry":{"type":"Point","coordinates":[32.0,42.0]},"properties":{"wind_kt":5.8,"wind_from_deg":180.0,"temperature_c":-17.5,"relative_humidity":45.0,"turbulence_score":0.0,"icing_score":0.0,"convection_score":0.0}},{"type":"Feature","geometry":{"type":"Point","coordinates":[36.0,42.0]},"properties":{"wind_kt":9.7,"wind_from_deg":260.0,"temperature_c":-17.9,"relative_humidity":80.0,"turbulence_score":0.0,"icing_score":0.199,"convection_score":0.0}},{"type":"Feature","geometry":{"type":"Point","coordinates":[40.0,42.0]},"properties":{"wind_kt":21.5,"wind_from_deg":234.0,"temperature_c":-17.2,"relative_humidity":32.0,"turbulence_score":0.023,"icing_score":0.0,"convection_score":0.0}},{"type":"Feature","geometry":{"type":"Point","coordinates":[44.0,42.0]},"properties":{"wind_kt":28.3,"wind_from_deg":240.0,"temperature_c":-16.1,"relative_humidity":63.0,"turbulence_score":0.084,"icing_score":0.0,"convection_score":0.0}},{"type":"Feature","geometry":{"type":"Point","coordinates":[48.0,42.0]},"properties":{"wind_kt":20.0,"wind_from_deg":252.0,"temperature_c":-15.4,"relative_humidity":61.0,"turbulence_score":0.032,"icing_score":0.0,"convection_score":0.212}},{"type":"Feature","geometry":{"type":"Point","coordinates":[52.0,42.0]},"properties":{"wind_kt":31.9,"wind_from_deg":253.0,"temperature_c":-12.2,"relative_humidity":4.0,"turbulence_score":0.098,"icing_score":0.0,"convection_score":0.0}},{"type":"Feature","geometry":{"type":"Point","coordinates":[56.0,42.0]},"properties":{"wind_kt":27.5,"wind_from_deg":286.0,"temperature_c":-13.1,"relative_humidity":18.0,"turbulence_score":0.106,"icing_score":0.0,"convection_score":0.0}},{"type":"Feature","geometry":{"type":"Point","coordinates":[60.0,42.0]},"properties":{"wind_kt":23.5,"wind_from_deg":310.0,"temperature_c":-13.5,"relative_humidity":51.0,"turbulence_score":0.05,"icing_score":0.0,"convection_score":0.0}},{"type":"Feature","geometry":{"type":"Point","coordinates":[64.0,42.0]},"properties":{"wind_kt":24.5,"wind_from_deg":293.0,"temperature_c":-14.8,"relative_humidity":32.0,"turbulence_score":0.044,"icing_score":0.0,"convection_score":0.0}},{"type":"Feature","geometry":{"type":"Point","coordinates":[68.0,42.0]},"properties":{"wind_kt":21.0,"wind_from_deg":284.0,"temperature_c":-16.7,"relative_humidity":100.0,"turbulence_score":0.0,"icing_score":0.51,"convection_score":0.0}},{"type":"Feature","geometry":{"type":"Point","coordinates":[72.0,42.0]},"properties":{"wind_kt":38.5,"wind_from_deg":263.0,"temperature_c":-17.4,"relative_humidity":82.0,"turbulence_score":0.227,"icing_score":0.236,"convection_score":0.0}},{"type":"Feature","geometry":{"type":"Point","coordinates":[76.0,42.0]},"properties":{"wind_kt":32.7,"wind_from_deg":272.0,"temperature_c":-17.7,"relative_humidity":29.0,"turbulence_score":0.174,"icing_score":0.0,"convection_score":0.0}},{"type":"Feature","geometry":{"type":"Point","coordinates":[80.0,42.0]},"properties":{"wind_kt":6.1,"wind_from_deg":267.0,"temperature_c":-17.7,"relative_humidity":62.0,"turbulence_score":0.0,"icing_score":0.0,"convection_score":0.0}},{"type":"Feature","geometry":{"type":"Point","coordinates":[84.0,42.0]},"properties":{"wind_kt":13.7,"wind_from_deg":274.0,"temperature_c":-17.4,"relative_humidity":78.0,"turbulence_score":0.0,"icing_score":0.18,"convection_score":0.0}},{"type":"Feature","geometry":{"type":"Point","coordinates":[88.0,42.0]},"properties":{"wind_kt":17.5,"wind_from_deg":272.0,"temperature_c":-17.6,"relative_humidity":84.0,"turbulence_score":0.0,"icing_score":0.251,"convection_score":0.0}},{"type":"Feature","geometry":{"type":"Point","coordinates":[92.0,42.0]},"properties":{"wind_kt":25.5,"wind_from_deg":253.0,"temperature_c":-16.0,"relative_humidity":95.0,"turbulence_score":0.081,"icing_score":0.471,"convection_score":0.0}},{"type":"Feature","geometry":{"type":"Point","coordinates":[96.0,42.0]},"properties":{"wind_kt":26.8,"wind_from_deg":252.0,"temperature_c":-13.0,"relative_humidity":21.0,"turbulence_score":0.07,"icing_score":0.0,"convection_score":0.0}},{"type":"Feature","geometry":{"type":"Point","coordinates":[100.0,42.0]},"properties":{"wind_kt":24.5,"wind_from_deg":263.0,"temperature_c":-12.4,"relative_humidity":42.0,"turbulence_score":0.025,"icing_score":0.0,"convection_score":0.0}},{"type":"Feature","geometry":{"type":"Point","coordinates":[104.0,42.0]},"properties":{"wind_kt":28.9,"wind_from_deg":253.0,"temperature_c":-10.9,"relative_humidity":12.0,"turbulence_score":0.087,"icing_score":0.0,"convection_score":0.0}},{"type":"Feature","geometry":{"type":"Point","coordinates":[108.0,42.0]},"properties":{"wind_kt":28.3,"wind_from_deg":242.0,"temperature_c":-10.1,"relative_humidity":20.0,"turbulence_score":0.067,"icing_score":0.0,"convection_score":0.0}},{"type":"Feature","geometry":{"type":"Point","coordinates":[112.0,42.0]},"properties":{"wind_kt":21.9,"wind_from_deg":246.0,"temperature_c":-10.4,"relative_humidity":15.0,"turbulence_score":0.0,"icing_score":0.0,"convection_score":0.0}},{"type":"Feature","geometry":{"type":"Point","coordinates":[116.0,42.0]},"properties":{"wind_kt":26.1,"wind_from_deg":263.0,"temperature_c":-10.6,"relative_humidity":17.0,"turbulence_score":0.01,"icing_score":0.0,"convection_score":0.0}},{"type":"Feature","geometry":{"type":"Point","coordinates":[120.0,42.0]},"properties":{"wind_kt":28.6,"wind_from_deg":285.0,"temperature_c":-11.6,"relative_humidity":17.0,"turbulence_score":0.042,"icing_score":0.0,"convection_score":0.0}},{"type":"Feature","geometry":{"type":"Point","coordinates":[124.0,42.0]},"properties":{"wind_kt":36.0,"wind_from_deg":293.0,"temperature_c":-12.1,"relative_humidity":16.0,"turbulence_score":0.1,"icing_score":0.0,"convection_score":0.0}},{"type":"Feature","geometry":{"type":"Point","coordinates":[128.0,42.0]},"properties":{"wind_kt":43.2,"wind_from_deg":294.0,"temperature_c":-12.6,"relative_humidity":21.0,"turbulence_score":0.151,"icing_score":0.0,"convection_score":0.0}},{"type":"Feature","geometry":{"type":"Point","coordinates":[132.0,42.0]},"properties":{"wind_kt":40.1,"wind_from_deg":297.0,"temperature_c":-13.7,"relative_humidity":53.0,"turbulence_score":0.107,"icing_score":0.0,"convection_score":0.028}},{"type":"Feature","geometry":{"type":"Point","coordinates":[136.0,42.0]},"properties":{"wind_kt":38.9,"wind_from_deg":281.0,"temperature_c":-14.1,"relative_humidity":50.0,"turbulence_score":0.088,"icing_score":0.0,"convection_score":0.01}},{"type":"Feature","geometry":{"type":"Point","coordinates":[140.0,42.0]},"properties":{"wind_kt":38.1,"wind_from_deg":270.0,"temperature_c":-14.8,"relative_humidity":13.0,"turbulence_score":0.068,"icing_score":0.0,"convection_score":0.002}},{"type":"Feature","geometry":{"type":"Point","coordinates":[144.0,42.0]},"properties":{"wind_kt":24.7,"wind_from_deg":284.0,"temperature_c":-15.0,"relative_humidity":9.0,"turbulence_score":0.005,"icing_score":0.0,"convection_score":0.005}},{"type":"Feature","geometry":{"type":"Point","coordinates":[148.0,42.0]},"properties":{"wind_kt":28.4,"wind_from_deg":267.0,"temperature_c":-14.7,"relative_humidity":6.0,"turbulence_score":0.0,"icing_score":0.0,"convection_score":0.002}},{"type":"Feature","geometry":{"type":"Point","coordinates":[152.0,42.0]},"properties":{"wind_kt":56.4,"wind_from_deg":251.0,"temperature_c":-12.9,"relative_humidity":2.0,"turbulence_score":0.234,"icing_score":0.0,"convection_score":0.002}},{"type":"Feature","geometry":{"type":"Point","coordinates":[156.0,42.0]},"properties":{"wind_kt":87.7,"wind_from_deg":251.0,"temperature_c":-4.9,"relative_humidity":11.0,"turbulence_score":0.448,"icing_score":0.0,"convection_score":0.003}},{"type":"Feature","geometry":{"type":"Point","coordinates":[160.0,42.0]},"properties":{"wind_kt":80.1,"wind_from_deg":253.0,"temperature_c":-3.3,"relative_humidity":13.0,"turbulence_score":0.276,"icing_score":0.0,"convection_score":0.005}},{"type":"Feature","geometry":{"type":"Point","coordinates":[164.0,42.0]},"properties":{"wind_kt":72.3,"wind_from_deg":253.0,"temperature_c":-1.6,"relative_humidity":10.0,"turbulence_score":0.139,"icing_score":0.0,"convection_score":0.026}},{"type":"Feature","geometry":{"type":"Point","coordinates":[168.0,42.0]},"properties":{"wind_kt":57.0,"wind_from_deg":257.0,"temperature_c":-2.2,"relative_humidity":9.0,"turbulence_score":0.164,"icing_score":0.0,"convection_score":0.015}},{"type":"Feature","geometry":{"type":"Point","coordinates":[172.0,42.0]},"properties":{"wind_kt":57.4,"wind_from_deg":258.0,"temperature_c":-5.5,"relative_humidity":34.0,"turbulence_score":0.153,"icing_score":0.0,"convection_score":0.001}},{"type":"Feature","geometry":{"type":"Point","coordinates":[176.0,42.0]},"properties":{"wind_kt":38.8,"wind_from_deg":284.0,"temperature_c":-6.2,"relative_humidity":93.0,"turbulence_score":0.09,"icing_score":0.719,"convection_score":0.009}},{"type":"Feature","geometry":{"type":"Point","coordinates":[180.0,42.0]},"properties":{"wind_kt":40.3,"wind_from_deg":324.0,"temperature_c":-6.2,"relative_humidity":76.0,"turbulence_score":0.123,"icing_score":0.293,"convection_score":0.002}},{"type":"Feature","geometry":{"type":"Point","coordinates":[184.0,42.0]},"properties":{"wind_kt":44.7,"wind_from_deg":327.0,"temperature_c":-9.1,"relative_humidity":77.0,"turbulence_score":0.137,"icing_score":0.316,"convection_score":0.0}},{"type":"Feature","geometry":{"type":"Point","coordinates":[188.0,42.0]},"properties":{"wind_kt":57.0,"wind_from_deg":340.0,"temperature_c":-12.2,"relative_humidity":74.0,"turbulence_score":0.196,"icing_score":0.195,"convection_score":0.02}},{"type":"Feature","geometry":{"type":"Point","coordinates":[192.0,42.0]},"properties":{"wind_kt":82.6,"wind_from_deg":357.0,"temperature_c":-14.3,"relative_humidity":8.0,"turbulence_score":0.54,"icing_score":0.0,"convection_score":0.04}},{"type":"Feature","geometry":{"type":"Point","coordinates":[196.0,42.0]},"properties":{"wind_kt":14.1,"wind_from_deg":357.0,"temperature_c":-25.6,"relative_humidity":26.0,"turbulence_score":0.026,"icing_score":0.0,"convection_score":0.303}},{"type":"Feature","geometry":{"type":"Point","coordinates":[200.0,42.0]},"properties":{"wind_kt":34.2,"wind_from_deg":212.0,"temperature_c":-22.1,"relative_humidity":5.0,"turbulence_score":0.201,"icing_score":0.0,"convection_score":0.047}},{"type":"Feature","geometry":{"type":"Point","coordinates":[204.0,42.0]},"properties":{"wind_kt":53.2,"wind_from_deg":229.0,"temperature_c":-17.6,"relative_humidity":95.0,"turbulence_score":0.264,"icing_score":0.403,"convection_score":0.019}},{"type":"Feature","geometry":{"type":"Point","coordinates":[208.0,42.0]},"properties":{"wind_kt":65.3,"wind_from_deg":205.0,"temperature_c":-14.2,"relative_humidity":98.0,"turbulence_score":0.38,"icing_score":0.628,"convection_score":0.031}},{"type":"Feature","geometry":{"type":"Point","coordinates":[212.0,42.0]},"properties":{"wind_kt":48.0,"wind_from_deg":218.0,"temperature_c":-11.7,"relative_humidity":54.0,"turbulence_score":0.188,"icing_score":0.0,"convection_score":0.032}},{"type":"Feature","geometry":{"type":"Point","coordinates":[216.0,42.0]},"properties":{"wind_kt":30.8,"wind_from_deg":225.0,"temperature_c":-10.3,"relative_humidity":39.0,"turbulence_score":0.058,"icing_score":0.0,"convection_score":0.018}},{"type":"Feature","geometry":{"type":"Point","coordinates":[220.0,42.0]},"properties":{"wind_kt":19.3,"wind_from_deg":220.0,"temperature_c":-10.0,"relative_humidity":23.0,"turbulence_score":0.0,"icing_score":0.0,"convection_score":0.222}},{"type":"Feature","geometry":{"type":"Point","coordinates":[224.0,42.0]},"properties":{"wind_kt":12.3,"wind_from_deg":197.0,"temperature_c":-8.9,"relative_humidity":18.0,"turbulence_score":0.0,"icing_score":0.0,"convection_score":0.0}},{"type":"Feature","geometry":{"type":"Point","coordinates":[228.0,42.0]},"properties":{"wind_kt":6.3,"wind_from_deg":226.0,"temperature_c":-9.0,"relative_humidity":22.0,"turbulence_score":0.0,"icing_score":0.0,"convection_score":0.0}},{"type":"Feature","geometry":{"type":"Point","coordinates":[232.0,42.0]},"properties":{"wind_kt":9.2,"wind_from_deg":313.0,"temperature_c":-9.6,"relative_humidity":21.0,"turbulence_score":0.0,"icing_score":0.0,"convection_score":0.0}},{"type":"Feature","geometry":{"type":"Point","coordinates":[236.0,42.0]},"properties":{"wind_kt":8.9,"wind_from_deg":260.0,"temperature_c":-9.0,"relative_humidity":12.0,"turbulence_score":0.0,"icing_score":0.0,"convection_score":0.0}},{"type":"Feature","geometry":{"type":"Point","coordinates":[240.0,42.0]},"properties":{"wind_kt":7.6,"wind_from_deg":265.0,"temperature_c":-9.6,"relative_humidity":14.0,"turbulence_score":0.0,"icing_score":0.0,"convection_score":0.0}},{"type":"Feature","geometry":{"type":"Point","coordinates":[244.0,42.0]},"properties":{"wind_kt":4.3,"wind_from_deg":135.0,"temperature_c":-10.1,"relative_humidity":18.0,"turbulence_score":0.0,"icing_score":0.0,"convection_score":0.0}},{"type":"Feature","geometry":{"type":"Point","coordinates":[248.0,42.0]},"properties":{"wind_kt":4.8,"wind_from_deg":197.0,"temperature_c":-10.4,"relative_humidity":34.0,"turbulence_score":0.0,"icing_score":0.0,"convection_score":0.0}},{"type":"Feature","geometry":{"type":"Point","coordinates":[252.0,42.0]},"properties":{"wind_kt":5.2,"wind_from_deg":260.0,"temperature_c":-10.3,"relative_humidity":18.0,"turbulence_score":0.0,"icing_score":0.0,"convection_score":0.0}},{"type":"Feature","geometry":{"type":"Point","coordinates":[256.0,42.0]},"properties":{"wind_kt":14.6,"wind_from_deg":279.0,"temperature_c":-9.9,"relative_humidity":23.0,"turbulence_score":0.0,"icing_score":0.0,"convection_score":0.0}},{"type":"Feature","geometry":{"type":"Point","coordinates":[260.0,42.0]},"properties":{"wind_kt":29.9,"wind_from_deg":290.0,"temperature_c":-10.8,"relative_humidity":42.0,"turbulence_score":0.039,"icing_score":0.0,"convection_score":0.0}},{"type":"Feature","geometry":{"type":"Point","coordinates":[264.0,42.0]},"properties":{"wind_kt":44.9,"wind_from_deg":296.0,"temperature_c":-11.7,"relative_humidity":58.0,"turbulence_score":0.066,"icing_score":0.0,"convection_score":0.0}},{"type":"Feature","geometry":{"type":"Point","coordinates":[268.0,42.0]},"properties":{"wind_kt":53.7,"wind_from_deg":301.0,"temperature_c":-11.2,"relative_humidity":41.0,"turbulence_score":0.187,"icing_score":0.0,"convection_score":0.0}},{"type":"Feature","geometry":{"type":"Point","coordinates":[272.0,42.0]},"properties":{"wind_kt":51.7,"wind_from_deg":294.0,"temperature_c":-12.5,"relative_humidity":25.0,"turbulence_score":0.149,"icing_score":0.0,"convection_score":0.0}},{"type":"Feature","geometry":{"type":"Point","coordinates":[276.0,42.0]},"properties":{"wind_kt":53.8,"wind_from_deg":278.0,"temperature_c":-14.5,"relative_humidity":36.0,"turbulence_score":0.152,"icing_score":0.0,"convection_score":0.0}},{"type":"Feature","geometry":{"type":"Point","coordinates":[280.0,42.0]},"properties":{"wind_kt":49.4,"wind_from_deg":270.0,"temperature_c":-14.0,"relative_humidity":38.0,"turbulence_score":0.102,"icing_score":0.0,"convection_score":0.0}},{"type":"Feature","geometry":{"type":"Point","coordinates":[284.0,42.0]},"properties":{"wind_kt":39.1,"wind_from_deg":260.0,"temperature_c":-14.4,"relative_humidity":44.0,"turbulence_score":0.06,"icing_score":0.0,"convection_score":0.0}},{"type":"Feature","geometry":{"type":"Point","coordinates":[288.0,42.0]},"properties":{"wind_kt":29.7,"wind_from_deg":265.0,"temperature_c":-13.9,"relative_humidity":31.0,"turbulence_score":0.049,"icing_score":0.0,"convection_score":0.0}},{"type":"Feature","geometry":{"type":"Point","coordinates":[292.0,42.0]},"properties":{"wind_kt":31.2,"wind_from_deg":268.0,"temperature_c":-13.2,"relative_humidity":32.0,"turbulence_score":0.059,"icing_score":0.0,"convection_score":0.0}},{"type":"Feature","geometry":{"type":"Point","coordinates":[296.0,42.0]},"properties":{"wind_kt":33.3,"wind_from_deg":273.0,"temperature_c":-12.5,"relative_humidity":11.0,"turbulence_score":0.052,"icing_score":0.0,"convection_score":0.0}},{"type":"Feature","geometry":{"type":"Point","coordinates":[300.0,42.0]},"properties":{"wind_kt":38.4,"wind_from_deg":272.0,"temperature_c":-12.9,"relative_humidity":15.0,"turbulence_score":0.057,"icing_score":0.0,"convection_score":0.007}},{"type":"Feature","geometry":{"type":"Point","coordinates":[304.0,42.0]},"properties":{"wind_kt":48.9,"wind_from_deg":264.0,"temperature_c":-12.6,"relative_humidity":10.0,"turbulence_score":0.128,"icing_score":0.0,"convection_score":0.012}},{"type":"Feature","geometry":{"type":"Point","coordinates":[308.0,42.0]},"properties":{"wind_kt":56.2,"wind_from_deg":250.0,"temperature_c":-11.1,"relative_humidity":16.0,"turbulence_score":0.182,"icing_score":0.0,"convection_score":0.018}},{"type":"Feature","geometry":{"type":"Point","coordinates":[312.0,42.0]},"properties":{"wind_kt":47.1,"wind_from_deg":237.0,"temperature_c":-9.4,"relative_humidity":11.0,"turbulence_score":0.105,"icing_score":0.0,"convection_score":0.008}},{"type":"Feature","geometry":{"type":"Point","coordinates":[316.0,42.0]},"properties":{"wind_kt":43.8,"wind_from_deg":206.0,"temperature_c":-8.0,"relative_humidity":61.0,"turbulence_score":0.112,"icing_score":0.0,"convection_score":0.313}},{"type":"Feature","geometry":{"type":"Point","coordinates":[320.0,42.0]},"properties":{"wind_kt":35.8,"wind_from_deg":210.0,"temperature_c":-7.0,"relative_humidity":12.0,"turbulence_score":0.022,"icing_score":0.0,"convection_score":0.0}},{"type":"Feature","geometry":{"type":"Point","coordinates":[324.0,42.0]},"properties":{"wind_kt":22.5,"wind_from_deg":202.0,"temperature_c":-5.9,"relative_humidity":5.0,"turbulence_score":0.0,"icing_score":0.0,"convection_score":0.006}},{"type":"Feature","geometry":{"type":"Point","coordinates":[328.0,42.0]},"properties":{"wind_kt":16.4,"wind_from_deg":232.0,"temperature_c":-6.5,"relative_humidity":4.0,"turbulence_score":0.0,"icing_score":0.0,"convection_score":0.01}},{"type":"Feature","geometry":{"type":"Point","coordinates":[332.0,42.0]},"properties":{"wind_kt":16.3,"wind_from_deg":319.0,"temperature_c":-7.8,"relative_humidity":4.0,"turbulence_score":0.0,"icing_score":0.0,"convection_score":0.002}},{"type":"Feature","geometry":{"type":"Point","coordinates":[336.0,42.0]},"properties":{"wind_kt":25.9,"wind_from_deg":353.0,"temperature_c":-9.5,"relative_humidity":11.0,"turbulence_score":0.067,"icing_score":0.0,"convection_score":0.0}},{"type":"Feature","geometry":{"type":"Point","coordinates":[340.0,42.0]},"properties":{"wind_kt":27.9,"wind_from_deg":7.0,"temperature_c":-10.7,"relative_humidity":56.0,"turbulence_score":0.012,"icing_score":0.0,"convection_score":0.006}},{"type":"Feature","geometry":{"type":"Point","coordinates":[344.0,42.0]},"properties":{"wind_kt":25.8,"wind_from_deg":37.0,"temperature_c":-12.6,"relative_humidity":3.0,"turbulence_score":0.0,"icing_score":0.0,"convection_score":0.007}},{"type":"Feature","geometry":{"type":"Point","coordinates":[348.0,42.0]},"properties":{"wind_kt":31.5,"wind_from_deg":34.0,"temperature_c":-13.8,"relative_humidity":3.0,"turbulence_score":0.062,"icing_score":0.0,"convection_score":0.018}},{"type":"Feature","geometry":{"type":"Point","coordinates":[352.0,42.0]},"properties":{"wind_kt":18.7,"wind_from_deg":346.0,"temperature_c":-15.8,"relative_humidity":20.0,"turbulence_score":0.0,"icing_score":0.0,"convection_score":0.043}},{"type":"Feature","geometry":{"type":"Point","coordinates":[356.0,42.0]},"properties":{"wind_kt":10.9,"wind_from_deg":298.0,"temperature_c":-15.9,"relative_humidity":80.0,"turbulence_score":0.0,"icing_score":0.231,"convection_score":0.004}},{"type":"Feature","geometry":{"type":"Point","coordinates":[0.0,38.0]},"properties":{"wind_kt":38.9,"wind_from_deg":238.0,"temperature_c":-14.2,"relative_humidity":31.0,"turbulence_score":0.056,"icing_score":0.0,"convection_score":0.465}},{"type":"Feature","geometry":{"type":"Point","coordinates":[4.0,38.0]},"properties":{"wind_kt":31.9,"wind_from_deg":235.0,"temperature_c":-13.6,"relative_humidity":55.0,"turbulence_score":0.0,"icing_score":0.0,"convection_score":0.7}},{"type":"Feature","geometry":{"type":"Point","coordinates":[8.0,38.0]},"properties":{"wind_kt":25.4,"wind_from_deg":240.0,"temperature_c":-13.4,"relative_humidity":50.0,"turbulence_score":0.0,"icing_score":0.0,"convection_score":0.7}},{"type":"Feature","geometry":{"type":"Point","coordinates":[12.0,38.0]},"properties":{"wind_kt":21.6,"wind_from_deg":270.0,"temperature_c":-13.0,"relative_humidity":79.0,"turbulence_score":0.0,"icing_score":0.29,"convection_score":0.7}},{"type":"Feature","geometry":{"type":"Point","coordinates":[16.0,38.0]},"properties":{"wind_kt":17.6,"wind_from_deg":324.0,"temperature_c":-11.5,"relative_humidity":69.0,"turbulence_score":0.0,"icing_score":0.097,"convection_score":0.239}},{"type":"Feature","geometry":{"type":"Point","coordinates":[20.0,38.0]},"properties":{"wind_kt":12.9,"wind_from_deg":321.0,"temperature_c":-13.2,"relative_humidity":77.0,"turbulence_score":0.0,"icing_score":0.245,"convection_score":0.0}},{"type":"Feature","geometry":{"type":"Point","coordinates":[24.0,38.0]},"properties":{"wind_kt":21.7,"wind_from_deg":319.0,"temperature_c":-15.4,"relative_humidity":28.0,"turbulence_score":0.0,"icing_score":0.0,"convection_score":0.0}},{"type":"Feature","geometry":{"type":"Point","coordinates":[28.0,38.0]},"properties":{"wind_kt":14.8,"wind_from_deg":254.0,"temperature_c":-17.6,"relative_humidity":22.0,"turbulence_score":0.0,"icing_score":0.0,"convection_score":0.0}},{"type":"Feature","geometry":{"type":"Point","coordinates":[32.0,38.0]},"properties":{"wind_kt":17.4,"wind_from_deg":239.0,"temperature_c":-15.4,"relative_humidity":21.0,"turbulence_score":0.0,"icing_score":0.0,"convection_score":0.003}},{"type":"Feature","geometry":{"type":"Point","coordinates":[36.0,38.0]},"properties":{"wind_kt":12.4,"wind_from_deg":277.0,"temperature_c":-15.1,"relative_humidity":26.0,"turbulence_score":0.0,"icing_score":0.0,"convection_score":0.02}},{"type":"Feature","geometry":{"type":"Point","coordinates":[40.0,38.0]},"properties":{"wind_kt":30.8,"wind_from_deg":236.0,"temperature_c":-14.5,"relative_humidity":9.0,"turbulence_score":0.143,"icing_score":0.0,"convection_score":0.013}},{"type":"Feature","geometry":{"type":"Point","coordinates":[44.0,38.0]},"properties":{"wind_kt":43.2,"wind_from_deg":248.0,"temperature_c":-13.0,"relative_humidity":4.0,"turbulence_score":0.254,"icing_score":0.0,"convection_score":0.0}},{"type":"Feature","geometry":{"type":"Point","coordinates":[48.0,38.0]},"properties":{"wind_kt":52.5,"wind_from_deg":248.0,"temperature_c":-11.6,"relative_humidity":44.0,"turbulence_score":0.234,"icing_score":0.0,"convection_score":0.036}},{"type":"Feature","geometry":{"type":"Point","coordinates":[52.0,38.0]},"properties":{"wind_kt":44.7,"wind_from_deg":255.0,"temperature_c":-10.5,"relative_humidity":85.0,"turbulence_score":0.094,"icing_score":0.486,"convection_score":0.0}},{"type":"Feature","geometry":{"type":"Point","coordinates":[56.0,38.0]},"properties":{"wind_kt":46.9,"wind_from_deg":273.0,"temperature_c":-9.4,"relative_humidity":64.0,"turbulence_score":0.159,"icing_score":0.0,"convection_score":0.0}},{"type":"Feature","geometry":{"type":"Point","coordinates":[60.0,38.0]},"properties":{"wind_kt":43.3,"wind_from_deg":286.0,"temperature_c":-10.0,"relative_humidity":70.0,"turbulence_score":0.1,"icing_score":0.132,"convection_score":0.0}},{"type":"Feature","geometry":{"type":"Point","coordinates":[64.0,38.0]},"properties":{"wind_kt":46.9,"wind_from_deg":286.0,"temperature_c":-9.0,"relative_humidity":49.0,"turbulence_score":0.213,"icing_score":0.0,"convection_score":0.0}},{"type":"Feature","geometry":{"type":"Point","coordinates":[68.0,38.0]},"properties":{"wind_kt":34.3,"wind_from_deg":291.0,"temperature_c":-10.7,"relative_humidity":82.0,"turbulence_score":0.148,"icing_score":0.405,"convection_score":0.0}},{"type":"Feature","geometry":{"type":"Point","coordinates":[72.0,38.0]},"properties":{"wind_kt":14.2,"wind_from_deg":238.0,"temperature_c":-14.2,"relative_humidity":36.0,"turbulence_score":0.0,"icing_score":0.0,"convection_score":0.0}},{"type":"Feature","geometry":{"type":"Point","coordinates":[76.0,38.0]},"properties":{"wind_kt":28.4,"wind_from_deg":259.0,"temperature_c":-11.9,"relative_humidity":30.0,"turbulence_score":0.131,"icing_score":0.0,"convection_score":0.0}},{"type":"Feature","geometry":{"type":"Point","coordinates":[80.0,38.0]},"properties":{"wind_kt":27.6,"wind_from_deg":311.0,"temperature_c":-14.2,"relative_humidity":31.0,"turbulence_score":0.11,"icing_score":0.0,"convection_score":0.0}},{"type":"Feature","geometry":{"type":"Point","coordinates":[84.0,38.0]},"properties":{"wind_kt":22.9,"wind_from_deg":322.0,"temperature_c":-14.4,"relative_humidity":84.0,"turbulence_score":0.048,"icing_score":0.353,"convection_score":0.0}},{"type":"Feature","geometry":{"type":"Point","coordinates":[88.0,38.0]},"properties":{"wind_kt":12.8,"wind_from_deg":310.0,"temperature_c":-13.6,"relative_humidity":98.0,"turbulence_score":0.0,"icing_score":0.643,"convection_score":0.0}},{"type":"Feature","geometry":{"type":"Point","coordinates":[92.0,38.0]},"properties":{"wind_kt":14.6,"wind_from_deg":8.0,"temperature_c":-12.4,"relative_humidity":93.0,"turbulence_score":0.0,"icing_score":0.598,"convection_score":0.0}},{"type":"Feature","geometry":{"type":"Point","coordinates":[96.0,38.0]},"properties":{"wind_kt":12.0,"wind_from_deg":174.0,"temperature_c":-9.6,"relative_humidity":29.0,"turbulence_score":0.0,"icing_score":0.0,"convection_score":0.0}},{"type":"Feature","geometry":{"type":"Point","coordinates":[100.0,38.0]},"properties":{"wind_kt":15.9,"wind_from_deg":184.0,"temperature_c":-9.9,"relative_humidity":8.0,"turbulence_score":0.029,"icing_score":0.0,"convection_score":0.0}},{"type":"Feature","geometry":{"type":"Point","coordinates":[104.0,38.0]},"properties":{"wind_kt":8.8,"wind_from_deg":204.0,"temperature_c":-8.4,"relative_humidity":3.0,"turbulence_score":0.0,"icing_score":0.0,"convection_score":0.0}},{"type":"Feature","geometry":{"type":"Point","coordinates":[108.0,38.0]},"properties":{"wind_kt":6.5,"wind_from_deg":130.0,"temperature_c":-8.6,"relative_humidity":2.0,"turbulence_score":0.0,"icing_score":0.0,"convection_score":0.0}},{"type":"Feature","geometry":{"type":"Point","coordinates":[112.0,38.0]},"properties":{"wind_kt":11.3,"wind_from_deg":155.0,"temperature_c":-10.2,"relative_humidity":4.0,"turbulence_score":0.0,"icing_score":0.0,"convection_score":0.0}},{"type":"Feature","geometry":{"type":"Point","coordinates":[116.0,38.0]},"properties":{"wind_kt":4.4,"wind_from_deg":215.0,"temperature_c":-10.6,"relative_humidity":7.0,"turbulence_score":0.0,"icing_score":0.0,"convection_score":0.0}},{"type":"Feature","geometry":{"type":"Point","coordinates":[120.0,38.0]},"properties":{"wind_kt":14.0,"wind_from_deg":293.0,"temperature_c":-10.2,"relative_humidity":8.0,"turbulence_score":0.0,"icing_score":0.0,"convection_score":0.0}},{"type":"Feature","geometry":{"type":"Point","coordinates":[124.0,38.0]},"properties":{"wind_kt":14.4,"wind_from_deg":306.0,"temperature_c":-11.0,"relative_humidity":21.0,"turbulence_score":0.0,"icing_score":0.0,"convection_score":0.0}},{"type":"Feature","geometry":{"type":"Point","coordinates":[128.0,38.0]},"properties":{"wind_kt":16.2,"wind_from_deg":316.0,"temperature_c":-12.1,"relative_humidity":35.0,"turbulence_score":0.0,"icing_score":0.0,"convection_score":0.0}},{"type":"Feature","geometry":{"type":"Point","coordinates":[132.0,38.0]},"properties":{"wind_kt":23.7,"wind_from_deg":302.0,"temperature_c":-11.9,"relative_humidity":37.0,"turbulence_score":0.005,"icing_score":0.0,"convection_score":0.0}},{"type":"Feature","geometry":{"type":"Point","coordinates":[136.0,38.0]},"properties":{"wind_kt":23.8,"wind_from_deg":325.0,"temperature_c":-11.8,"relative_humidity":8.0,"turbulence_score":0.021,"icing_score":0.0,"convection_score":0.0}},{"type":"Feature","geometry":{"type":"Point","coordinates":[140.0,38.0]},"properties":{"wind_kt":24.9,"wind_from_deg":331.0,"temperature_c":-12.4,"relative_humidity":4.0,"turbulence_score":0.028,"icing_score":0.0,"convection_score":0.002}},{"type":"Feature","geometry":{"type":"Point","coordinates":[144.0,38.0]},"properties":{"wind_kt":46.9,"wind_from_deg":248.0,"temperature_c":-12.4,"relative_humidity":2.0,"turbulence_score":0.234,"icing_score":0.0,"convection_score":0.144}},{"type":"Feature","geometry":{"type":"Point","coordinates":[148.0,38.0]},"properties":{"wind_kt":72.4,"wind_from_deg":247.0,"temperature_c":-6.8,"relative_humidity":28.0,"turbulence_score":0.443,"icing_score":0.0,"convection_score":0.195}},{"type":"Feature","geometry":{"type":"Point","coordinates":[152.0,38.0]},"properties":{"wind_kt":67.7,"wind_from_deg":246.0,"temperature_c":-4.6,"relative_humidity":41.0,"turbulence_score":0.341,"icing_score":0.0,"convection_score":0.003}},{"type":"Feature","geometry":{"type":"Point","coordinates":[156.0,38.0]},"properties":{"wind_kt":55.9,"wind_from_deg":243.0,"temperature_c":-2.9,"relative_humidity":16.0,"turbulence_score":0.144,"icing_score":0.0,"convection_score":0.009}},{"type":"Feature","geometry":{"type":"Point","coordinates":[160.0,38.0]},"properties":{"wind_kt":45.7,"wind_from_deg":252.0,"temperature_c":-2.3,"relative_humidity":26.0,"turbulence_score":0.05,"icing_score":0.0,"convection_score":0.004}},{"type":"Feature","geometry":{"type":"Point","coordinates":[164.0,38.0]},"properties":{"wind_kt":39.5,"wind_from_deg":255.0,"temperature_c":-2.1,"relative_humidity":24.0,"turbulence_score":0.042,"icing_score":0.0,"convection_score":0.002}},{"type":"Feature","geometry":{"type":"Point","coordinates":[168.0,38.0]},"properties":{"wind_kt":35.1,"wind_from_deg":263.0,"temperature_c":-3.3,"relative_humidity":6.0,"turbulence_score":0.01,"icing_score":0.0,"convection_score":0.001}},{"type":"Feature","geometry":{"type":"Point","coordinates":[172.0,38.0]},"properties":{"wind_kt":29.0,"wind_from_deg":296.0,"temperature_c":-3.0,"relative_humidity":6.0,"turbulence_score":0.02,"icing_score":0.0,"convection_score":0.011}},{"type":"Feature","geometry":{"type":"Point","coordinates":[176.0,38.0]},"properties":{"wind_kt":29.4,"wind_from_deg":315.0,"temperature_c":-5.1,"relative_humidity":72.0,"turbulence_score":0.061,"icing_score":0.17,"convection_score":0.075}},{"type":"Feature","geometry":{"type":"Point","coordinates":[180.0,38.0]},"properties":{"wind_kt":46.3,"wind_from_deg":327.0,"temperature_c":-6.0,"relative_humidity":84.0,"turbulence_score":0.195,"icing_score":0.49,"convection_score":0.002}},{"type":"Feature","geometry":{"type":"Point","coordinates":[184.0,38.0]},"properties":{"wind_kt":41.8,"wind_from_deg":335.0,"temperature_c":-8.6,"relative_humidity":62.0,"turbulence_score":0.084,"icing_score":0.0,"convection_score":0.008}},{"type":"Feature","geometry":{"type":"Point","coordinates":[188.0,38.0]},"properties":{"wind_kt":58.2,"wind_from_deg":343.0,"temperature_c":-10.5,"relative_humidity":49.0,"turbulence_score":0.146,"icing_score":0.0,"convection_score":0.037}},{"type":"Feature","geometry":{"type":"Point","coordinates":[192.0,38.0]},"properties":{"wind_kt":102.2,"wind_from_deg":353.0,"temperature_c":-12.9,"relative_humidity":6.0,"turbulence_score":0.689,"icing_score":0.0,"convection_score":0.067}},{"type":"Feature","geometry":{"type":"Point","coordinates":[196.0,38.0]},"properties":{"wind_kt":8.8,"wind_from_deg":233.0,"temperature_c":-25.6,"relative_humidity":13.0,"turbulence_score":0.0,"icing_score":0.0,"convection_score":0.062}},{"type":"Feature","geometry":{"type":"Point","coordinates":[200.0,38.0]},"properties":{"wind_kt":52.9,"wind_from_deg":198.0,"temperature_c":-15.9,"relative_humidity":98.0,"turbulence_score":0.321,"icing_score":0.524,"convection_score":0.065}},{"type":"Feature","geometry":{"type":"Point","coordinates":[204.0,38.0]},"properties":{"wind_kt":51.8,"wind_from_deg":200.0,"temperature_c":-13.6,"relative_humidity":100.0,"turbulence_score":0.127,"icing_score":0.682,"convection_score":0.053}},{"type":"Feature","geometry":{"type":"Point","coordinates":[208.0,38.0]},"properties":{"wind_kt":47.3,"wind_from_deg":214.0,"temperature_c":-10.7,"relative_humidity":57.0,"turbulence_score":0.175,"icing_score":0.0,"convection_score":0.08}},{"type":"Feature","geometry":{"type":"Point","coordinates":[212.0,38.0]},"properties":{"wind_kt":28.9,"wind_from_deg":222.0,"temperature_c":-9.0,"relative_humidity":32.0,"turbulence_score":0.047,"icing_score":0.0,"convection_score":0.001}},{"type":"Feature","geometry":{"type":"Point","coordinates":[216.0,38.0]},"properties":{"wind_kt":6.5,"wind_from_deg":220.0,"temperature_c":-8.8,"relative_humidity":12.0,"turbulence_score":0.0,"icing_score":0.0,"convection_score":0.0}},{"type":"Feature","geometry":{"type":"Point","coordinates":[220.0,38.0]},"properties":{"wind_kt":12.9,"wind_from_deg":56.0,"temperature_c":-8.7,"relative_humidity":12.0,"turbulence_score":0.0,"icing_score":0.0,"convection_score":0.225}},{"type":"Feature","geometry":{"type":"Point","coordinates":[224.0,38.0]},"properties":{"wind_kt":15.3,"wind_from_deg":135.0,"temperature_c":-10.3,"relative_humidity":8.0,"turbulence_score":0.0,"icing_score":0.0,"convection_score":0.002}},{"type":"Feature","geometry":{"type":"Point","coordinates":[228.0,38.0]},"properties":{"wind_kt":17.4,"wind_from_deg":140.0,"temperature_c":-8.5,"relative_humidity":5.0,"turbulence_score":0.006,"icing_score":0.0,"convection_score":0.0}},{"type":"Feature","geometry":{"type":"Point","coordinates":[232.0,38.0]},"properties":{"wind_kt":9.0,"wind_from_deg":170.0,"temperature_c":-6.6,"relative_humidity":5.0,"turbulence_score":0.0,"icing_score":0.0,"convection_score":0.0}},{"type":"Feature","geometry":{"type":"Point","coordinates":[236.0,38.0]},"properties":{"wind_kt":6.9,"wind_from_deg":242.0,"temperature_c":-5.8,"relative_humidity":6.0,"turbulence_score":0.0,"icing_score":0.0,"convection_score":0.0}},{"type":"Feature","geometry":{"type":"Point","coordinates":[240.0,38.0]},"properties":{"wind_kt":8.3,"wind_from_deg":302.0,"temperature_c":-6.1,"relative_humidity":7.0,"turbulence_score":0.0,"icing_score":0.0,"convection_score":0.0}},{"type":"Feature","geometry":{"type":"Point","coordinates":[244.0,38.0]},"properties":{"wind_kt":13.4,"wind_from_deg":325.0,"temperature_c":-7.9,"relative_humidity":8.0,"turbulence_score":0.0,"icing_score":0.0,"convection_score":0.0}},{"type":"Feature","geometry":{"type":"Point","coordinates":[248.0,38.0]},"properties":{"wind_kt":5.2,"wind_from_deg":55.0,"temperature_c":-11.3,"relative_humidity":57.0,"turbulence_score":0.0,"icing_score":0.0,"convection_score":0.0}},{"type":"Feature","geometry":{"type":"Point","coordinates":[252.0,38.0]},"properties":{"wind_kt":9.4,"wind_from_deg":148.0,"temperature_c":-11.5,"relative_humidity":50.0,"turbulence_score":0.0,"icing_score":0.0,"convection_score":0.014}},{"type":"Feature","geometry":{"type":"Point","coordinates":[256.0,38.0]},"properties":{"wind_kt":2.9,"wind_from_deg":148.0,"temperature_c":-11.0,"relative_humidity":42.0,"turbulence_score":0.0,"icing_score":0.0,"convection_score":0.0}},{"type":"Feature","geometry":{"type":"Point","coordinates":[260.0,38.0]},"properties":{"wind_kt":8.3,"wind_from_deg":342.0,"temperature_c":-10.6,"relative_humidity":34.0,"turbulence_score":0.0,"icing_score":0.0,"convection_score":0.0}},{"type":"Feature","geometry":{"type":"Point","coordinates":[264.0,38.0]},"properties":{"wind_kt":9.2,"wind_from_deg":336.0,"temperature_c":-10.9,"relative_humidity":22.0,"turbulence_score":0.0,"icing_score":0.0,"convection_score":0.0}},{"type":"Feature","geometry":{"type":"Point","coordinates":[268.0,38.0]},"properties":{"wind_kt":21.9,"wind_from_deg":344.0,"temperature_c":-10.7,"relative_humidity":25.0,"turbulence_score":0.01,"icing_score":0.0,"convection_score":0.0}},{"type":"Feature","geometry":{"type":"Point","coordinates":[272.0,38.0]},"properties":{"wind_kt":20.3,"wind_from_deg":317.0,"temperature_c":-12.0,"relative_humidity":34.0,"turbulence_score":0.0,"icing_score":0.0,"convection_score":0.0}},{"type":"Feature","geometry":{"type":"Point","coordinates":[276.0,38.0]},"properties":{"wind_kt":22.5,"wind_from_deg":309.0,"temperature_c":-13.0,"relative_humidity":38.0,"turbulence_score":0.0,"icing_score":0.0,"convection_score":0.0}},{"type":"Feature","geometry":{"type":"Point","coordinates":[280.0,38.0]},"properties":{"wind_kt":23.3,"wind_from_deg":292.0,"temperature_c":-13.2,"relative_humidity":29.0,"turbulence_score":0.0,"icing_score":0.0,"convection_score":0.0}},{"type":"Feature","geometry":{"type":"Point","coordinates":[284.0,38.0]},"properties":{"wind_kt":24.1,"wind_from_deg":263.0,"temperature_c":-12.2,"relative_humidity":15.0,"turbulence_score":0.022,"icing_score":0.0,"convection_score":0.0}},{"type":"Feature","geometry":{"type":"Point","coordinates":[288.0,38.0]},"properties":{"wind_kt":29.1,"wind_from_deg":258.0,"temperature_c":-10.9,"relative_humidity":7.0,"turbulence_score":0.064,"icing_score":0.0,"convection_score":0.0}},{"type":"Feature","geometry":{"type":"Point","coordinates":[292.0,38.0]},"properties":{"wind_kt":25.1,"wind_from_deg":263.0,"temperature_c":-10.9,"relative_humidity":14.0,"turbulence_score":0.017,"icing_score":0.0,"convection_score":0.0}},{"type":"Feature","geometry":{"type":"Point","coordinates":[296.0,38.0]},"properties":{"wind_kt":26.7,"wind_from_deg":259.0,"temperature_c":-11.1,"relative_humidity":12.0,"turbulence_score":0.012,"icing_score":0.0,"convection_score":0.0}},{"type":"Feature","geometry":{"type":"Point","coordinates":[300.0,38.0]},"properties":{"wind_kt":30.3,"wind_from_deg":258.0,"temperature_c":-10.2,"relative_humidity":8.0,"turbulence_score":0.045,"icing_score":0.0,"convection_score":0.048}},{"type":"Feature","geometry":{"type":"Point","coordinates":[304.0,38.0]},"properties":{"wind_kt":31.7,"wind_from_deg":256.0,"temperature_c":-9.7,"relative_humidity":10.0,"turbulence_score":0.06,"icing_score":0.0,"convection_score":0.019}},{"type":"Feature","geometry":{"type":"Point","coordinates":[308.0,38.0]},"properties":{"wind_kt":45.6,"wind_from_deg":244.0,"temperature_c":-7.2,"relative_humidity":85.0,"turbulence_score":0.24,"icing_score":0.548,"convection_score":0.003}},{"type":"Feature","geometry":{"type":"Point","coordinates":[312.0,38.0]},"properties":{"wind_kt":25.9,"wind_from_deg":235.0,"temperature_c":-7.0,"relative_humidity":97.0,"turbulence_score":0.001,"icing_score":0.866,"convection_score":0.479}},{"type":"Feature","geometry":{"type":"Point","coordinates":[316.0,38.0]},"properties":{"wind_kt":19.2,"wind_from_deg":189.0,"temperature_c":-7.6,"relative_humidity":45.0,"turbulence_score":0.0,"icing_score":0.0,"convection_score":0.117}},{"type":"Feature","geometry":{"type":"Point","coordinates":[320.0,38.0]},"properties":{"wind_kt":20.5,"wind_from_deg":161.0,"temperature_c":-6.6,"relative_humidity":7.0,"turbulence_score":0.0,"icing_score":0.0,"convection_score":0.427}},{"type":"Feature","geometry":{"type":"Point","coordinates":[324.0,38.0]},"properties":{"wind_kt":14.8,"wind_from_deg":147.0,"temperature_c":-6.9,"relative_humidity":6.0,"turbulence_score":0.0,"icing_score":0.0,"convection_score":0.077}},{"type":"Feature","geometry":{"type":"Point","coordinates":[328.0,38.0]},"properties":{"wind_kt":18.5,"wind_from_deg":121.0,"temperature_c":-7.8,"relative_humidity":6.0,"turbulence_score":0.0,"icing_score":0.0,"convection_score":0.005}},{"type":"Feature","geometry":{"type":"Point","coordinates":[332.0,38.0]},"properties":{"wind_kt":20.2,"wind_from_deg":55.0,"temperature_c":-9.1,"relative_humidity":4.0,"turbulence_score":0.0,"icing_score":0.0,"convection_score":0.0}},{"type":"Feature","geometry":{"type":"Point","coordinates":[336.0,38.0]},"properties":{"wind_kt":25.9,"wind_from_deg":39.0,"temperature_c":-8.5,"relative_humidity":25.0,"turbulence_score":0.019,"icing_score":0.0,"convection_score":0.002}},{"type":"Feature","geometry":{"type":"Point","coordinates":[340.0,38.0]},"properties":{"wind_kt":33.4,"wind_from_deg":24.0,"temperature_c":-11.1,"relative_humidity":27.0,"turbulence_score":0.059,"icing_score":0.0,"convection_score":0.011}},{"type":"Feature","geometry":{"type":"Point","coordinates":[344.0,38.0]},"properties":{"wind_kt":30.8,"wind_from_deg":23.0,"temperature_c":-14.2,"relative_humidity":6.0,"turbulence_score":0.075,"icing_score":0.0,"convection_score":0.04}},{"type":"Feature","geometry":{"type":"Point","coordinates":[348.0,38.0]},"properties":{"wind_kt":18.3,"wind_from_deg":24.0,"temperature_c":-15.9,"relative_humidity":30.0,"turbulence_score":0.0,"icing_score":0.0,"convection_score":0.161}},{"type":"Feature","geometry":{"type":"Point","coordinates":[352.0,38.0]},"properties":{"wind_kt":12.5,"wind_from_deg":276.0,"temperature_c":-15.3,"relative_humidity":36.0,"turbulence_score":0.0,"icing_score":0.0,"convection_score":0.033}},{"type":"Feature","geometry":{"type":"Point","coordinates":[356.0,38.0]},"properties":{"wind_kt":18.4,"wind_from_deg":257.0,"temperature_c":-14.2,"relative_humidity":21.0,"turbulence_score":0.0,"icing_score":0.0,"convection_score":0.028}},{"type":"Feature","geometry":{"type":"Point","coordinates":[0.0,34.0]},"properties":{"wind_kt":14.6,"wind_from_deg":256.0,"temperature_c":-13.1,"relative_humidity":70.0,"turbulence_score":0.0,"icing_score":0.108,"convection_score":0.008}},{"type":"Feature","geometry":{"type":"Point","coordinates":[4.0,34.0]},"properties":{"wind_kt":21.3,"wind_from_deg":215.0,"temperature_c":-14.2,"relative_humidity":76.0,"turbulence_score":0.012,"icing_score":0.205,"convection_score":0.005}},{"type":"Feature","geometry":{"type":"Point","coordinates":[8.0,34.0]},"properties":{"wind_kt":14.8,"wind_from_deg":242.0,"temperature_c":-13.2,"relative_humidity":64.0,"turbulence_score":0.0,"icing_score":0.0,"convection_score":0.0}},{"type":"Feature","geometry":{"type":"Point","coordinates":[12.0,34.0]},"properties":{"wind_kt":2.9,"wind_from_deg":11.0,"temperature_c":-12.3,"relative_humidity":56.0,"turbulence_score":0.0,"icing_score":0.0,"convection_score":0.32}},{"type":"Feature","geometry":{"type":"Point","coordinates":[16.0,34.0]},"properties":{"wind_kt":22.8,"wind_from_deg":339.0,"temperature_c":-11.1,"relative_humidity":43.0,"turbulence_score":0.014,"icing_score":0.0,"convection_score":0.035}},{"type":"Feature","geometry":{"type":"Point","coordinates":[20.0,34.0]},"properties":{"wind_kt":7.8,"wind_from_deg":302.0,"temperature_c":-12.6,"relative_humidity":52.0,"turbulence_score":0.0,"icing_score":0.0,"convection_score":0.0}},{"type":"Feature","geometry":{"type":"Point","coordinates":[24.0,34.0]},"properties":{"wind_kt":15.3,"wind_from_deg":284.0,"temperature_c":-13.0,"relative_humidity":2.0,"turbulence_score":0.006,"icing_score":0.0,"convection_score":0.0}},{"type":"Feature","geometry":{"type":"Point","coordinates":[28.0,34.0]},"properties":{"wind_kt":20.3,"wind_from_deg":270.0,"temperature_c":-13.8,"relative_humidity":14.0,"turbulence_score":0.035,"icing_score":0.0,"convection_score":0.0}},{"type":"Feature","geometry":{"type":"Point","coordinates":[32.0,34.0]},"properties":{"wind_kt":22.4,"wind_from_deg":248.0,"temperature_c":-13.4,"relative_humidity":8.0,"turbulence_score":0.052,"icing_score":0.0,"convection_score":0.16}},{"type":"Feature","geometry":{"type":"Point","coordinates":[36.0,34.0]},"properties":{"wind_kt":36.8,"wind_from_deg":238.0,"temperature_c":-13.3,"relative_humidity":10.0,"turbulence_score":0.163,"icing_score":0.0,"convection_score":0.003}},{"type":"Feature","geometry":{"type":"Point","coordinates":[40.0,34.0]},"properties":{"wind_kt":45.5,"wind_from_deg":237.0,"temperature_c":-11.5,"relative_humidity":4.0,"turbulence_score":0.075,"icing_score":0.0,"convection_score":0.0}},{"type":"Feature","geometry":{"type":"Point","coordinates":[44.0,34.0]},"properties":{"wind_kt":35.9,"wind_from_deg":229.0,"temperature_c":-10.8,"relative_humidity":74.0,"turbulence_score":0.034,"icing_score":0.217,"convection_score":0.0}},{"type":"Feature","geometry":{"type":"Point","coordinates":[48.0,34.0]},"properties":{"wind_kt":28.1,"wind_from_deg":237.0,"temperature_c":-10.1,"relative_humidity":33.0,"turbulence_score":0.025,"icing_score":0.0,"convection_score":0.0}},{"type":"Feature","geometry":{"type":"Point","coordinates":[52.0,34.0]},"properties":{"wind_kt":26.1,"wind_from_deg":246.0,"temperature_c":-10.7,"relative_humidity":71.0,"turbulence_score":0.067,"icing_score":0.146,"convection_score":0.001}},{"type":"Feature","geometry":{"type":"Point","coordinates":[56.0,34.0]},"properties":{"wind_kt":24.0,"wind_from_deg":266.0,"temperature_c":-7.7,"relative_humidity":12.0,"turbulence_score":0.079,"icing_score":0.0,"convection_score":0.0}},{"type":"Feature","geometry":{"type":"Point","coordinates":[60.0,34.0]},"properties":{"wind_kt":25.9,"wind_from_deg":277.0,"temperature_c":-7.4,"relative_humidity":17.0,"turbulence_score":0.009,"icing_score":0.0,"convection_score":0.0}},{"type":"Feature","geometry":{"type":"Point","coordinates":[64.0,34.0]},"properties":{"wind_kt":26.6,"wind_from_deg":306.0,"temperature_c":-7.7,"relative_humidity":26.0,"turbulence_score":0.032,"icing_score":0.0,"convection_score":0.0}},{"type":"Feature","geometry":{"type":"Point","coordinates":[68.0,34.0]},"properties":{"wind_kt":20.4,"wind_from_deg":309.0,"temperature_c":-8.1,"relative_humidity":41.0,"turbulence_score":0.0,"icing_score":0.0,"convection_score":0.0}},{"type":"Feature","geometry":{"type":"Point","coordinates":[72.0,34.0]},"properties":{"wind_kt":25.3,"wind_from_deg":317.0,"temperature_c":-7.8,"relative_humidity":21.0,"turbulence_score":0.025,"icing_score":0.0,"convection_score":0.247}},{"type":"Feature","geometry":{"type":"Point","coordinates":[76.0,34.0]},"properties":{"wind_kt":5.5,"wind_from_deg":273.0,"temperature_c":-10.0,"relative_humidity":65.0,"turbulence_score":0.0,"icing_score":0.0,"convection_score":0.001}},{"type":"Feature","geometry":{"type":"Point","coordinates":[80.0,34.0]},"properties":{"wind_kt":9.5,"wind_from_deg":342.0,"temperature_c":-10.8,"relative_humidity":78.0,"turbulence_score":0.0,"icing_score":0.321,"convection_score":0.0}},{"type":"Feature","geometry":{"type":"Point","coordinates":[84.0,34.0]},"properties":{"wind_kt":27.7,"wind_from_deg":360.0,"temperature_c":-10.0,"relative_humidity":95.0,"turbulence_score":0.073,"icing_score":0.754,"convection_score":0.016}},{"type":"Feature","geometry":{"type":"Point","coordinates":[88.0,34.0]},"properties":{"wind_kt":19.4,"wind_from_deg":238.0,"temperature_c":-3.4,"relative_humidity":24.0,"turbulence_score":0.061,"icing_score":0.0,"convection_score":0.014}},{"type":"Feature","geometry":{"type":"Point","coordinates":[92.0,34.0]},"properties":{"wind_kt":21.9,"wind_from_deg":217.0,"temperature_c":-5.1,"relative_humidity":24.0,"turbulence_score":0.034,"icing_score":0.0,"convection_score":0.0}},{"type":"Feature","geometry":{"type":"Point","coordinates":[96.0,34.0]},"properties":{"wind_kt":8.5,"wind_from_deg":239.0,"temperature_c":-6.4,"relative_humidity":31.0,"turbulence_score":0.0,"icing_score":0.0,"convection_score":0.0}},{"type":"Feature","geometry":{"type":"Point","coordinates":[100.0,34.0]},"properties":{"wind_kt":11.6,"wind_from_deg":263.0,"temperature_c":-9.3,"relative_humidity":63.0,"turbulence_score":0.0,"icing_score":0.0,"convection_score":0.0}},{"type":"Feature","geometry":{"type":"Point","coordinates":[104.0,34.0]},"properties":{"wind_kt":10.6,"wind_from_deg":321.0,"temperature_c":-10.4,"relative_humidity":48.0,"turbulence_score":0.0,"icing_score":0.0,"convection_score":0.003}},{"type":"Feature","geometry":{"type":"Point","coordinates":[108.0,34.0]},"properties":{"wind_kt":12.5,"wind_from_deg":288.0,"temperature_c":-8.8,"relative_humidity":1.0,"turbulence_score":0.0,"icing_score":0.0,"convection_score":0.0}},{"type":"Feature","geometry":{"type":"Point","coordinates":[112.0,34.0]},"properties":{"wind_kt":8.2,"wind_from_deg":172.0,"temperature_c":-12.6,"relative_humidity":8.0,"turbulence_score":0.0,"icing_score":0.0,"convection_score":0.0}},{"type":"Feature","geometry":{"type":"Point","coordinates":[116.0,34.0]},"properties":{"wind_kt":21.8,"wind_from_deg":140.0,"temperature_c":-12.1,"relative_humidity":3.0,"turbulence_score":0.059,"icing_score":0.0,"convection_score":0.0}},{"type":"Feature","geometry":{"type":"Point","coordinates":[120.0,34.0]},"properties":{"wind_kt":10.8,"wind_from_deg":104.0,"temperature_c":-11.3,"relative_humidity":9.0,"turbulence_score":0.0,"icing_score":0.0,"convection_score":0.0}},{"type":"Feature","geometry":{"type":"Point","coordinates":[124.0,34.0]},"properties":{"wind_kt":7.3,"wind_from_deg":6.0,"temperature_c":-9.9,"relative_humidity":6.0,"turbulence_score":0.0,"icing_score":0.0,"convection_score":0.0}},{"type":"Feature","geometry":{"type":"Point","coordinates":[128.0,34.0]},"properties":{"wind_kt":14.1,"wind_from_deg":344.0,"temperature_c":-10.2,"relative_humidity":11.0,"turbulence_score":0.0,"icing_score":0.0,"convection_score":0.0}},{"type":"Feature","geometry":{"type":"Point","coordinates":[132.0,34.0]},"properties":{"wind_kt":18.7,"wind_from_deg":1.0,"temperature_c":-9.6,"relative_humidity":3.0,"turbulence_score":0.0,"icing_score":0.0,"convection_score":0.0}},{"type":"Feature","geometry":{"type":"Point","coordinates":[136.0,34.0]},"properties":{"wind_kt":21.8,"wind_from_deg":293.0,"temperature_c":-9.7,"relative_humidity":2.0,"turbulence_score":0.063,"icing_score":0.0,"convection_score":0.0}},{"type":"Feature","geometry":{"type":"Point","coordinates":[140.0,34.0]},"properties":{"wind_kt":64.4,"wind_from_deg":245.0,"temperature_c":-4.8,"relative_humidity":19.0,"turbulence_score":0.385,"icing_score":0.0,"convection_score":0.061}},{"type":"Feature","geometry":{"type":"Point","coordinates":[144.0,34.0]},"properties":{"wind_kt":53.2,"wind_from_deg":238.0,"temperature_c":-3.2,"relative_humidity":21.0,"turbulence_score":0.245,"icing_score":0.0,"convection_score":0.004}},{"type":"Feature","geometry":{"type":"Point","coordinates":[148.0,34.0]},"properties":{"wind_kt":41.3,"wind_from_deg":244.0,"temperature_c":-2.7,"relative_humidity":10.0,"turbulence_score":0.09,"icing_score":0.0,"convection_score":0.08}},{"type":"Feature","geometry":{"type":"Point","coordinates":[152.0,34.0]},"properties":{"wind_kt":33.1,"wind_from_deg":241.0,"temperature_c":-2.4,"relative_humidity":11.0,"turbulence_score":0.069,"icing_score":0.0,"convection_score":0.008}},{"type":"Feature","geometry":{"type":"Point","coordinates":[156.0,34.0]},"properties":{"wind_kt":17.0,"wind_from_deg":210.0,"temperature_c":-2.0,"relative_humidity":22.0,"turbulence_score":0.0,"icing_score":0.0,"convection_score":0.284}},{"type":"Feature","geometry":{"type":"Point","coordinates":[160.0,34.0]},"properties":{"wind_kt":14.8,"wind_from_deg":232.0,"temperature_c":-2.1,"relative_humidity":9.0,"turbulence_score":0.0,"icing_score":0.0,"convection_score":0.115}},{"type":"Feature","geometry":{"type":"Point","coordinates":[164.0,34.0]},"properties":{"wind_kt":9.5,"wind_from_deg":248.0,"temperature_c":-2.4,"relative_humidity":23.0,"turbulence_score":0.0,"icing_score":0.0,"convection_score":0.084}},{"type":"Feature","geometry":{"type":"Point","coordinates":[168.0,34.0]},"properties":{"wind_kt":9.8,"wind_from_deg":306.0,"temperature_c":-3.7,"relative_humidity":25.0,"turbulence_score":0.0,"icing_score":0.0,"convection_score":0.072}},{"type":"Feature","geometry":{"type":"Point","coordinates":[172.0,34.0]},"properties":{"wind_kt":15.1,"wind_from_deg":327.0,"temperature_c":-3.9,"relative_humidity":31.0,"turbulence_score":0.0,"icing_score":0.0,"convection_score":0.288}},{"type":"Feature","geometry":{"type":"Point","coordinates":[176.0,34.0]},"properties":{"wind_kt":25.4,"wind_from_deg":322.0,"temperature_c":-4.7,"relative_humidity":42.0,"turbulence_score":0.044,"icing_score":0.0,"convection_score":0.099}},{"type":"Feature","geometry":{"type":"Point","coordinates":[180.0,34.0]},"properties":{"wind_kt":36.7,"wind_from_deg":333.0,"temperature_c":-5.9,"relative_humidity":52.0,"turbulence_score":0.096,"icing_score":0.0,"convection_score":0.069}},{"type":"Feature","geometry":{"type":"Point","coordinates":[184.0,34.0]},"properties":{"wind_kt":42.8,"wind_from_deg":340.0,"temperature_c":-8.1,"relative_humidity":60.0,"turbulence_score":0.096,"icing_score":0.0,"convection_score":0.251}},{"type":"Feature","geometry":{"type":"Point","coordinates":[188.0,34.0]},"properties":{"wind_kt":58.6,"wind_from_deg":339.0,"temperature_c":-9.5,"relative_humidity":40.0,"turbulence_score":0.207,"icing_score":0.0,"convection_score":0.314}},{"type":"Feature","geometry":{"type":"Point","coordinates":[192.0,34.0]},"properties":{"wind_kt":88.6,"wind_from_deg":346.0,"temperature_c":-12.8,"relative_humidity":10.0,"turbulence_score":0.503,"icing_score":0.0,"convection_score":0.203}},{"type":"Feature","geometry":{"type":"Point","coordinates":[196.0,34.0]},"properties":{"wind_kt":30.4,"wind_from_deg":241.0,"temperature_c":-20.7,"relative_humidity":32.0,"turbulence_score":0.105,"icing_score":0.0,"convection_score":0.122}},{"type":"Feature","geometry":{"type":"Point","coordinates":[200.0,34.0]},"properties":{"wind_kt":48.3,"wind_from_deg":199.0,"temperature_c":-12.6,"relative_humidity":98.0,"turbulence_score":0.267,"icing_score":0.708,"convection_score":0.341}},{"type":"Feature","geometry":{"type":"Point","coordinates":[204.0,34.0]},"properties":{"wind_kt":47.7,"wind_from_deg":213.0,"temperature_c":-9.4,"relative_humidity":43.0,"turbulence_score":0.127,"icing_score":0.0,"convection_score":0.101}},{"type":"Feature","geometry":{"type":"Point","coordinates":[208.0,34.0]},"properties":{"wind_kt":24.4,"wind_from_deg":213.0,"temperature_c":-8.6,"relative_humidity":31.0,"turbulence_score":0.0,"icing_score":0.0,"convection_score":0.001}},{"type":"Feature","geometry":{"type":"Point","coordinates":[212.0,34.0]},"properties":{"wind_kt":7.0,"wind_from_deg":218.0,"temperature_c":-7.7,"relative_humidity":10.0,"turbulence_score":0.0,"icing_score":0.0,"convection_score":0.003}},{"type":"Feature","geometry":{"type":"Point","coordinates":[216.0,34.0]},"properties":{"wind_kt":10.1,"wind_from_deg":24.0,"temperature_c":-8.2,"relative_humidity":10.0,"turbulence_score":0.0,"icing_score":0.0,"convection_score":0.166}},{"type":"Feature","geometry":{"type":"Point","coordinates":[220.0,34.0]},"properties":{"wind_kt":13.1,"wind_from_deg":20.0,"temperature_c":-10.5,"relative_humidity":18.0,"turbulence_score":0.0,"icing_score":0.0,"convection_score":0.043}},{"type":"Feature","geometry":{"type":"Point","coordinates":[224.0,34.0]},"properties":{"wind_kt":17.3,"wind_from_deg":185.0,"temperature_c":-11.9,"relative_humidity":18.0,"turbulence_score":0.0,"icing_score":0.0,"convection_score":0.003}},{"type":"Feature","geometry":{"type":"Point","coordinates":[228.0,34.0]},"properties":{"wind_kt":24.0,"wind_from_deg":199.0,"temperature_c":-6.3,"relative_humidity":3.0,"turbulence_score":0.071,"icing_score":0.0,"convection_score":0.001}},{"type":"Feature","geometry":{"type":"Point","coordinates":[232.0,34.0]},"properties":{"wind_kt":18.3,"wind_from_deg":199.0,"temperature_c":-3.3,"relative_humidity":1.0,"turbulence_score":0.044,"icing_score":0.0,"convection_score":0.0}},{"type":"Feature","geometry":{"type":"Point","coordinates":[236.0,34.0]},"properties":{"wind_kt":12.1,"wind_from_deg":211.0,"temperature_c":-2.2,"relative_humidity":3.0,"turbulence_score":0.0,"icing_score":0.0,"convection_score":0.0}},{"type":"Feature","geometry":{"type":"Point","coordinates":[240.0,34.0]},"properties":{"wind_kt":6.8,"wind_from_deg":271.0,"temperature_c":-2.6,"relative_humidity":2.0,"turbulence_score":0.0,"icing_score":0.0,"convection_score":0.0}},{"type":"Feature","geometry":{"type":"Point","coordinates":[244.0,34.0]},"properties":{"wind_kt":14.7,"wind_from_deg":307.0,"temperature_c":-4.2,"relative_humidity":4.0,"turbulence_score":0.0,"icing_score":0.0,"convection_score":0.0}},{"type":"Feature","geometry":{"type":"Point","coordinates":[248.0,34.0]},"properties":{"wind_kt":23.2,"wind_from_deg":317.0,"temperature_c":-6.4,"relative_humidity":6.0,"turbulence_score":0.072,"icing_score":0.0,"convection_score":0.0}},{"type":"Feature","geometry":{"type":"Point","coordinates":[252.0,34.0]},"properties":{"wind_kt":3.7,"wind_from_deg":196.0,"temperature_c":-10.2,"relative_humidity":37.0,"turbulence_score":0.0,"icing_score":0.0,"convection_score":0.0}},{"type":"Feature","geometry":{"type":"Point","coordinates":[256.0,34.0]},"properties":{"wind_kt":2.8,"wind_from_deg":76.0,"temperature_c":-9.8,"relative_humidity":14.0,"turbulence_score":0.0,"icing_score":0.0,"convection_score":0.014}},{"type":"Feature","geometry":{"type":"Point","coordinates":[260.0,34.0]},"properties":{"wind_kt":6.4,"wind_from_deg":84.0,"temperature_c":-9.1,"relative_humidity":12.0,"turbulence_score":0.0,"icing_score":0.0,"convection_score":0.0}},{"type":"Feature","geometry":{"type":"Point","coordinates":[264.0,34.0]},"properties":{"wind_kt":12.0,"wind_from_deg":47.0,"temperature_c":-10.1,"relative_humidity":18.0,"turbulence_score":0.0,"icing_score":0.0,"convection_score":0.0}},{"type":"Feature","geometry":{"type":"Point","coordinates":[268.0,34.0]},"properties":{"wind_kt":10.2,"wind_from_deg":28.0,"temperature_c":-10.5,"relative_humidity":22.0,"turbulence_score":0.0,"icing_score":0.0,"convection_score":0.0}},{"type":"Feature","geometry":{"type":"Point","coordinates":[272.0,34.0]},"properties":{"wind_kt":11.0,"wind_from_deg":333.0,"temperature_c":-10.4,"relative_humidity":30.0,"turbulence_score":0.0,"icing_score":0.0,"convection_score":0.0}},{"type":"Feature","geometry":{"type":"Point","coordinates":[276.0,34.0]},"properties":{"wind_kt":16.5,"wind_from_deg":310.0,"temperature_c":-11.1,"relative_humidity":14.0,"turbulence_score":0.002,"icing_score":0.0,"convection_score":0.0}},{"type":"Feature","geometry":{"type":"Point","coordinates":[280.0,34.0]},"properties":{"wind_kt":18.3,"wind_from_deg":288.0,"temperature_c":-9.7,"relative_humidity":8.0,"turbulence_score":0.0,"icing_score":0.0,"convection_score":0.0}},{"type":"Feature","geometry":{"type":"Point","coordinates":[284.0,34.0]},"properties":{"wind_kt":24.5,"wind_from_deg":263.0,"temperature_c":-8.5,"relative_humidity":5.0,"turbulence_score":0.095,"icing_score":0.0,"convection_score":0.067}},{"type":"Feature","geometry":{"type":"Point","coordinates":[288.0,34.0]},"properties":{"wind_kt":32.4,"wind_from_deg":201.0,"temperature_c":-7.5,"relative_humidity":97.0,"turbulence_score":0.156,"icing_score":0.888,"convection_score":0.033}},{"type":"Feature","geometry":{"type":"Point","coordinates":[292.0,34.0]},"properties":{"wind_kt":44.1,"wind_from_deg":220.0,"temperature_c":-6.7,"relative_humidity":98.0,"turbulence_score":0.268,"icing_score":0.867,"convection_score":0.032}},{"type":"Feature","geometry":{"type":"Point","coordinates":[296.0,34.0]},"properties":{"wind_kt":39.6,"wind_from_deg":228.0,"temperature_c":-6.8,"relative_humidity":100.0,"turbulence_score":0.192,"icing_score":0.933,"convection_score":0.002}},{"type":"Feature","geometry":{"type":"Point","coordinates":[300.0,34.0]},"properties":{"wind_kt":32.5,"wind_from_deg":256.0,"temperature_c":-6.8,"relative_humidity":94.0,"turbulence_score":0.112,"icing_score":0.779,"convection_score":0.015}},{"type":"Feature","geometry":{"type":"Point","coordinates":[304.0,34.0]},"properties":{"wind_kt":22.4,"wind_from_deg":269.0,"temperature_c":-6.4,"relative_humidity":70.0,"turbulence_score":0.0,"icing_score":0.143,"convection_score":0.069}},{"type":"Feature","geometry":{"type":"Point","coordinates":[308.0,34.0]},"properties":{"wind_kt":16.6,"wind_from_deg":269.0,"temperature_c":-7.0,"relative_humidity":62.0,"turbulence_score":0.0,"icing_score":0.0,"convection_score":0.357}},{"type":"Feature","geometry":{"type":"Point","coordinates":[312.0,34.0]},"properties":{"wind_kt":6.6,"wind_from_deg":30.0,"temperature_c":-7.3,"relative_humidity":38.0,"turbulence_score":0.0,"icing_score":0.0,"convection_score":0.206}},{"type":"Feature","geometry":{"type":"Point","coordinates":[316.0,34.0]},"properties":{"wind_kt":19.0,"wind_from_deg":82.0,"temperature_c":-7.4,"relative_humidity":28.0,"turbulence_score":0.042,"icing_score":0.0,"convection_score":0.069}},{"type":"Feature","geometry":{"type":"Point","coordinates":[320.0,34.0]},"properties":{"wind_kt":27.6,"wind_from_deg":122.0,"temperature_c":-7.5,"relative_humidity":40.0,"turbulence_score":0.013,"icing_score":0.0,"convection_score":0.249}},{"type":"Feature","geometry":{"type":"Point","coordinates":[324.0,34.0]},"properties":{"wind_kt":21.8,"wind_from_deg":116.0,"temperature_c":-8.7,"relative_humidity":47.0,"turbulence_score":0.012,"icing_score":0.0,"convection_score":0.493}},{"type":"Feature","geometry":{"type":"Point","coordinates":[328.0,34.0]},"properties":{"wind_kt":20.3,"wind_from_deg":105.0,"temperature_c":-8.7,"relative_humidity":26.0,"turbulence_score":0.027,"icing_score":0.0,"convection_score":0.064}},{"type":"Feature","geometry":{"type":"Point","coordinates":[332.0,34.0]},"properties":{"wind_kt":15.2,"wind_from_deg":65.0,"temperature_c":-8.3,"relative_humidity":3.0,"turbulence_score":0.0,"icing_score":0.0,"convection_score":0.008}},{"type":"Feature","geometry":{"type":"Point","coordinates":[336.0,34.0]},"properties":{"wind_kt":15.4,"wind_from_deg":20.0,"temperature_c":-8.7,"relative_humidity":9.0,"turbulence_score":0.0,"icing_score":0.0,"convection_score":0.015}},{"type":"Feature","geometry":{"type":"Point","coordinates":[340.0,34.0]},"properties":{"wind_kt":28.8,"wind_from_deg":9.0,"temperature_c":-10.6,"relative_humidity":7.0,"turbulence_score":0.071,"icing_score":0.0,"convection_score":0.024}},{"type":"Feature","geometry":{"type":"Point","coordinates":[344.0,34.0]},"properties":{"wind_kt":24.6,"wind_from_deg":358.0,"temperature_c":-15.1,"relative_humidity":18.0,"turbulence_score":0.0,"icing_score":0.0,"convection_score":0.112}},{"type":"Feature","geometry":{"type":"Point","coordinates":[348.0,34.0]},"properties":{"wind_kt":18.3,"wind_from_deg":250.0,"temperature_c":-15.2,"relative_humidity":20.0,"turbulence_score":0.023,"icing_score":0.0,"convection_score":0.229}},{"type":"Feature","geometry":{"type":"Point","coordinates":[352.0,34.0]},"properties":{"wind_kt":26.0,"wind_from_deg":236.0,"temperature_c":-14.1,"relative_humidity":28.0,"turbulence_score":0.015,"icing_score":0.0,"convection_score":0.117}},{"type":"Feature","geometry":{"type":"Point","coordinates":[356.0,34.0]},"properties":{"wind_kt":27.8,"wind_from_deg":228.0,"temperature_c":-11.9,"relative_humidity":97.0,"turbulence_score":0.013,"icing_score":0.713,"convection_score":0.119}},{"type":"Feature","geometry":{"type":"Point","coordinates":[0.0,30.0]},"properties":{"wind_kt":15.5,"wind_from_deg":287.0,"temperature_c":-9.3,"relative_humidity":79.0,"turbulence_score":0.0,"icing_score":0.365,"convection_score":0.0}},{"type":"Feature","geometry":{"type":"Point","coordinates":[4.0,30.0]},"properties":{"wind_kt":29.5,"wind_from_deg":239.0,"temperature_c":-9.6,"relative_humidity":97.0,"turbulence_score":0.128,"icing_score":0.831,"convection_score":0.0}},{"type":"Feature","geometry":{"type":"Point","coordinates":[8.0,30.0]},"properties":{"wind_kt":9.6,"wind_from_deg":199.0,"temperature_c":-10.8,"relative_humidity":35.0,"turbulence_score":0.0,"icing_score":0.0,"convection_score":0.0}},{"type":"Feature","geometry":{"type":"Point","coordinates":[12.0,30.0]},"properties":{"wind_kt":5.9,"wind_from_deg":334.0,"temperature_c":-10.1,"relative_humidity":30.0,"turbulence_score":0.0,"icing_score":0.0,"convection_score":0.0}},{"type":"Feature","geometry":{"type":"Point","coordinates":[16.0,30.0]},"properties":{"wind_kt":13.5,"wind_from_deg":340.0,"temperature_c":-10.5,"relative_humidity":26.0,"turbulence_score":0.0,"icing_score":0.0,"convection_score":0.0}},{"type":"Feature","geometry":{"type":"Point","coordinates":[20.0,30.0]},"properties":{"wind_kt":14.9,"wind_from_deg":299.0,"temperature_c":-11.0,"relative_humidity":33.0,"turbulence_score":0.0,"icing_score":0.0,"convection_score":0.0}},{"type":"Feature","geometry":{"type":"Point","coordinates":[24.0,30.0]},"properties":{"wind_kt":18.6,"wind_from_deg":264.0,"temperature_c":-10.8,"relative_humidity":7.0,"turbulence_score":0.0,"icing_score":0.0,"convection_score":0.0}},{"type":"Feature","geometry":{"type":"Point","coordinates":[28.0,30.0]},"properties":{"wind_kt":20.8,"wind_from_deg":241.0,"temperature_c":-11.9,"relative_humidity":6.0,"turbulence_score":0.011,"icing_score":0.0,"convection_score":0.0}},{"type":"Feature","geometry":{"type":"Point","coordinates":[32.0,30.0]},"properties":{"wind_kt":22.8,"wind_from_deg":226.0,"temperature_c":-11.2,"relative_humidity":4.0,"turbulence_score":0.021,"icing_score":0.0,"convection_score":0.0}},{"type":"Feature","geometry":{"type":"Point","coordinates":[36.0,30.0]},"properties":{"wind_kt":31.2,"wind_from_deg":221.0,"temperature_c":-10.5,"relative_humidity":47.0,"turbulence_score":0.01,"icing_score":0.0,"convection_score":0.037}},{"type":"Feature","geometry":{"type":"Point","coordinates":[40.0,30.0]},"properties":{"wind_kt":24.8,"wind_from_deg":219.0,"temperature_c":-10.1,"relative_humidity":70.0,"turbulence_score":0.0,"icing_score":0.131,"convection_score":0.013}},{"type":"Feature","geometry":{"type":"Point","coordinates":[44.0,30.0]},"properties":{"wind_kt":23.3,"wind_from_deg":211.0,"temperature_c":-9.4,"relative_humidity":15.0,"turbulence_score":0.023,"icing_score":0.0,"convection_score":0.0}},{"type":"Feature","geometry":{"type":"Point","coordinates":[48.0,30.0]},"properties":{"wind_kt":9.9,"wind_from_deg":206.0,"temperature_c":-7.1,"relative_humidity":12.0,"turbulence_score":0.0,"icing_score":0.0,"convection_score":0.0}},{"type":"Feature","geometry":{"type":"Point","coordinates":[52.0,30.0]},"properties":{"wind_kt":23.0,"wind_from_deg":166.0,"temperature_c":-7.2,"relative_humidity":19.0,"turbulence_score":0.05,"icing_score":0.0,"convection_score":0.0}},{"type":"Feature","geometry":{"type":"Point","coordinates":[56.0,30.0]},"properties":{"wind_kt":4.8,"wind_from_deg":209.0,"temperature_c":-9.2,"relative_humidity":98.0,"turbulence_score":0.0,"icing_score":0.868,"convection_score":0.0}},{"type":"Feature","geometry":{"type":"Point","coordinates":[60.0,30.0]},"properties":{"wind_kt":9.4,"wind_from_deg":331.0,"temperature_c":-6.5,"relative_humidity":13.0,"turbulence_score":0.0,"icing_score":0.0,"convection_score":0.0}},{"type":"Feature","geometry":{"type":"Point","coordinates":[64.0,30.0]},"properties":{"wind_kt":12.5,"wind_from_deg":320.0,"temperature_c":-6.4,"relative_humidity":19.0,"turbulence_score":0.0,"icing_score":0.0,"convection_score":0.0}},{"type":"Feature","geometry":{"type":"Point","coordinates":[68.0,30.0]},"properties":{"wind_kt":14.2,"wind_from_deg":332.0,"temperature_c":-5.1,"relative_humidity":10.0,"turbulence_score":0.0,"icing_score":0.0,"convection_score":0.151}},{"type":"Feature","geometry":{"type":"Point","coordinates":[72.0,30.0]},"properties":{"wind_kt":18.5,"wind_from_deg":338.0,"temperature_c":-5.1,"relative_humidity":5.0,"turbulence_score":0.0,"icing_score":0.0,"convection_score":0.0}},{"type":"Feature","geometry":{"type":"Point","coordinates":[76.0,30.0]},"properties":{"wind_kt":30.0,"wind_from_deg":330.0,"temperature_c":-6.0,"relative_humidity":12.0,"turbulence_score":0.064,"icing_score":0.0,"convection_score":0.016}},{"type":"Feature","geometry":{"type":"Point","coordinates":[80.0,30.0]},"properties":{"wind_kt":21.8,"wind_from_deg":301.0,"temperature_c":-9.4,"relative_humidity":73.0,"turbulence_score":0.146,"icing_score":0.203,"convection_score":0.007}},{"type":"Feature","geometry":{"type":"Point","coordinates":[84.0,30.0]},"properties":{"wind_kt":11.2,"wind_from_deg":262.0,"temperature_c":-7.4,"relative_humidity":97.0,"turbulence_score":0.0,"icing_score":0.886,"convection_score":0.008}},{"type":"Feature","geometry":{"type":"Point","coordinates":[88.0,30.0]},"properties":{"wind_kt":14.0,"wind_from_deg":184.0,"temperature_c":-3.9,"relative_humidity":40.0,"turbulence_score":0.0,"icing_score":0.0,"convection_score":0.0}},{"type":"Feature","geometry":{"type":"Point","coordinates":[92.0,30.0]},"properties":{"wind_kt":8.7,"wind_from_deg":185.0,"temperature_c":-5.1,"relative_humidity":45.0,"turbulence_score":0.0,"icing_score":0.0,"convection_score":0.0}},{"type":"Feature","geometry":{"type":"Point","coordinates":[96.0,30.0]},"properties":{"wind_kt":4.6,"wind_from_deg":214.0,"temperature_c":-9.0,"relative_humidity":69.0,"turbulence_score":0.0,"icing_score":0.1,"convection_score":0.0}},{"type":"Feature","geometry":{"type":"Point","coordinates":[100.0,30.0]},"properties":{"wind_kt":8.5,"wind_from_deg":289.0,"temperature_c":-8.1,"relative_humidity":62.0,"turbulence_score":0.0,"icing_score":0.0,"convection_score":0.0}},{"type":"Feature","geometry":{"type":"Point","coordinates":[104.0,30.0]},"properties":{"wind_kt":14.1,"wind_from_deg":276.0,"temperature_c":-7.7,"relative_humidity":52.0,"turbulence_score":0.0,"icing_score":0.0,"convection_score":0.014}},{"type":"Feature","geometry":{"type":"Point","coordinates":[108.0,30.0]},"properties":{"wind_kt":15.5,"wind_from_deg":259.0,"temperature_c":-9.2,"relative_humidity":76.0,"turbulence_score":0.0,"icing_score":0.288,"convection_score":0.0}},{"type":"Feature","geometry":{"type":"Point","coordinates":[112.0,30.0]},"properties":{"wind_kt":21.6,"wind_from_deg":263.0,"temperature_c":-7.7,"relative_humidity":58.0,"turbulence_score":0.05,"icing_score":0.0,"convection_score":0.0}},{"type":"Feature","geometry":{"type":"Point","coordinates":[116.0,30.0]},"properties":{"wind_kt":15.0,"wind_from_deg":261.0,"temperature_c":-7.7,"relative_humidity":45.0,"turbulence_score":0.0,"icing_score":0.0,"convection_score":0.0}},{"type":"Feature","geometry":{"type":"Point","coordinates":[120.0,30.0]},"properties":{"wind_kt":14.8,"wind_from_deg":269.0,"temperature_c":-7.6,"relative_humidity":40.0,"turbulence_score":0.003,"icing_score":0.0,"convection_score":0.0}},{"type":"Feature","geometry":{"type":"Point","coordinates":[124.0,30.0]},"properties":{"wind_kt":24.7,"wind_from_deg":286.0,"temperature_c":-6.6,"relative_humidity":16.0,"turbulence_score":0.075,"icing_score":0.0,"convection_score":0.001}},{"type":"Feature","geometry":{"type":"Point","coordinates":[128.0,30.0]},"properties":{"wind_kt":22.8,"wind_from_deg":287.0,"temperature_c":-5.8,"relative_humidity":3.0,"turbulence_score":0.016,"icing_score":0.0,"convection_score":0.004}},{"type":"Feature","geometry":{"type":"Point","coordinates":[132.0,30.0]},"properties":{"wind_kt":34.7,"wind_from_deg":267.0,"temperature_c":-3.8,"relative_humidity":13.0,"turbulence_score":0.154,"icing_score":0.0,"convection_score":0.0}},{"type":"Feature","geometry":{"type":"Point","coordinates":[136.0,30.0]},"properties":{"wind_kt":35.0,"wind_from_deg":252.0,"temperature_c":-2.6,"relative_humidity":14.0,"turbulence_score":0.12,"icing_score":0.0,"convection_score":0.0}},{"type":"Feature","geometry":{"type":"Point","coordinates":[140.0,30.0]},"properties":{"wind_kt":25.6,"wind_from_deg":244.0,"temperature_c":-1.9,"relative_humidity":5.0,"turbulence_score":0.027,"icing_score":0.0,"convection_score":0.024}},{"type":"Feature","geometry":{"type":"Point","coordinates":[144.0,30.0]},"properties":{"wind_kt":20.4,"wind_from_deg":219.0,"temperature_c":-1.9,"relative_humidity":19.0,"turbulence_score":0.038,"icing_score":0.0,"convection_score":0.008}},{"type":"Feature","geometry":{"type":"Point","coordinates":[148.0,30.0]},"properties":{"wind_kt":10.9,"wind_from_deg":236.0,"temperature_c":-1.4,"relative_humidity":18.0,"turbulence_score":0.0,"icing_score":0.0,"convection_score":0.002}},{"type":"Feature","geometry":{"type":"Point","coordinates":[152.0,30.0]},"properties":{"wind_kt":5.9,"wind_from_deg":102.0,"temperature_c":-1.7,"relative_humidity":26.0,"turbulence_score":0.0,"icing_score":0.0,"convection_score":0.188}},{"type":"Feature","geometry":{"type":"Point","coordinates":[156.0,30.0]},"properties":{"wind_kt":19.0,"wind_from_deg":72.0,"temperature_c":-1.1,"relative_humidity":12.0,"turbulence_score":0.0,"icing_score":0.0,"convection_score":0.0}},{"type":"Feature","geometry":{"type":"Point","coordinates":[160.0,30.0]},"properties":{"wind_kt":23.1,"wind_from_deg":110.0,"temperature_c":-0.6,"relative_humidity":12.0,"turbulence_score":0.007,"icing_score":0.0,"convection_score":0.28}},{"type":"Feature","geometry":{"type":"Point","coordinates":[164.0,30.0]},"properties":{"wind_kt":24.9,"wind_from_deg":127.0,"temperature_c":-1.4,"relative_humidity":8.0,"turbulence_score":0.0,"icing_score":0.0,"convection_score":0.207}},{"type":"Feature","geometry":{"type":"Point","coordinates":[168.0,30.0]},"properties":{"wind_kt":10.0,"wind_from_deg":105.0,"temperature_c":-1.6,"relative_humidity":6.0,"turbulence_score":0.0,"icing_score":0.0,"convection_score":0.236}},{"type":"Feature","geometry":{"type":"Point","coordinates":[172.0,30.0]},"properties":{"wind_kt":6.8,"wind_from_deg":22.0,"temperature_c":-2.8,"relative_humidity":13.0,"turbulence_score":0.0,"icing_score":0.0,"convection_score":0.058}},{"type":"Feature","geometry":{"type":"Point","coordinates":[176.0,30.0]},"properties":{"wind_kt":18.6,"wind_from_deg":357.0,"temperature_c":-4.1,"relative_humidity":30.0,"turbulence_score":0.0,"icing_score":0.0,"convection_score":0.087}},{"type":"Feature","geometry":{"type":"Point","coordinates":[180.0,30.0]},"properties":{"wind_kt":31.3,"wind_from_deg":325.0,"temperature_c":-5.5,"relative_humidity":7.0,"turbulence_score":0.078,"icing_score":0.0,"convection_score":0.259}},{"type":"Feature","geometry":{"type":"Point","coordinates":[184.0,30.0]},"properties":{"wind_kt":52.8,"wind_from_deg":339.0,"temperature_c":-6.5,"relative_humidity":12.0,"turbulence_score":0.238,"icing_score":0.0,"convection_score":0.009}},{"type":"Feature","geometry":{"type":"Point","coordinates":[188.0,30.0]},"properties":{"wind_kt":53.4,"wind_from_deg":2.0,"temperature_c":-10.7,"relative_humidity":28.0,"turbulence_score":0.226,"icing_score":0.0,"convection_score":0.123}},{"type":"Feature","geometry":{"type":"Point","coordinates":[192.0,30.0]},"properties":{"wind_kt":54.1,"wind_from_deg":360.0,"temperature_c":-11.7,"relative_humidity":6.0,"turbulence_score":0.211,"icing_score":0.0,"convection_score":0.228}},{"type":"Feature","geometry":{"type":"Point","coordinates":[196.0,30.0]},"properties":{"wind_kt":34.7,"wind_from_deg":261.0,"temperature_c":-11.4,"relative_humidity":36.0,"turbulence_score":0.121,"icing_score":0.0,"convection_score":0.126}},{"type":"Feature","geometry":{"type":"Point","coordinates":[200.0,30.0]},"properties":{"wind_kt":38.3,"wind_from_deg":218.0,"temperature_c":-9.4,"relative_humidity":43.0,"turbulence_score":0.155,"icing_score":0.0,"convection_score":0.008}},{"type":"Feature","geometry":{"type":"Point","coordinates":[204.0,30.0]},"properties":{"wind_kt":22.9,"wind_from_deg":188.0,"temperature_c":-7.7,"relative_humidity":18.0,"turbulence_score":0.0,"icing_score":0.0,"convection_score":0.04}},{"type":"Feature","geometry":{"type":"Point","coordinates":[208.0,30.0]},"properties":{"wind_kt":10.5,"wind_from_deg":175.0,"temperature_c":-6.5,"relative_humidity":9.0,"turbulence_score":0.0,"icing_score":0.0,"convection_score":0.009}},{"type":"Feature","geometry":{"type":"Point","coordinates":[212.0,30.0]},"properties":{"wind_kt":4.7,"wind_from_deg":116.0,"temperature_c":-5.3,"relative_humidity":4.0,"turbulence_score":0.0,"icing_score":0.0,"convection_score":0.036}},{"type":"Feature","geometry":{"type":"Point","coordinates":[216.0,30.0]},"properties":{"wind_kt":21.3,"wind_from_deg":27.0,"temperature_c":-4.8,"relative_humidity":4.0,"turbulence_score":0.038,"icing_score":0.0,"convection_score":0.007}},{"type":"Feature","geometry":{"type":"Point","coordinates":[220.0,30.0]},"properties":{"wind_kt":3.8,"wind_from_deg":354.0,"temperature_c":-8.8,"relative_humidity":6.0,"turbulence_score":0.0,"icing_score":0.0,"convection_score":0.173}},{"type":"Feature","geometry":{"type":"Point","coordinates":[224.0,30.0]},"properties":{"wind_kt":37.1,"wind_from_deg":212.0,"temperature_c":-6.6,"relative_humidity":8.0,"turbulence_score":0.146,"icing_score":0.0,"convection_score":0.128}},{"type":"Feature","geometry":{"type":"Point","coordinates":[228.0,30.0]},"properties":{"wind_kt":21.7,"wind_from_deg":211.0,"temperature_c":-3.4,"relative_humidity":4.0,"turbulence_score":0.0,"icing_score":0.0,"convection_score":0.0}},{"type":"Feature","geometry":{"type":"Point","coordinates":[232.0,30.0]},"properties":{"wind_kt":7.5,"wind_from_deg":186.0,"temperature_c":-2.4,"relative_humidity":2.0,"turbulence_score":0.0,"icing_score":0.0,"convection_score":0.0}},{"type":"Feature","geometry":{"type":"Point","coordinates":[236.0,30.0]},"properties":{"wind_kt":10.2,"wind_from_deg":122.0,"temperature_c":-2.1,"relative_humidity":2.0,"turbulence_score":0.0,"icing_score":0.0,"convection_score":0.0}},{"type":"Feature","geometry":{"type":"Point","coordinates":[240.0,30.0]},"properties":{"wind_kt":17.9,"wind_from_deg":86.0,"temperature_c":-2.3,"relative_humidity":4.0,"turbulence_score":0.016,"icing_score":0.0,"convection_score":0.0}},{"type":"Feature","geometry":{"type":"Point","coordinates":[244.0,30.0]},"properties":{"wind_kt":11.1,"wind_from_deg":59.0,"temperature_c":-2.6,"relative_humidity":4.0,"turbulence_score":0.0,"icing_score":0.0,"convection_score":0.0}},{"type":"Feature","geometry":{"type":"Point","coordinates":[248.0,30.0]},"properties":{"wind_kt":8.3,"wind_from_deg":345.0,"temperature_c":-3.3,"relative_humidity":8.0,"turbulence_score":0.0,"icing_score":0.0,"convection_score":0.004}},{"type":"Feature","geometry":{"type":"Point","coordinates":[252.0,30.0]},"properties":{"wind_kt":13.1,"wind_from_deg":270.0,"temperature_c":-6.4,"relative_humidity":63.0,"turbulence_score":0.0,"icing_score":0.0,"convection_score":0.079}},{"type":"Feature","geometry":{"type":"Point","coordinates":[256.0,30.0]},"properties":{"wind_kt":9.8,"wind_from_deg":299.0,"temperature_c":-7.3,"relative_humidity":48.0,"turbulence_score":0.0,"icing_score":0.0,"convection_score":0.0}},{"type":"Feature","geometry":{"type":"Point","coordinates":[260.0,30.0]},"properties":{"wind_kt":3.8,"wind_from_deg":332.0,"temperature_c":-7.3,"relative_humidity":9.0,"turbulence_score":0.0,"icing_score":0.0,"convection_score":0.0}},{"type":"Feature","geometry":{"type":"Point","coordinates":[264.0,30.0]},"properties":{"wind_kt":14.9,"wind_from_deg":333.0,"temperature_c":-7.9,"relative_humidity":6.0,"turbulence_score":0.0,"icing_score":0.0,"convection_score":0.0}},{"type":"Feature","geometry":{"type":"Point","coordinates":[268.0,30.0]},"properties":{"wind_kt":12.8,"wind_from_deg":287.0,"temperature_c":-7.8,"relative_humidity":9.0,"turbulence_score":0.0,"icing_score":0.0,"convection_score":0.12}},{"type":"Feature","geometry":{"type":"Point","coordinates":[272.0,30.0]},"properties":{"wind_kt":15.3,"wind_from_deg":241.0,"temperature_c":-8.5,"relative_humidity":35.0,"turbulence_score":0.0,"icing_score":0.0,"convection_score":0.112}},{"type":"Feature","geometry":{"type":"Point","coordinates":[276.0,30.0]},"properties":{"wind_kt":18.8,"wind_from_deg":257.0,"temperature_c":-6.6,"relative_humidity":30.0,"turbulence_score":0.0,"icing_score":0.0,"convection_score":0.013}},{"type":"Feature","geometry":{"type":"Point","coordinates":[280.0,30.0]},"properties":{"wind_kt":18.0,"wind_from_deg":218.0,"temperature_c":-5.8,"relative_humidity":98.0,"turbulence_score":0.01,"icing_score":0.815,"convection_score":0.138}},{"type":"Feature","geometry":{"type":"Point","coordinates":[284.0,30.0]},"properties":{"wind_kt":23.4,"wind_from_deg":245.0,"temperature_c":-5.7,"relative_humidity":96.0,"turbulence_score":0.0,"icing_score":0.779,"convection_score":0.134}},{"type":"Feature","geometry":{"type":"Point","coordinates":[288.0,30.0]},"properties":{"wind_kt":28.0,"wind_from_deg":234.0,"temperature_c":-5.1,"relative_humidity":28.0,"turbulence_score":0.02,"icing_score":0.0,"convection_score":0.068}},{"type":"Feature","geometry":{"type":"Point","coordinates":[292.0,30.0]},"properties":{"wind_kt":24.4,"wind_from_deg":231.0,"temperature_c":-5.6,"relative_humidity":80.0,"turbulence_score":0.0,"icing_score":0.382,"convection_score":0.628}},{"type":"Feature","geometry":{"type":"Point","coordinates":[296.0,30.0]},"properties":{"wind_kt":22.0,"wind_from_deg":252.0,"temperature_c":-6.3,"relative_humidity":70.0,"turbulence_score":0.0,"icing_score":0.139,"convection_score":0.559}},{"type":"Feature","geometry":{"type":"Point","coordinates":[300.0,30.0]},"properties":{"wind_kt":15.8,"wind_from_deg":279.0,"temperature_c":-6.6,"relative_humidity":80.0,"turbulence_score":0.0,"icing_score":0.383,"convection_score":0.495}},{"type":"Feature","geometry":{"type":"Point","coordinates":[304.0,30.0]},"properties":{"wind_kt":9.2,"wind_from_deg":308.0,"temperature_c":-7.0,"relative_humidity":82.0,"turbulence_score":0.0,"icing_score":0.47,"convection_score":0.34}},{"type":"Feature","geometry":{"type":"Point","coordinates":[308.0,30.0]},"properties":{"wind_kt":14.5,"wind_from_deg":25.0,"temperature_c":-7.0,"relative_humidity":51.0,"turbulence_score":0.0,"icing_score":0.0,"convection_score":0.203}},{"type":"Feature","geometry":{"type":"Point","coordinates":[312.0,30.0]},"properties":{"wind_kt":14.3,"wind_from_deg":19.0,"temperature_c":-8.5,"relative_humidity":40.0,"turbulence_score":0.0,"icing_score":0.0,"convection_score":0.32}},{"type":"Feature","geometry":{"type":"Point","coordinates":[316.0,30.0]},"properties":{"wind_kt":4.9,"wind_from_deg":339.0,"temperature_c":-9.7,"relative_humidity":18.0,"turbulence_score":0.0,"icing_score":0.0,"convection_score":0.3}},{"type":"Feature","geometry":{"type":"Point","coordinates":[320.0,30.0]},"properties":{"wind_kt":7.3,"wind_from_deg":135.0,"temperature_c":-10.0,"relative_humidity":93.0,"turbulence_score":0.0,"icing_score":0.714,"convection_score":0.324}},{"type":"Feature","geometry":{"type":"Point","coordinates":[324.0,30.0]},"properties":{"wind_kt":16.2,"wind_from_deg":123.0,"temperature_c":-10.3,"relative_humidity":88.0,"turbulence_score":0.0,"icing_score":0.58,"convection_score":0.506}},{"type":"Feature","geometry":{"type":"Point","coordinates":[328.0,30.0]},"properties":{"wind_kt":20.1,"wind_from_deg":100.0,"temperature_c":-10.5,"relative_humidity":66.0,"turbulence_score":0.028,"icing_score":0.037,"convection_score":0.39}},{"type":"Feature","geometry":{"type":"Point","coordinates":[332.0,30.0]},"properties":{"wind_kt":19.1,"wind_from_deg":96.0,"temperature_c":-9.5,"relative_humidity":16.0,"turbulence_score":0.005,"icing_score":0.0,"convection_score":0.008}},{"type":"Feature","geometry":{"type":"Point","coordinates":[336.0,30.0]},"properties":{"wind_kt":11.2,"wind_from_deg":35.0,"temperature_c":-8.6,"relative_humidity":8.0,"turbulence_score":0.0,"icing_score":0.0,"convection_score":0.171}},{"type":"Feature","geometry":{"type":"Point","coordinates":[340.0,30.0]},"properties":{"wind_kt":13.2,"wind_from_deg":23.0,"temperature_c":-8.5,"relative_humidity":2.0,"turbulence_score":0.0,"icing_score":0.0,"convection_score":0.002}},{"type":"Feature","geometry":{"type":"Point","coordinates":[344.0,30.0]},"properties":{"wind_kt":22.3,"wind_from_deg":294.0,"temperature_c":-9.8,"relative_humidity":5.0,"turbulence_score":0.0,"icing_score":0.0,"convection_score":0.021}},{"type":"Feature","geometry":{"type":"Point","coordinates":[348.0,30.0]},"properties":{"wind_kt":23.9,"wind_from_deg":253.0,"temperature_c":-11.5,"relative_humidity":42.0,"turbulence_score":0.0,"icing_score":0.0,"convection_score":0.01}},{"type":"Feature","geometry":{"type":"Point","coordinates":[352.0,30.0]},"properties":{"wind_kt":19.9,"wind_from_deg":267.0,"temperature_c":-11.9,"relative_humidity":68.0,"turbulence_score":0.019,"icing_score":0.06,"convection_score":0.019}},{"type":"Feature","geometry":{"type":"Point","coordinates":[356.0,30.0]},"properties":{"wind_kt":13.5,"wind_from_deg":294.0,"temperature_c":-11.1,"relative_humidity":41.0,"turbulence_score":0.0,"icing_score":0.0,"convection_score":0.047}},{"type":"Feature","geometry":{"type":"Point","coordinates":[0.0,26.0]},"properties":{"wind_kt":34.8,"wind_from_deg":268.0,"temperature_c":-7.1,"relative_humidity":96.0,"turbulence_score":0.015,"icing_score":0.851,"convection_score":0.0}},{"type":"Feature","geometry":{"type":"Point","coordinates":[4.0,26.0]},"properties":{"wind_kt":32.0,"wind_from_deg":275.0,"temperature_c":-7.4,"relative_humidity":87.0,"turbulence_score":0.136,"icing_score":0.62,"convection_score":0.0}},{"type":"Feature","geometry":{"type":"Point","coordinates":[8.0,26.0]},"properties":{"wind_kt":10.6,"wind_from_deg":262.0,"temperature_c":-8.1,"relative_humidity":14.0,"turbulence_score":0.0,"icing_score":0.0,"convection_score":0.0}},{"type":"Feature","geometry":{"type":"Point","coordinates":[12.0,26.0]},"properties":{"wind_kt":10.8,"wind_from_deg":318.0,"temperature_c":-8.2,"relative_humidity":14.0,"turbulence_score":0.0,"icing_score":0.0,"convection_score":0.0}},{"type":"Feature","geometry":{"type":"Point","coordinates":[16.0,26.0]},"properties":{"wind_kt":14.0,"wind_from_deg":305.0,"temperature_c":-9.5,"relative_humidity":15.0,"turbulence_score":0.0,"icing_score":0.0,"convection_score":0.0}},{"type":"Feature","geometry":{"type":"Point","coordinates":[20.0,26.0]},"properties":{"wind_kt":17.1,"wind_from_deg":268.0,"temperature_c":-11.1,"relative_humidity":8.0,"turbulence_score":0.014,"icing_score":0.0,"convection_score":0.0}},{"type":"Feature","geometry":{"type":"Point","coordinates":[24.0,26.0]},"properties":{"wind_kt":14.0,"wind_from_deg":257.0,"temperature_c":-10.6,"relative_humidity":8.0,"turbulence_score":0.0,"icing_score":0.0,"convection_score":0.0}},{"type":"Feature","geometry":{"type":"Point","coordinates":[28.0,26.0]},"properties":{"wind_kt":15.2,"wind_from_deg":240.0,"temperature_c":-10.6,"relative_humidity":9.0,"turbulence_score":0.0,"icing_score":0.0,"convection_score":0.0}},{"type":"Feature","geometry":{"type":"Point","coordinates":[32.0,26.0]},"properties":{"wind_kt":29.2,"wind_from_deg":237.0,"temperature_c":-9.1,"relative_humidity":36.0,"turbulence_score":0.032,"icing_score":0.0,"convection_score":0.0}},{"type":"Feature","geometry":{"type":"Point","coordinates":[36.0,26.0]},"properties":{"wind_kt":19.3,"wind_from_deg":212.0,"temperature_c":-7.4,"relative_humidity":8.0,"turbulence_score":0.0,"icing_score":0.0,"convection_score":0.268}},{"type":"Feature","geometry":{"type":"Point","coordinates":[40.0,26.0]},"properties":{"wind_kt":5.2,"wind_from_deg":176.0,"temperature_c":-9.3,"relative_humidity":99.0,"turbulence_score":0.009,"icing_score":0.903,"convection_score":0.005}},{"type":"Feature","geometry":{"type":"Point","coordinates":[44.0,26.0]},"properties":{"wind_kt":21.6,"wind_from_deg":210.0,"temperature_c":-7.4,"relative_humidity":16.0,"turbulence_score":0.055,"icing_score":0.0,"convection_score":0.0}},{"type":"Feature","geometry":{"type":"Point","coordinates":[48.0,26.0]},"properties":{"wind_kt":2.7,"wind_from_deg":172.0,"temperature_c":-5.7,"relative_humidity":6.0,"turbulence_score":0.0,"icing_score":0.0,"convection_score":0.0}},{"type":"Feature","geometry":{"type":"Point","coordinates":[52.0,26.0]},"properties":{"wind_kt":10.5,"wind_from_deg":102.0,"temperature_c":-5.5,"relative_humidity":6.0,"turbulence_score":0.0,"icing_score":0.0,"convection_score":0.7}},{"type":"Feature","geometry":{"type":"Point","coordinates":[56.0,26.0]},"properties":{"wind_kt":17.3,"wind_from_deg":111.0,"temperature_c":-6.8,"relative_humidity":14.0,"turbulence_score":0.0,"icing_score":0.0,"convection_score":0.033}},{"type":"Feature","geometry":{"type":"Point","coordinates":[60.0,26.0]},"properties":{"wind_kt":9.4,"wind_from_deg":65.0,"temperature_c":-6.5,"relative_humidity":13.0,"turbulence_score":0.0,"icing_score":0.0,"convection_score":0.056}},{"type":"Feature","geometry":{"type":"Point","coordinates":[64.0,26.0]},"properties":{"wind_kt":2.8,"wind_from_deg":63.0,"temperature_c":-5.6,"relative_humidity":11.0,"turbulence_score":0.0,"icing_score":0.0,"convection_score":0.22}},{"type":"Feature","geometry":{"type":"Point","coordinates":[68.0,26.0]},"properties":{"wind_kt":12.0,"wind_from_deg":72.0,"temperature_c":-4.4,"relative_humidity":4.0,"turbulence_score":0.0,"icing_score":0.0,"convection_score":0.248}},{"type":"Feature","geometry":{"type":"Point","coordinates":[72.0,26.0]},"properties":{"wind_kt":19.5,"wind_from_deg":28.0,"temperature_c":-5.3,"relative_humidity":5.0,"turbulence_score":0.036,"icing_score":0.0,"convection_score":0.0}},{"type":"Feature","geometry":{"type":"Point","coordinates":[76.0,26.0]},"properties":{"wind_kt":21.2,"wind_from_deg":7.0,"temperature_c":-6.3,"relative_humidity":5.0,"turbulence_score":0.004,"icing_score":0.0,"convection_score":0.0}},{"type":"Feature","geometry":{"type":"Point","coordinates":[80.0,26.0]},"properties":{"wind_kt":18.5,"wind_from_deg":349.0,"temperature_c":-6.8,"relative_humidity":8.0,"turbulence_score":0.0,"icing_score":0.0,"convection_score":0.352}},{"type":"Feature","geometry":{"type":"Point","coordinates":[84.0,26.0]},"properties":{"wind_kt":12.0,"wind_from_deg":315.0,"temperature_c":-7.9,"relative_humidity":42.0,"turbulence_score":0.0,"icing_score":0.0,"convection_score":0.19}},{"type":"Feature","geometry":{"type":"Point","coordinates":[88.0,26.0]},"properties":{"wind_kt":8.2,"wind_from_deg":234.0,"temperature_c":-7.9,"relative_humidity":64.0,"turbulence_score":0.0,"icing_score":0.0,"convection_score":0.286}},{"type":"Feature","geometry":{"type":"Point","coordinates":[92.0,26.0]},"properties":{"wind_kt":16.7,"wind_from_deg":249.0,"temperature_c":-7.5,"relative_humidity":60.0,"turbulence_score":0.003,"icing_score":0.0,"convection_score":0.161}},{"type":"Feature","geometry":{"type":"Point","coordinates":[96.0,26.0]},"properties":{"wind_kt":14.8,"wind_from_deg":266.0,"temperature_c":-6.7,"relative_humidity":50.0,"turbulence_score":0.0,"icing_score":0.0,"convection_score":0.169}},{"type":"Feature","geometry":{"type":"Point","coordinates":[100.0,26.0]},"properties":{"wind_kt":21.3,"wind_from_deg":275.0,"temperature_c":-5.9,"relative_humidity":40.0,"turbulence_score":0.046,"icing_score":0.0,"convection_score":0.0}},{"type":"Feature","geometry":{"type":"Point","coordinates":[104.0,26.0]},"properties":{"wind_kt":19.2,"wind_from_deg":275.0,"temperature_c":-5.3,"relative_humidity":52.0,"turbulence_score":0.0,"icing_score":0.0,"convection_score":0.0}},{"type":"Feature","geometry":{"type":"Point","coordinates":[108.0,26.0]},"properties":{"wind_kt":22.0,"wind_from_deg":262.0,"temperature_c":-5.9,"relative_humidity":44.0,"turbulence_score":0.045,"icing_score":0.0,"convection_score":0.0}},{"type":"Feature","geometry":{"type":"Point","coordinates":[112.0,26.0]},"properties":{"wind_kt":15.3,"wind_from_deg":256.0,"temperature_c":-5.5,"relative_humidity":49.0,"turbulence_score":0.002,"icing_score":0.0,"convection_score":0.0}},{"type":"Feature","geometry":{"type":"Point","coordinates":[116.0,26.0]},"properties":{"wind_kt":14.9,"wind_from_deg":256.0,"temperature_c":-5.6,"relative_humidity":65.0,"turbulence_score":0.013,"icing_score":0.0,"convection_score":0.0}},{"type":"Feature","geometry":{"type":"Point","coordinates":[120.0,26.0]},"properties":{"wind_kt":15.0,"wind_from_deg":280.0,"temperature_c":-4.4,"relative_humidity":42.0,"turbulence_score":0.009,"icing_score":0.0,"convection_score":0.017}},{"type":"Feature","geometry":{"type":"Point","coordinates":[124.0,26.0]},"properties":{"wind_kt":16.7,"wind_from_deg":289.0,"temperature_c":-3.9,"relative_humidity":39.0,"turbulence_score":0.0,"icing_score":0.0,"convection_score":0.016}},{"type":"Feature","geometry":{"type":"Point","coordinates":[128.0,26.0]},"properties":{"wind_kt":13.3,"wind_from_deg":293.0,"temperature_c":-3.8,"relative_humidity":36.0,"turbulence_score":0.0,"icing_score":0.0,"convection_score":0.284}},{"type":"Feature","geometry":{"type":"Point","coordinates":[132.0,26.0]},"properties":{"wind_kt":10.0,"wind_from_deg":293.0,"temperature_c":-3.3,"relative_humidity":32.0,"turbulence_score":0.0,"icing_score":0.0,"convection_score":0.042}},{"type":"Feature","geometry":{"type":"Point","coordinates":[136.0,26.0]},"properties":{"wind_kt":3.6,"wind_from_deg":284.0,"temperature_c":-3.0,"relative_humidity":7.0,"turbulence_score":0.0,"icing_score":0.0,"convection_score":0.151}},{"type":"Feature","geometry":{"type":"Point","coordinates":[140.0,26.0]},"properties":{"wind_kt":5.1,"wind_from_deg":114.0,"temperature_c":-3.3,"relative_humidity":22.0,"turbulence_score":0.0,"icing_score":0.0,"convection_score":0.22}},{"type":"Feature","geometry":{"type":"Point","coordinates":[144.0,26.0]},"properties":{"wind_kt":9.1,"wind_from_deg":122.0,"temperature_c":-2.4,"relative_humidity":18.0,"turbulence_score":0.0,"icing_score":0.0,"convection_score":0.395}},{"type":"Feature","geometry":{"type":"Point","coordinates":[148.0,26.0]},"properties":{"wind_kt":9.3,"wind_from_deg":113.0,"temperature_c":-2.3,"relative_humidity":2.0,"turbulence_score":0.0,"icing_score":0.0,"convection_score":0.357}},{"type":"Feature","geometry":{"type":"Point","coordinates":[152.0,26.0]},"properties":{"wind_kt":22.3,"wind_from_deg":58.0,"temperature_c":-3.0,"relative_humidity":4.0,"turbulence_score":0.021,"icing_score":0.0,"convection_score":0.336}},{"type":"Feature","geometry":{"type":"Point","coordinates":[156.0,26.0]},"properties":{"wind_kt":37.1,"wind_from_deg":53.0,"temperature_c":-2.4,"relative_humidity":61.0,"turbulence_score":0.06,"icing_score":0.0,"convection_score":0.028}},{"type":"Feature","geometry":{"type":"Point","coordinates":[160.0,26.0]},"properties":{"wind_kt":26.7,"wind_from_deg":163.0,"temperature_c":-1.4,"relative_humidity":88.0,"turbulence_score":0.104,"icing_score":0.418,"convection_score":0.35}},{"type":"Feature","geometry":{"type":"Point","coordinates":[164.0,26.0]},"properties":{"wind_kt":23.9,"wind_from_deg":130.0,"temperature_c":-2.0,"relative_humidity":26.0,"turbulence_score":0.0,"icing_score":0.0,"convection_score":0.495}},{"type":"Feature","geometry":{"type":"Point","coordinates":[168.0,26.0]},"properties":{"wind_kt":26.1,"wind_from_deg":111.0,"temperature_c":-2.8,"relative_humidity":9.0,"turbulence_score":0.035,"icing_score":0.0,"convection_score":0.457}},{"type":"Feature","geometry":{"type":"Point","coordinates":[172.0,26.0]},"properties":{"wind_kt":18.1,"wind_from_deg":86.0,"temperature_c":-1.4,"relative_humidity":4.0,"turbulence_score":0.0,"icing_score":0.0,"convection_score":0.164}},{"type":"Feature","geometry":{"type":"Point","coordinates":[176.0,26.0]},"properties":{"wind_kt":15.8,"wind_from_deg":46.0,"temperature_c":-3.6,"relative_humidity":22.0,"turbulence_score":0.0,"icing_score":0.0,"convection_score":0.14}},{"type":"Feature","geometry":{"type":"Point","coordinates":[180.0,26.0]},"properties":{"wind_kt":17.1,"wind_from_deg":22.0,"temperature_c":-4.5,"relative_humidity":4.0,"turbulence_score":0.0,"icing_score":0.0,"convection_score":0.143}},{"type":"Feature","geometry":{"type":"Point","coordinates":[184.0,26.0]},"properties":{"wind_kt":43.6,"wind_from_deg":1.0,"temperature_c":-6.0,"relative_humidity":13.0,"turbulence_score":0.17,"icing_score":0.0,"convection_score":0.095}},{"type":"Feature","geometry":{"type":"Point","coordinates":[188.0,26.0]},"properties":{"wind_kt":49.3,"wind_from_deg":0.0,"temperature_c":-8.6,"relative_humidity":6.0,"turbulence_score":0.168,"icing_score":0.0,"convection_score":0.107}},{"type":"Feature","geometry":{"type":"Point","coordinates":[192.0,26.0]},"properties":{"wind_kt":12.4,"wind_from_deg":309.0,"temperature_c":-13.1,"relative_humidity":35.0,"turbulence_score":0.0,"icing_score":0.0,"convection_score":0.441}},{"type":"Feature","geometry":{"type":"Point","coordinates":[196.0,26.0]},"properties":{"wind_kt":27.8,"wind_from_deg":232.0,"temperature_c":-10.0,"relative_humidity":43.0,"turbulence_score":0.092,"icing_score":0.0,"convection_score":0.112}},{"type":"Feature","geometry":{"type":"Point","coordinates":[200.0,26.0]},"properties":{"wind_kt":17.6,"wind_from_deg":214.0,"temperature_c":-8.3,"relative_humidity":28.0,"turbulence_score":0.012,"icing_score":0.0,"convection_score":0.029}},{"type":"Feature","geometry":{"type":"Point","coordinates":[204.0,26.0]},"properties":{"wind_kt":14.4,"wind_from_deg":192.0,"temperature_c":-6.2,"relative_humidity":6.0,"turbulence_score":0.0,"icing_score":0.0,"convection_score":0.041}},{"type":"Feature","geometry":{"type":"Point","coordinates":[208.0,26.0]},"properties":{"wind_kt":9.6,"wind_from_deg":165.0,"temperature_c":-3.7,"relative_humidity":3.0,"turbulence_score":0.0,"icing_score":0.0,"convection_score":0.015}},{"type":"Feature","geometry":{"type":"Point","coordinates":[212.0,26.0]},"properties":{"wind_kt":9.5,"wind_from_deg":74.0,"temperature_c":-2.2,"relative_humidity":2.0,"turbulence_score":0.0,"icing_score":0.0,"convection_score":0.009}},{"type":"Feature","geometry":{"type":"Point","coordinates":[216.0,26.0]},"properties":{"wind_kt":6.9,"wind_from_deg":291.0,"temperature_c":-1.6,"relative_humidity":2.0,"turbulence_score":0.0,"icing_score":0.0,"convection_score":0.031}},{"type":"Feature","geometry":{"type":"Point","coordinates":[220.0,26.0]},"properties":{"wind_kt":34.6,"wind_from_deg":234.0,"temperature_c":-2.7,"relative_humidity":2.0,"turbulence_score":0.141,"icing_score":0.0,"convection_score":0.114}},{"type":"Feature","geometry":{"type":"Point","coordinates":[224.0,26.0]},"properties":{"wind_kt":24.0,"wind_from_deg":227.0,"temperature_c":-2.8,"relative_humidity":4.0,"turbulence_score":0.085,"icing_score":0.0,"convection_score":0.012}},{"type":"Feature","geometry":{"type":"Point","coordinates":[228.0,26.0]},"properties":{"wind_kt":2.6,"wind_from_deg":259.0,"temperature_c":-2.3,"relative_humidity":1.0,"turbulence_score":0.0,"icing_score":0.0,"convection_score":0.002}},{"type":"Feature","geometry":{"type":"Point","coordinates":[232.0,26.0]},"properties":{"wind_kt":6.8,"wind_from_deg":118.0,"temperature_c":-3.0,"relative_humidity":20.0,"turbulence_score":0.002,"icing_score":0.0,"convection_score":0.0}},{"type":"Feature","geometry":{"type":"Point","coordinates":[236.0,26.0]},"properties":{"wind_kt":21.7,"wind_from_deg":67.0,"temperature_c":-3.4,"relative_humidity":51.0,"turbulence_score":0.0,"icing_score":0.0,"convection_score":0.0}},{"type":"Feature","geometry":{"type":"Point","coordinates":[240.0,26.0]},"properties":{"wind_kt":17.4,"wind_from_deg":107.0,"temperature_c":-3.3,"relative_humidity":14.0,"turbulence_score":0.0,"icing_score":0.0,"convection_score":0.05}},{"type":"Feature","geometry":{"type":"Point","coordinates":[244.0,26.0]},"properties":{"wind_kt":10.7,"wind_from_deg":120.0,"temperature_c":-3.8,"relative_humidity":6.0,"turbulence_score":0.0,"icing_score":0.0,"convection_score":0.078}},{"type":"Feature","geometry":{"type":"Point","coordinates":[248.0,26.0]},"properties":{"wind_kt":5.0,"wind_from_deg":139.0,"temperature_c":-4.0,"relative_humidity":8.0,"turbulence_score":0.0,"icing_score":0.0,"convection_score":0.211}},{"type":"Feature","geometry":{"type":"Point","coordinates":[252.0,26.0]},"properties":{"wind_kt":3.1,"wind_from_deg":192.0,"temperature_c":-4.7,"relative_humidity":63.0,"turbulence_score":0.0,"icing_score":0.0,"convection_score":0.015}},{"type":"Feature","geometry":{"type":"Point","coordinates":[256.0,26.0]},"properties":{"wind_kt":9.9,"wind_from_deg":346.0,"temperature_c":-4.6,"relative_humidity":47.0,"turbulence_score":0.0,"icing_score":0.0,"convection_score":0.0}},{"type":"Feature","geometry":{"type":"Point","coordinates":[260.0,26.0]},"properties":{"wind_kt":9.9,"wind_from_deg":319.0,"temperature_c":-4.3,"relative_humidity":37.0,"turbulence_score":0.0,"icing_score":0.0,"convection_score":0.008}},{"type":"Feature","geometry":{"type":"Point","coordinates":[264.0,26.0]},"properties":{"wind_kt":9.7,"wind_from_deg":347.0,"temperature_c":-5.9,"relative_humidity":56.0,"turbulence_score":0.0,"icing_score":0.0,"convection_score":0.301}},{"type":"Feature","geometry":{"type":"Point","coordinates":[268.0,26.0]},"properties":{"wind_kt":7.8,"wind_from_deg":11.0,"temperature_c":-5.8,"relative_humidity":43.0,"turbulence_score":0.0,"icing_score":0.0,"convection_score":0.254}},{"type":"Feature","geometry":{"type":"Point","coordinates":[272.0,26.0]},"properties":{"wind_kt":20.2,"wind_from_deg":241.0,"temperature_c":-5.2,"relative_humidity":89.0,"turbulence_score":0.015,"icing_score":0.574,"convection_score":0.29}},{"type":"Feature","geometry":{"type":"Point","coordinates":[276.0,26.0]},"properties":{"wind_kt":12.6,"wind_from_deg":249.0,"temperature_c":-4.9,"relative_humidity":79.0,"turbulence_score":0.0,"icing_score":0.333,"convection_score":0.473}},{"type":"Feature","geometry":{"type":"Point","coordinates":[280.0,26.0]},"properties":{"wind_kt":8.8,"wind_from_deg":264.0,"temperature_c":-4.9,"relative_humidity":86.0,"turbulence_score":0.0,"icing_score":0.504,"convection_score":0.336}},{"type":"Feature","geometry":{"type":"Point","coordinates":[284.0,26.0]},"properties":{"wind_kt":12.7,"wind_from_deg":208.0,"temperature_c":-5.0,"relative_humidity":39.0,"turbulence_score":0.0,"icing_score":0.0,"convection_score":0.229}},{"type":"Feature","geometry":{"type":"Point","coordinates":[288.0,26.0]},"properties":{"wind_kt":16.9,"wind_from_deg":211.0,"temperature_c":-5.3,"relative_humidity":49.0,"turbulence_score":0.0,"icing_score":0.0,"convection_score":0.558}},{"type":"Feature","geometry":{"type":"Point","coordinates":[292.0,26.0]},"properties":{"wind_kt":6.5,"wind_from_deg":215.0,"temperature_c":-6.0,"relative_humidity":38.0,"turbulence_score":0.0,"icing_score":0.0,"convection_score":0.656}},{"type":"Feature","geometry":{"type":"Point","coordinates":[296.0,26.0]},"properties":{"wind_kt":2.5,"wind_from_deg":43.0,"temperature_c":-5.9,"relative_humidity":39.0,"turbulence_score":0.0,"icing_score":0.0,"convection_score":0.486}},{"type":"Feature","geometry":{"type":"Point","coordinates":[300.0,26.0]},"properties":{"wind_kt":3.1,"wind_from_deg":99.0,"temperature_c":-5.9,"relative_humidity":25.0,"turbulence_score":0.0,"icing_score":0.0,"convection_score":0.364}},{"type":"Feature","geometry":{"type":"Point","coordinates":[304.0,26.0]},"properties":{"wind_kt":11.3,"wind_from_deg":30.0,"temperature_c":-6.8,"relative_humidity":23.0,"turbulence_score":0.0,"icing_score":0.0,"convection_score":0.231}},{"type":"Feature","geometry":{"type":"Point","coordinates":[308.0,26.0]},"properties":{"wind_kt":11.7,"wind_from_deg":25.0,"temperature_c":-7.7,"relative_humidity":35.0,"turbulence_score":0.0,"icing_score":0.0,"convection_score":0.462}},{"type":"Feature","geometry":{"type":"Point","coordinates":[312.0,26.0]},"properties":{"wind_kt":15.8,"wind_from_deg":8.0,"temperature_c":-8.5,"relative_humidity":44.0,"turbulence_score":0.0,"icing_score":0.0,"convection_score":0.557}},{"type":"Feature","geometry":{"type":"Point","coordinates":[316.0,26.0]},"properties":{"wind_kt":3.1,"wind_from_deg":348.0,"temperature_c":-10.0,"relative_humidity":74.0,"turbulence_score":0.0,"icing_score":0.232,"convection_score":0.625}},{"type":"Feature","geometry":{"type":"Point","coordinates":[320.0,26.0]},"properties":{"wind_kt":5.5,"wind_from_deg":265.0,"temperature_c":-10.1,"relative_humidity":62.0,"turbulence_score":0.0,"icing_score":0.0,"convection_score":0.53}},{"type":"Feature","geometry":{"type":"Point","coordinates":[324.0,26.0]},"properties":{"wind_kt":4.8,"wind_from_deg":209.0,"temperature_c":-9.6,"relative_humidity":25.0,"turbulence_score":0.0,"icing_score":0.0,"convection_score":0.584}},{"type":"Feature","geometry":{"type":"Point","coordinates":[328.0,26.0]},"properties":{"wind_kt":2.8,"wind_from_deg":117.0,"temperature_c":-9.9,"relative_humidity":60.0,"turbulence_score":0.0,"icing_score":0.0,"convection_score":0.22}},{"type":"Feature","geometry":{"type":"Point","coordinates":[332.0,26.0]},"properties":{"wind_kt":7.6,"wind_from_deg":86.0,"temperature_c":-9.3,"relative_humidity":8.0,"turbulence_score":0.0,"icing_score":0.0,"convection_score":0.065}},{"type":"Feature","geometry":{"type":"Point","coordinates":[336.0,26.0]},"properties":{"wind_kt":9.3,"wind_from_deg":95.0,"temperature_c":-9.2,"relative_humidity":19.0,"turbulence_score":0.0,"icing_score":0.0,"convection_score":0.283}},{"type":"Feature","geometry":{"type":"Point","coordinates":[340.0,26.0]},"properties":{"wind_kt":3.2,"wind_from_deg":341.0,"temperature_c":-9.0,"relative_humidity":26.0,"turbulence_score":0.0,"icing_score":0.0,"convection_score":0.178}},{"type":"Feature","geometry":{"type":"Point","coordinates":[344.0,26.0]},"properties":{"wind_kt":21.5,"wind_from_deg":250.0,"temperature_c":-9.2,"relative_humidity":9.0,"turbulence_score":0.079,"icing_score":0.0,"convection_score":0.117}},{"type":"Feature","geometry":{"type":"Point","coordinates":[348.0,26.0]},"properties":{"wind_kt":30.6,"wind_from_deg":254.0,"temperature_c":-9.4,"relative_humidity":14.0,"turbulence_score":0.142,"icing_score":0.0,"convection_score":0.031}},{"type":"Feature","geometry":{"type":"Point","coordinates":[352.0,26.0]},"properties":{"wind_kt":31.3,"wind_from_deg":265.0,"temperature_c":-8.8,"relative_humidity":20.0,"turbulence_score":0.096,"icing_score":0.0,"convection_score":0.0}},{"type":"Feature","geometry":{"type":"Point","coordinates":[356.0,26.0]},"properties":{"wind_kt":32.1,"wind_from_deg":254.0,"temperature_c":-7.1,"relative_humidity":60.0,"turbulence_score":0.049,"icing_score":0.0,"convection_score":0.008}},{"type":"Feature","geometry":{"type":"Point","coordinates":[0.0,22.0]},"properties":{"wind_kt":13.5,"wind_from_deg":253.0,"temperature_c":-7.2,"relative_humidity":73.0,"turbulence_score":0.0,"icing_score":0.229,"convection_score":0.0}},{"type":"Feature","geometry":{"type":"Point","coordinates":[4.0,22.0]},"properties":{"wind_kt":14.5,"wind_from_deg":304.0,"temperature_c":-6.9,"relative_humidity":67.0,"turbulence_score":0.0,"icing_score":0.064,"convection_score":0.0}},{"type":"Feature","geometry":{"type":"Point","coordinates":[8.0,22.0]},"properties":{"wind_kt":19.7,"wind_from_deg":321.0,"temperature_c":-5.8,"relative_humidity":51.0,"turbulence_score":0.0,"icing_score":0.0,"convection_score":0.0}},{"type":"Feature","geometry":{"type":"Point","coordinates":[12.0,22.0]},"properties":{"wind_kt":9.5,"wind_from_deg":303.0,"temperature_c":-7.0,"relative_humidity":6.0,"turbulence_score":0.0,"icing_score":0.0,"convection_score":0.0}},{"type":"Feature","geometry":{"type":"Point","coordinates":[16.0,22.0]},"properties":{"wind_kt":13.7,"wind_from_deg":273.0,"temperature_c":-8.5,"relative_humidity":14.0,"turbulence_score":0.0,"icing_score":0.0,"convection_score":0.0}},{"type":"Feature","geometry":{"type":"Point","coordinates":[20.0,22.0]},"properties":{"wind_kt":17.9,"wind_from_deg":271.0,"temperature_c":-8.1,"relative_humidity":12.0,"turbulence_score":0.0,"icing_score":0.0,"convection_score":0.0}},{"type":"Feature","geometry":{"type":"Point","coordinates":[24.0,22.0]},"properties":{"wind_kt":18.5,"wind_from_deg":253.0,"temperature_c":-8.5,"relative_humidity":7.0,"turbulence_score":0.0,"icing_score":0.0,"convection_score":0.0}},{"type":"Feature","geometry":{"type":"Point","coordinates":[28.0,22.0]},"properties":{"wind_kt":21.5,"wind_from_deg":230.0,"temperature_c":-7.9,"relative_humidity":44.0,"turbulence_score":0.029,"icing_score":0.0,"convection_score":0.0}},{"type":"Feature","geometry":{"type":"Point","coordinates":[32.0,22.0]},"properties":{"wind_kt":15.8,"wind_from_deg":217.0,"temperature_c":-6.6,"relative_humidity":9.0,"turbulence_score":0.0,"icing_score":0.0,"convection_score":0.0}},{"type":"Feature","geometry":{"type":"Point","coordinates":[36.0,22.0]},"properties":{"wind_kt":11.9,"wind_from_deg":192.0,"temperature_c":-5.1,"relative_humidity":9.0,"turbulence_score":0.0,"icing_score":0.0,"convection_score":0.101}},{"type":"Feature","geometry":{"type":"Point","coordinates":[40.0,22.0]},"properties":{"wind_kt":4.0,"wind_from_deg":183.0,"temperature_c":-6.5,"relative_humidity":19.0,"turbulence_score":0.0,"icing_score":0.0,"convection_score":0.603}},{"type":"Feature","geometry":{"type":"Point","coordinates":[44.0,22.0]},"properties":{"wind_kt":16.5,"wind_from_deg":167.0,"temperature_c":-9.1,"relative_humidity":27.0,"turbulence_score":0.0,"icing_score":0.0,"convection_score":0.0}},{"type":"Feature","geometry":{"type":"Point","coordinates":[48.0,22.0]},"properties":{"wind_kt":8.2,"wind_from_deg":85.0,"temperature_c":-7.5,"relative_humidity":17.0,"turbulence_score":0.0,"icing_score":0.0,"convection_score":0.0}},{"type":"Feature","geometry":{"type":"Point","coordinates":[52.0,22.0]},"properties":{"wind_kt":16.1,"wind_from_deg":106.0,"temperature_c":-6.6,"relative_humidity":8.0,"turbulence_score":0.0,"icing_score":0.0,"convection_score":0.0}},{"type":"Feature","geometry":{"type":"Point","coordinates":[56.0,22.0]},"properties":{"wind_kt":14.4,"wind_from_deg":109.0,"temperature_c":-5.9,"relative_humidity":4.0,"turbulence_score":0.0,"icing_score":0.0,"convection_score":0.0}},{"type":"Feature","geometry":{"type":"Point","coordinates":[60.0,22.0]},"properties":{"wind_kt":15.8,"wind_from_deg":85.0,"temperature_c":-5.3,"relative_humidity":8.0,"turbulence_score":0.0,"icing_score":0.0,"convection_score":0.475}},{"type":"Feature","geometry":{"type":"Point","coordinates":[64.0,22.0]},"properties":{"wind_kt":19.2,"wind_from_deg":79.0,"temperature_c":-4.5,"relative_humidity":7.0,"turbulence_score":0.0,"icing_score":0.0,"convection_score":0.483}},{"type":"Feature","geometry":{"type":"Point","coordinates":[68.0,22.0]},"properties":{"wind_kt":13.6,"wind_from_deg":68.0,"temperature_c":-4.0,"relative_humidity":7.0,"turbulence_score":0.0,"icing_score":0.0,"convection_score":0.068}},{"type":"Feature","geometry":{"type":"Point","coordinates":[72.0,22.0]},"properties":{"wind_kt":9.3,"wind_from_deg":13.0,"temperature_c":-4.2,"relative_humidity":8.0,"turbulence_score":0.0,"icing_score":0.0,"convection_score":0.0}},{"type":"Feature","geometry":{"type":"Point","coordinates":[76.0,22.0]},"properties":{"wind_kt":16.8,"wind_from_deg":8.0,"temperature_c":-5.7,"relative_humidity":8.0,"turbulence_score":0.0,"icing_score":0.0,"convection_score":0.0}},{"type":"Feature","geometry":{"type":"Point","coordinates":[80.0,22.0]},"properties":{"wind_kt":18.3,"wind_from_deg":12.0,"temperature_c":-7.0,"relative_humidity":28.0,"turbulence_score":0.0,"icing_score":0.0,"convection_score":0.202}},{"type":"Feature","geometry":{"type":"Point","coordinates":[84.0,22.0]},"properties":{"wind_kt":13.0,"wind_from_deg":257.0,"temperature_c":-6.6,"relative_humidity":14.0,"turbulence_score":0.0,"icing_score":0.0,"convection_score":0.161}},{"type":"Feature","geometry":{"type":"Point","coordinates":[88.0,22.0]},"properties":{"wind_kt":25.6,"wind_from_deg":240.0,"temperature_c":-5.7,"relative_humidity":12.0,"turbulence_score":0.059,"icing_score":0.0,"convection_score":0.269}},{"type":"Feature","geometry":{"type":"Point","coordinates":[92.0,22.0]},"properties":{"wind_kt":21.0,"wind_from_deg":246.0,"temperature_c":-5.8,"relative_humidity":32.0,"turbulence_score":0.015,"icing_score":0.0,"convection_score":0.352}},{"type":"Feature","geometry":{"type":"Point","coordinates":[96.0,22.0]},"properties":{"wind_kt":16.8,"wind_from_deg":272.0,"temperature_c":-5.5,"relative_humidity":38.0,"turbulence_score":0.0,"icing_score":0.0,"convection_score":0.326}},{"type":"Feature","geometry":{"type":"Point","coordinates":[100.0,22.0]},"properties":{"wind_kt":12.3,"wind_from_deg":280.0,"temperature_c":-5.1,"relative_humidity":51.0,"turbulence_score":0.0,"icing_score":0.0,"convection_score":0.005}},{"type":"Feature","geometry":{"type":"Point","coordinates":[104.0,22.0]},"properties":{"wind_kt":10.3,"wind_from_deg":285.0,"temperature_c":-4.1,"relative_humidity":35.0,"turbulence_score":0.0,"icing_score":0.0,"convection_score":0.0}},{"type":"Feature","geometry":{"type":"Point","coordinates":[108.0,22.0]},"properties":{"wind_kt":10.2,"wind_from_deg":262.0,"temperature_c":-4.2,"relative_humidity":56.0,"turbulence_score":0.0,"icing_score":0.0,"convection_score":0.0}},{"type":"Feature","geometry":{"type":"Point","coordinates":[112.0,22.0]},"properties":{"wind_kt":10.9,"wind_from_deg":229.0,"temperature_c":-4.2,"relative_humidity":71.0,"turbulence_score":0.0,"icing_score":0.145,"convection_score":0.0}},{"type":"Feature","geometry":{"type":"Point","coordinates":[116.0,22.0]},"properties":{"wind_kt":3.5,"wind_from_deg":215.0,"temperature_c":-3.9,"relative_humidity":30.0,"turbulence_score":0.0,"icing_score":0.0,"convection_score":0.002}},{"type":"Feature","geometry":{"type":"Point","coordinates":[120.0,22.0]},"properties":{"wind_kt":1.4,"wind_from_deg":240.0,"temperature_c":-4.3,"relative_humidity":33.0,"turbulence_score":0.0,"icing_score":0.0,"convection_score":0.138}},{"type":"Feature","geometry":{"type":"Point","coordinates":[124.0,22.0]},"properties":{"wind_kt":6.2,"wind_from_deg":34.0,"temperature_c":-3.9,"relative_humidity":51.0,"turbulence_score":0.0,"icing_score":0.0,"convection_score":0.053}},{"type":"Feature","geometry":{"type":"Point","coordinates":[128.0,22.0]},"properties":{"wind_kt":10.8,"wind_from_deg":45.0,"temperature_c":-4.4,"relative_humidity":31.0,"turbulence_score":0.0,"icing_score":0.0,"convection_score":0.165}},{"type":"Feature","geometry":{"type":"Point","coordinates":[132.0,22.0]},"properties":{"wind_kt":8.8,"wind_from_deg":81.0,"temperature_c":-3.3,"relative_humidity":7.0,"turbulence_score":0.0,"icing_score":0.0,"convection_score":0.108}},{"type":"Feature","geometry":{"type":"Point","coordinates":[136.0,22.0]},"properties":{"wind_kt":8.3,"wind_from_deg":43.0,"temperature_c":-3.4,"relative_humidity":10.0,"turbulence_score":0.0,"icing_score":0.0,"convection_score":0.444}},{"type":"Feature","geometry":{"type":"Point","coordinates":[140.0,22.0]},"properties":{"wind_kt":17.3,"wind_from_deg":89.0,"temperature_c":-4.4,"relative_humidity":39.0,"turbulence_score":0.0,"icing_score":0.0,"convection_score":0.441}},{"type":"Feature","geometry":{"type":"Point","coordinates":[144.0,22.0]},"properties":{"wind_kt":20.9,"wind_from_deg":105.0,"temperature_c":-3.8,"relative_humidity":14.0,"turbulence_score":0.021,"icing_score":0.0,"convection_score":0.526}},{"type":"Feature","geometry":{"type":"Point","coordinates":[148.0,22.0]},"properties":{"wind_kt":26.1,"wind_from_deg":95.0,"temperature_c":-3.2,"relative_humidity":3.0,"turbulence_score":0.044,"icing_score":0.0,"convection_score":0.494}},{"type":"Feature","geometry":{"type":"Point","coordinates":[152.0,22.0]},"properties":{"wind_kt":22.2,"wind_from_deg":74.0,"temperature_c":-3.3,"relative_humidity":14.0,"turbulence_score":0.0,"icing_score":0.0,"convection_score":0.217}},{"type":"Feature","geometry":{"type":"Point","coordinates":[156.0,22.0]},"properties":{"wind_kt":10.1,"wind_from_deg":70.0,"temperature_c":-1.6,"relative_humidity":6.0,"turbulence_score":0.0,"icing_score":0.0,"convection_score":0.003}},{"type":"Feature","geometry":{"type":"Point","coordinates":[160.0,22.0]},"properties":{"wind_kt":10.6,"wind_from_deg":117.0,"temperature_c":-3.0,"relative_humidity":7.0,"turbulence_score":0.0,"icing_score":0.0,"convection_score":0.122}},{"type":"Feature","geometry":{"type":"Point","coordinates":[164.0,22.0]},"properties":{"wind_kt":23.6,"wind_from_deg":113.0,"temperature_c":-2.7,"relative_humidity":22.0,"turbulence_score":0.0,"icing_score":0.0,"convection_score":0.613}},{"type":"Feature","geometry":{"type":"Point","coordinates":[168.0,22.0]},"properties":{"wind_kt":26.2,"wind_from_deg":92.0,"temperature_c":-3.0,"relative_humidity":36.0,"turbulence_score":0.0,"icing_score":0.0,"convection_score":0.62}},{"type":"Feature","geometry":{"type":"Point","coordinates":[172.0,22.0]},"properties":{"wind_kt":32.7,"wind_from_deg":93.0,"temperature_c":-3.4,"relative_humidity":32.0,"turbulence_score":0.066,"icing_score":0.0,"convection_score":0.488}},{"type":"Feature","geometry":{"type":"Point","coordinates":[176.0,22.0]},"properties":{"wind_kt":35.8,"wind_from_deg":95.0,"temperature_c":-3.5,"relative_humidity":13.0,"turbulence_score":0.122,"icing_score":0.0,"convection_score":0.436}},{"type":"Feature","geometry":{"type":"Point","coordinates":[180.0,22.0]},"properties":{"wind_kt":30.8,"wind_from_deg":76.0,"temperature_c":-4.2,"relative_humidity":9.0,"turbulence_score":0.061,"icing_score":0.0,"convection_score":0.43}},{"type":"Feature","geometry":{"type":"Point","coordinates":[184.0,22.0]},"properties":{"wind_kt":21.7,"wind_from_deg":50.0,"temperature_c":-6.1,"relative_humidity":4.0,"turbulence_score":0.0,"icing_score":0.0,"convection_score":0.381}},{"type":"Feature","geometry":{"type":"Point","coordinates":[188.0,22.0]},"properties":{"wind_kt":47.3,"wind_from_deg":345.0,"temperature_c":-5.9,"relative_humidity":2.0,"turbulence_score":0.221,"icing_score":0.0,"convection_score":0.383}},{"type":"Feature","geometry":{"type":"Point","coordinates":[192.0,22.0]},"properties":{"wind_kt":35.0,"wind_from_deg":278.0,"temperature_c":-9.6,"relative_humidity":35.0,"turbulence_score":0.152,"icing_score":0.0,"convection_score":0.259}},{"type":"Feature","geometry":{"type":"Point","coordinates":[196.0,22.0]},"properties":{"wind_kt":11.8,"wind_from_deg":231.0,"temperature_c":-7.3,"relative_humidity":9.0,"turbulence_score":0.0,"icing_score":0.0,"convection_score":0.0}},{"type":"Feature","geometry":{"type":"Point","coordinates":[200.0,22.0]},"properties":{"wind_kt":23.6,"wind_from_deg":235.0,"temperature_c":-7.4,"relative_humidity":15.0,"turbulence_score":0.035,"icing_score":0.0,"convection_score":0.014}},{"type":"Feature","geometry":{"type":"Point","coordinates":[204.0,22.0]},"properties":{"wind_kt":17.6,"wind_from_deg":240.0,"temperature_c":-5.7,"relative_humidity":4.0,"turbulence_score":0.0,"icing_score":0.0,"convection_score":0.04}},{"type":"Feature","geometry":{"type":"Point","coordinates":[208.0,22.0]},"properties":{"wind_kt":9.7,"wind_from_deg":252.0,"temperature_c":-3.7,"relative_humidity":2.0,"turbulence_score":0.0,"icing_score":0.0,"convection_score":0.035}},{"type":"Feature","geometry":{"type":"Point","coordinates":[212.0,22.0]},"properties":{"wind_kt":18.9,"wind_from_deg":254.0,"temperature_c":-3.5,"relative_humidity":2.0,"turbulence_score":0.025,"icing_score":0.0,"convection_score":0.057}},{"type":"Feature","geometry":{"type":"Point","coordinates":[216.0,22.0]},"properties":{"wind_kt":20.6,"wind_from_deg":245.0,"temperature_c":-4.2,"relative_humidity":5.0,"turbulence_score":0.029,"icing_score":0.0,"convection_score":0.098}},{"type":"Feature","geometry":{"type":"Point","coordinates":[220.0,22.0]},"properties":{"wind_kt":23.5,"wind_from_deg":226.0,"temperature_c":-3.1,"relative_humidity":18.0,"turbulence_score":0.047,"icing_score":0.0,"convection_score":0.304}},{"type":"Feature","geometry":{"type":"Point","coordinates":[224.0,22.0]},"properties":{"wind_kt":11.4,"wind_from_deg":263.0,"temperature_c":-3.4,"relative_humidity":17.0,"turbulence_score":0.0,"icing_score":0.0,"convection_score":0.004}},{"type":"Feature","geometry":{"type":"Point","coordinates":[228.0,22.0]},"properties":{"wind_kt":6.3,"wind_from_deg":332.0,"temperature_c":-2.8,"relative_humidity":4.0,"turbulence_score":0.0,"icing_score":0.0,"convection_score":0.007}},{"type":"Feature","geometry":{"type":"Point","coordinates":[232.0,22.0]},"properties":{"wind_kt":10.3,"wind_from_deg":29.0,"temperature_c":-3.6,"relative_humidity":17.0,"turbulence_score":0.0,"icing_score":0.0,"convection_score":0.0}},{"type":"Feature","geometry":{"type":"Point","coordinates":[236.0,22.0]},"properties":{"wind_kt":24.9,"wind_from_deg":15.0,"temperature_c":-3.8,"relative_humidity":60.0,"turbulence_score":0.0,"icing_score":0.0,"convection_score":0.077}},{"type":"Feature","geometry":{"type":"Point","coordinates":[240.0,22.0]},"properties":{"wind_kt":45.8,"wind_from_deg":159.0,"temperature_c":-2.8,"relative_humidity":98.0,"turbulence_score":0.165,"icing_score":0.664,"convection_score":0.214}},{"type":"Feature","geometry":{"type":"Point","coordinates":[244.0,22.0]},"properties":{"wind_kt":17.1,"wind_from_deg":174.0,"temperature_c":-3.5,"relative_humidity":6.0,"turbulence_score":0.0,"icing_score":0.0,"convection_score":0.226}},{"type":"Feature","geometry":{"type":"Point","coordinates":[248.0,22.0]},"properties":{"wind_kt":11.1,"wind_from_deg":212.0,"temperature_c":-3.2,"relative_humidity":4.0,"turbulence_score":0.0,"icing_score":0.0,"convection_score":0.016}},{"type":"Feature","geometry":{"type":"Point","coordinates":[252.0,22.0]},"properties":{"wind_kt":4.8,"wind_from_deg":24.0,"temperature_c":-3.4,"relative_humidity":52.0,"turbulence_score":0.0,"icing_score":0.0,"convection_score":0.7}},{"type":"Feature","geometry":{"type":"Point","coordinates":[256.0,22.0]},"properties":{"wind_kt":12.0,"wind_from_deg":33.0,"temperature_c":-2.9,"relative_humidity":42.0,"turbulence_score":0.0,"icing_score":0.0,"convection_score":0.016}},{"type":"Feature","geometry":{"type":"Point","coordinates":[260.0,22.0]},"properties":{"wind_kt":9.9,"wind_from_deg":66.0,"temperature_c":-3.5,"relative_humidity":64.0,"turbulence_score":0.0,"icing_score":0.0,"convection_score":0.0}},{"type":"Feature","geometry":{"type":"Point","coordinates":[264.0,22.0]},"properties":{"wind_kt":18.2,"wind_from_deg":348.0,"temperature_c":-3.3,"relative_humidity":97.0,"turbulence_score":0.0,"icing_score":0.679,"convection_score":0.519}},{"type":"Feature","geometry":{"type":"Point","coordinates":[268.0,22.0]},"properties":{"wind_kt":26.0,"wind_from_deg":181.0,"temperature_c":-4.1,"relative_humidity":98.0,"turbulence_score":0.006,"icing_score":0.737,"convection_score":0.507}},{"type":"Feature","geometry":{"type":"Point","coordinates":[272.0,22.0]},"properties":{"wind_kt":7.7,"wind_from_deg":163.0,"temperature_c":-4.5,"relative_humidity":70.0,"turbulence_score":0.0,"icing_score":0.115,"convection_score":0.478}},{"type":"Feature","geometry":{"type":"Point","coordinates":[276.0,22.0]},"properties":{"wind_kt":7.7,"wind_from_deg":32.0,"temperature_c":-4.8,"relative_humidity":76.0,"turbulence_score":0.0,"icing_score":0.268,"convection_score":0.388}},{"type":"Feature","geometry":{"type":"Point","coordinates":[280.0,22.0]},"properties":{"wind_kt":3.5,"wind_from_deg":101.0,"temperature_c":-5.0,"relative_humidity":40.0,"turbulence_score":0.0,"icing_score":0.0,"convection_score":0.113}},{"type":"Feature","geometry":{"type":"Point","coordinates":[284.0,22.0]},"properties":{"wind_kt":8.4,"wind_from_deg":171.0,"temperature_c":-5.7,"relative_humidity":62.0,"turbulence_score":0.0,"icing_score":0.0,"convection_score":0.511}},{"type":"Feature","geometry":{"type":"Point","coordinates":[288.0,22.0]},"properties":{"wind_kt":11.1,"wind_from_deg":141.0,"temperature_c":-5.5,"relative_humidity":43.0,"turbulence_score":0.0,"icing_score":0.0,"convection_score":0.7}},{"type":"Feature","geometry":{"type":"Point","coordinates":[292.0,22.0]},"properties":{"wind_kt":7.4,"wind_from_deg":91.0,"temperature_c":-5.4,"relative_humidity":35.0,"turbulence_score":0.0,"icing_score":0.0,"convection_score":0.545}},{"type":"Feature","geometry":{"type":"Point","coordinates":[296.0,22.0]},"properties":{"wind_kt":7.6,"wind_from_deg":76.0,"temperature_c":-5.3,"relative_humidity":27.0,"turbulence_score":0.0,"icing_score":0.0,"convection_score":0.516}},{"type":"Feature","geometry":{"type":"Point","coordinates":[300.0,22.0]},"properties":{"wind_kt":11.9,"wind_from_deg":58.0,"temperature_c":-5.8,"relative_humidity":18.0,"turbulence_score":0.0,"icing_score":0.0,"convection_score":0.476}},{"type":"Feature","geometry":{"type":"Point","coordinates":[304.0,22.0]},"properties":{"wind_kt":10.2,"wind_from_deg":43.0,"temperature_c":-7.4,"relative_humidity":27.0,"turbulence_score":0.0,"icing_score":0.0,"convection_score":0.502}},{"type":"Feature","geometry":{"type":"Point","coordinates":[308.0,22.0]},"properties":{"wind_kt":11.0,"wind_from_deg":1.0,"temperature_c":-7.9,"relative_humidity":40.0,"turbulence_score":0.0,"icing_score":0.0,"convection_score":0.518}},{"type":"Feature","geometry":{"type":"Point","coordinates":[312.0,22.0]},"properties":{"wind_kt":11.9,"wind_from_deg":327.0,"temperature_c":-8.0,"relative_humidity":41.0,"turbulence_score":0.0,"icing_score":0.0,"convection_score":0.458}},{"type":"Feature","geometry":{"type":"Point","coordinates":[316.0,22.0]},"properties":{"wind_kt":7.9,"wind_from_deg":278.0,"temperature_c":-8.2,"relative_humidity":54.0,"turbulence_score":0.0,"icing_score":0.0,"convection_score":0.486}},{"type":"Feature","geometry":{"type":"Point","coordinates":[320.0,22.0]},"properties":{"wind_kt":7.7,"wind_from_deg":262.0,"temperature_c":-8.6,"relative_humidity":66.0,"turbulence_score":0.0,"icing_score":0.022,"convection_score":0.436}},{"type":"Feature","geometry":{"type":"Point","coordinates":[324.0,22.0]},"properties":{"wind_kt":8.8,"wind_from_deg":264.0,"temperature_c":-8.3,"relative_humidity":65.0,"turbulence_score":0.0,"icing_score":0.011,"convection_score":0.404}},{"type":"Feature","geometry":{"type":"Point","coordinates":[328.0,22.0]},"properties":{"wind_kt":9.4,"wind_from_deg":250.0,"temperature_c":-7.8,"relative_humidity":38.0,"turbulence_score":0.0,"icing_score":0.0,"convection_score":0.508}},{"type":"Feature","geometry":{"type":"Point","coordinates":[332.0,22.0]},"properties":{"wind_kt":12.3,"wind_from_deg":249.0,"temperature_c":-7.0,"relative_humidity":10.0,"turbulence_score":0.0,"icing_score":0.0,"convection_score":0.642}},{"type":"Feature","geometry":{"type":"Point","coordinates":[336.0,22.0]},"properties":{"wind_kt":13.5,"wind_from_deg":242.0,"temperature_c":-7.2,"relative_humidity":9.0,"turbulence_score":0.0,"icing_score":0.0,"convection_score":0.21}},{"type":"Feature","geometry":{"type":"Point","coordinates":[340.0,22.0]},"properties":{"wind_kt":20.2,"wind_from_deg":240.0,"temperature_c":-7.6,"relative_humidity":14.0,"turbulence_score":0.039,"icing_score":0.0,"convection_score":0.166}},{"type":"Feature","geometry":{"type":"Point","coordinates":[344.0,22.0]},"properties":{"wind_kt":21.9,"wind_from_deg":239.0,"temperature_c":-6.8,"relative_humidity":39.0,"turbulence_score":0.0,"icing_score":0.0,"convection_score":0.213}},{"type":"Feature","geometry":{"type":"Point","coordinates":[348.0,22.0]},"properties":{"wind_kt":16.8,"wind_from_deg":254.0,"temperature_c":-7.2,"relative_humidity":73.0,"turbulence_score":0.0,"icing_score":0.224,"convection_score":0.061}},{"type":"Feature","geometry":{"type":"Point","coordinates":[352.0,22.0]},"properties":{"wind_kt":17.6,"wind_from_deg":243.0,"temperature_c":-6.9,"relative_humidity":97.0,"turbulence_score":0.0,"icing_score":0.85,"convection_score":0.018}},{"type":"Feature","geometry":{"type":"Point","coordinates":[356.0,22.0]},"properties":{"wind_kt":21.2,"wind_from_deg":260.0,"temperature_c":-6.5,"relative_humidity":79.0,"turbulence_score":0.0,"icing_score":0.366,"convection_score":0.0}},{"type":"Feature","geometry":{"type":"Point","coordinates":[0.0,18.0]},"properties":{"wind_kt":7.6,"wind_from_deg":139.0,"temperature_c":-6.4,"relative_humidity":36.0,"turbulence_score":0.0,"icing_score":0.0,"convection_score":0.0}},{"type":"Feature","geometry":{"type":"Point","coordinates":[4.0,18.0]},"properties":{"wind_kt":8.2,"wind_from_deg":49.0,"temperature_c":-6.4,"relative_humidity":51.0,"turbulence_score":0.0,"icing_score":0.0,"convection_score":0.0}},{"type":"Feature","geometry":{"type":"Point","coordinates":[8.0,18.0]},"properties":{"wind_kt":12.1,"wind_from_deg":3.0,"temperature_c":-6.6,"relative_humidity":36.0,"turbulence_score":0.0,"icing_score":0.0,"convection_score":0.0}},{"type":"Feature","geometry":{"type":"Point","coordinates":[12.0,18.0]},"properties":{"wind_kt":12.6,"wind_from_deg":286.0,"temperature_c":-7.2,"relative_humidity":7.0,"turbulence_score":0.0,"icing_score":0.0,"convection_score":0.0}},{"type":"Feature","geometry":{"type":"Point","coordinates":[16.0,18.0]},"properties":{"wind_kt":9.9,"wind_from_deg":297.0,"temperature_c":-8.5,"relative_humidity":26.0,"turbulence_score":0.0,"icing_score":0.0,"convection_score":0.0}},{"type":"Feature","geometry":{"type":"Point","coordinates":[20.0,18.0]},"properties":{"wind_kt":9.6,"wind_from_deg":258.0,"temperature_c":-9.3,"relative_humidity":57.0,"turbulence_score":0.0,"icing_score":0.0,"convection_score":0.0}},{"type":"Feature","geometry":{"type":"Point","coordinates":[24.0,18.0]},"properties":{"wind_kt":6.3,"wind_from_deg":231.0,"temperature_c":-7.5,"relative_humidity":48.0,"turbulence_score":0.0,"icing_score":0.0,"convection_score":0.0}},{"type":"Feature","geometry":{"type":"Point","coordinates":[28.0,18.0]},"properties":{"wind_kt":9.5,"wind_from_deg":207.0,"temperature_c":-5.1,"relative_humidity":6.0,"turbulence_score":0.0,"icing_score":0.0,"convection_score":0.0}},{"type":"Feature","geometry":{"type":"Point","coordinates":[32.0,18.0]},"properties":{"wind_kt":9.3,"wind_from_deg":181.0,"temperature_c":-3.6,"relative_humidity":7.0,"turbulence_score":0.0,"icing_score":0.0,"convection_score":0.001}},{"type":"Feature","geometry":{"type":"Point","coordinates":[36.0,18.0]},"properties":{"wind_kt":6.0,"wind_from_deg":158.0,"temperature_c":-4.2,"relative_humidity":12.0,"turbulence_score":0.0,"icing_score":0.0,"convection_score":0.361}},{"type":"Feature","geometry":{"type":"Point","coordinates":[40.0,18.0]},"properties":{"wind_kt":9.9,"wind_from_deg":95.0,"temperature_c":-6.5,"relative_humidity":40.0,"turbulence_score":0.016,"icing_score":0.0,"convection_score":0.7}},{"type":"Feature","geometry":{"type":"Point","coordinates":[44.0,18.0]},"properties":{"wind_kt":16.5,"wind_from_deg":118.0,"temperature_c":-8.8,"relative_humidity":24.0,"turbulence_score":0.0,"icing_score":0.0,"convection_score":0.0}},{"type":"Feature","geometry":{"type":"Point","coordinates":[48.0,18.0]},"properties":{"wind_kt":16.6,"wind_from_deg":84.0,"temperature_c":-7.5,"relative_humidity":22.0,"turbulence_score":0.0,"icing_score":0.0,"convection_score":0.0}},{"type":"Feature","geometry":{"type":"Point","coordinates":[52.0,18.0]},"properties":{"wind_kt":6.0,"wind_from_deg":74.0,"temperature_c":-6.0,"relative_humidity":16.0,"turbulence_score":0.0,"icing_score":0.0,"convection_score":0.0}},{"type":"Feature","geometry":{"type":"Point","coordinates":[56.0,18.0]},"properties":{"wind_kt":10.5,"wind_from_deg":97.0,"temperature_c":-5.0,"relative_humidity":9.0,"turbulence_score":0.0,"icing_score":0.0,"convection_score":0.233}},{"type":"Feature","geometry":{"type":"Point","coordinates":[60.0,18.0]},"properties":{"wind_kt":11.3,"wind_from_deg":74.0,"temperature_c":-2.8,"relative_humidity":2.0,"turbulence_score":0.0,"icing_score":0.0,"convection_score":0.047}},{"type":"Feature","geometry":{"type":"Point","coordinates":[64.0,18.0]},"properties":{"wind_kt":14.7,"wind_from_deg":62.0,"temperature_c":-2.9,"relative_humidity":1.0,"turbulence_score":0.0,"icing_score":0.0,"convection_score":0.0}},{"type":"Feature","geometry":{"type":"Point","coordinates":[68.0,18.0]},"properties":{"wind_kt":9.2,"wind_from_deg":118.0,"temperature_c":-3.3,"relative_humidity":2.0,"turbulence_score":0.0,"icing_score":0.0,"convection_score":0.079}},{"type":"Feature","geometry":{"type":"Point","coordinates":[72.0,18.0]},"properties":{"wind_kt":7.8,"wind_from_deg":98.0,"temperature_c":-2.8,"relative_humidity":4.0,"turbulence_score":0.0,"icing_score":0.0,"convection_score":0.7}},{"type":"Feature","geometry":{"type":"Point","coordinates":[76.0,18.0]},"properties":{"wind_kt":13.5,"wind_from_deg":13.0,"temperature_c":-3.9,"relative_humidity":6.0,"turbulence_score":0.0,"icing_score":0.0,"convection_score":0.0}},{"type":"Feature","geometry":{"type":"Point","coordinates":[80.0,18.0]},"properties":{"wind_kt":13.3,"wind_from_deg":275.0,"temperature_c":-5.5,"relative_humidity":32.0,"turbulence_score":0.0,"icing_score":0.0,"convection_score":0.167}},{"type":"Feature","geometry":{"type":"Point","coordinates":[84.0,18.0]},"properties":{"wind_kt":23.9,"wind_from_deg":238.0,"temperature_c":-4.9,"relative_humidity":36.0,"turbulence_score":0.051,"icing_score":0.0,"convection_score":0.217}},{"type":"Feature","geometry":{"type":"Point","coordinates":[88.0,18.0]},"properties":{"wind_kt":20.1,"wind_from_deg":239.0,"temperature_c":-5.0,"relative_humidity":27.0,"turbulence_score":0.036,"icing_score":0.0,"convection_score":0.054}},{"type":"Feature","geometry":{"type":"Point","coordinates":[92.0,18.0]},"properties":{"wind_kt":8.2,"wind_from_deg":245.0,"temperature_c":-4.9,"relative_humidity":21.0,"turbulence_score":0.0,"icing_score":0.0,"convection_score":0.07}},{"type":"Feature","geometry":{"type":"Point","coordinates":[96.0,18.0]},"properties":{"wind_kt":2.6,"wind_from_deg":316.0,"temperature_c":-5.5,"relative_humidity":56.0,"turbulence_score":0.0,"icing_score":0.0,"convection_score":0.121}},{"type":"Feature","geometry":{"type":"Point","coordinates":[100.0,18.0]},"properties":{"wind_kt":3.9,"wind_from_deg":295.0,"temperature_c":-4.9,"relative_humidity":48.0,"turbulence_score":0.0,"icing_score":0.0,"convection_score":0.087}},{"type":"Feature","geometry":{"type":"Point","coordinates":[104.0,18.0]},"properties":{"wind_kt":1.6,"wind_from_deg":302.0,"temperature_c":-4.7,"relative_humidity":58.0,"turbulence_score":0.0,"icing_score":0.0,"convection_score":0.0}},{"type":"Feature","geometry":{"type":"Point","coordinates":[108.0,18.0]},"properties":{"wind_kt":6.7,"wind_from_deg":63.0,"temperature_c":-4.0,"relative_humidity":79.0,"turbulence_score":0.0,"icing_score":0.303,"convection_score":0.154}},{"type":"Feature","geometry":{"type":"Point","coordinates":[112.0,18.0]},"properties":{"wind_kt":10.0,"wind_from_deg":65.0,"temperature_c":-4.3,"relative_humidity":96.0,"turbulence_score":0.0,"icing_score":0.71,"convection_score":0.462}},{"type":"Feature","geometry":{"type":"Point","coordinates":[116.0,18.0]},"properties":{"wind_kt":11.0,"wind_from_deg":105.0,"temperature_c":-4.1,"relative_humidity":64.0,"turbulence_score":0.0,"icing_score":0.0,"convection_score":0.397}},{"type":"Feature","geometry":{"type":"Point","coordinates":[120.0,18.0]},"properties":{"wind_kt":13.4,"wind_from_deg":90.0,"temperature_c":-4.4,"relative_humidity":74.0,"turbulence_score":0.0,"icing_score":0.215,"convection_score":0.294}},{"type":"Feature","geometry":{"type":"Point","coordinates":[124.0,18.0]},"properties":{"wind_kt":15.9,"wind_from_deg":47.0,"temperature_c":-4.6,"relative_humidity":18.0,"turbulence_score":0.0,"icing_score":0.0,"convection_score":0.207}},{"type":"Feature","geometry":{"type":"Point","coordinates":[128.0,18.0]},"properties":{"wind_kt":18.6,"wind_from_deg":55.0,"temperature_c":-4.5,"relative_humidity":30.0,"turbulence_score":0.0,"icing_score":0.0,"convection_score":0.139}},{"type":"Feature","geometry":{"type":"Point","coordinates":[132.0,18.0]},"properties":{"wind_kt":11.7,"wind_from_deg":64.0,"temperature_c":-3.3,"relative_humidity":57.0,"turbulence_score":0.0,"icing_score":0.0,"convection_score":0.394}},{"type":"Feature","geometry":{"type":"Point","coordinates":[136.0,18.0]},"properties":{"wind_kt":14.1,"wind_from_deg":78.0,"temperature_c":-3.2,"relative_humidity":32.0,"turbulence_score":0.0,"icing_score":0.0,"convection_score":0.319}},{"type":"Feature","geometry":{"type":"Point","coordinates":[140.0,18.0]},"properties":{"wind_kt":17.2,"wind_from_deg":73.0,"temperature_c":-5.0,"relative_humidity":54.0,"turbulence_score":0.0,"icing_score":0.0,"convection_score":0.571}},{"type":"Feature","geometry":{"type":"Point","coordinates":[144.0,18.0]},"properties":{"wind_kt":16.1,"wind_from_deg":89.0,"temperature_c":-5.4,"relative_humidity":26.0,"turbulence_score":0.0,"icing_score":0.0,"convection_score":0.637}},{"type":"Feature","geometry":{"type":"Point","coordinates":[148.0,18.0]},"properties":{"wind_kt":23.0,"wind_from_deg":112.0,"temperature_c":-4.5,"relative_humidity":44.0,"turbulence_score":0.029,"icing_score":0.0,"convection_score":0.357}},{"type":"Feature","geometry":{"type":"Point","coordinates":[152.0,18.0]},"properties":{"wind_kt":17.4,"wind_from_deg":96.0,"temperature_c":-3.2,"relative_humidity":53.0,"turbulence_score":0.0,"icing_score":0.0,"convection_score":0.319}},{"type":"Feature","geometry":{"type":"Point","coordinates":[156.0,18.0]},"properties":{"wind_kt":10.5,"wind_from_deg":67.0,"temperature_c":-2.7,"relative_humidity":4.0,"turbulence_score":0.0,"icing_score":0.0,"convection_score":0.124}},{"type":"Feature","geometry":{"type":"Point","coordinates":[160.0,18.0]},"properties":{"wind_kt":18.8,"wind_from_deg":68.0,"temperature_c":-2.9,"relative_humidity":8.0,"turbulence_score":0.0,"icing_score":0.0,"convection_score":0.355}},{"type":"Feature","geometry":{"type":"Point","coordinates":[164.0,18.0]},"properties":{"wind_kt":13.6,"wind_from_deg":128.0,"temperature_c":-3.4,"relative_humidity":79.0,"turbulence_score":0.028,"icing_score":0.295,"convection_score":0.544}},{"type":"Feature","geometry":{"type":"Point","coordinates":[168.0,18.0]},"properties":{"wind_kt":21.2,"wind_from_deg":102.0,"temperature_c":-4.0,"relative_humidity":78.0,"turbulence_score":0.0,"icing_score":0.294,"convection_score":0.541}},{"type":"Feature","geometry":{"type":"Point","coordinates":[172.0,18.0]},"properties":{"wind_kt":21.6,"wind_from_deg":78.0,"temperature_c":-5.0,"relative_humidity":71.0,"turbulence_score":0.0,"icing_score":0.145,"convection_score":0.22}},{"type":"Feature","geometry":{"type":"Point","coordinates":[176.0,18.0]},"properties":{"wind_kt":12.1,"wind_from_deg":78.0,"temperature_c":-5.4,"relative_humidity":60.0,"turbulence_score":0.0,"icing_score":0.0,"convection_score":0.282}},{"type":"Feature","geometry":{"type":"Point","coordinates":[180.0,18.0]},"properties":{"wind_kt":15.0,"wind_from_deg":44.0,"temperature_c":-5.8,"relative_humidity":33.0,"turbulence_score":0.0,"icing_score":0.0,"convection_score":0.475}},{"type":"Feature","geometry":{"type":"Point","coordinates":[184.0,18.0]},"properties":{"wind_kt":16.3,"wind_from_deg":42.0,"temperature_c":-4.8,"relative_humidity":19.0,"turbulence_score":0.0,"icing_score":0.0,"convection_score":0.054}},{"type":"Feature","geometry":{"type":"Point","coordinates":[188.0,18.0]},"properties":{"wind_kt":23.1,"wind_from_deg":12.0,"temperature_c":-3.2,"relative_humidity":8.0,"turbulence_score":0.052,"icing_score":0.0,"convection_score":0.041}},{"type":"Feature","geometry":{"type":"Point","coordinates":[192.0,18.0]},"properties":{"wind_kt":18.5,"wind_from_deg":311.0,"temperature_c":-4.9,"relative_humidity":8.0,"turbulence_score":0.015,"icing_score":0.0,"convection_score":0.007}},{"type":"Feature","geometry":{"type":"Point","coordinates":[196.0,18.0]},"properties":{"wind_kt":17.1,"wind_from_deg":255.0,"temperature_c":-5.1,"relative_humidity":9.0,"turbulence_score":0.0,"icing_score":0.0,"convection_score":0.133}},{"type":"Feature","geometry":{"type":"Point","coordinates":[200.0,18.0]},"properties":{"wind_kt":20.0,"wind_from_deg":241.0,"temperature_c":-5.5,"relative_humidity":66.0,"turbulence_score":0.004,"icing_score":0.034,"convection_score":0.136}},{"type":"Feature","geometry":{"type":"Point","coordinates":[204.0,18.0]},"properties":{"wind_kt":21.2,"wind_from_deg":253.0,"temperature_c":-4.8,"relative_humidity":19.0,"turbulence_score":0.0,"icing_score":0.0,"convection_score":0.03}},{"type":"Feature","geometry":{"type":"Point","coordinates":[208.0,18.0]},"properties":{"wind_kt":21.0,"wind_from_deg":271.0,"temperature_c":-4.9,"relative_humidity":8.0,"turbulence_score":0.002,"icing_score":0.0,"convection_score":0.024}},{"type":"Feature","geometry":{"type":"Point","coordinates":[212.0,18.0]},"properties":{"wind_kt":18.0,"wind_from_deg":263.0,"temperature_c":-3.9,"relative_humidity":6.0,"turbulence_score":0.015,"icing_score":0.0,"convection_score":0.0}},{"type":"Feature","geometry":{"type":"Point","coordinates":[216.0,18.0]},"properties":{"wind_kt":15.1,"wind_from_deg":253.0,"temperature_c":-2.6,"relative_humidity":3.0,"turbulence_score":0.0,"icing_score":0.0,"convection_score":0.04}},{"type":"Feature","geometry":{"type":"Point","coordinates":[220.0,18.0]},"properties":{"wind_kt":12.4,"wind_from_deg":246.0,"temperature_c":-2.8,"relative_humidity":31.0,"turbulence_score":0.0,"icing_score":0.0,"convection_score":0.095}},{"type":"Feature","geometry":{"type":"Point","coordinates":[224.0,18.0]},"properties":{"wind_kt":6.8,"wind_from_deg":342.0,"temperature_c":-3.3,"relative_humidity":38.0,"turbulence_score":0.0,"icing_score":0.0,"convection_score":0.0}},{"type":"Feature","geometry":{"type":"Point","coordinates":[228.0,18.0]},"properties":{"wind_kt":5.6,"wind_from_deg":341.0,"temperature_c":-2.7,"relative_humidity":12.0,"turbulence_score":0.0,"icing_score":0.0,"convection_score":0.002}},{"type":"Feature","geometry":{"type":"Point","coordinates":[232.0,18.0]},"properties":{"wind_kt":13.5,"wind_from_deg":331.0,"temperature_c":-4.2,"relative_humidity":12.0,"turbulence_score":0.0,"icing_score":0.0,"convection_score":0.087}},{"type":"Feature","geometry":{"type":"Point","coordinates":[236.0,18.0]},"properties":{"wind_kt":15.9,"wind_from_deg":314.0,"temperature_c":-3.8,"relative_humidity":38.0,"turbulence_score":0.0,"icing_score":0.0,"convection_score":0.005}},{"type":"Feature","geometry":{"type":"Point","coordinates":[240.0,18.0]},"properties":{"wind_kt":22.3,"wind_from_deg":241.0,"temperature_c":-3.1,"relative_humidity":26.0,"turbulence_score":0.0,"icing_score":0.0,"convection_score":0.18}},{"type":"Feature","geometry":{"type":"Point","coordinates":[244.0,18.0]},"properties":{"wind_kt":22.2,"wind_from_deg":226.0,"temperature_c":-2.8,"relative_humidity":5.0,"turbulence_score":0.026,"icing_score":0.0,"convection_score":0.005}},{"type":"Feature","geometry":{"type":"Point","coordinates":[248.0,18.0]},"properties":{"wind_kt":2.2,"wind_from_deg":213.0,"temperature_c":-2.7,"relative_humidity":18.0,"turbulence_score":0.0,"icing_score":0.0,"convection_score":0.167}},{"type":"Feature","geometry":{"type":"Point","coordinates":[252.0,18.0]},"properties":{"wind_kt":8.1,"wind_from_deg":354.0,"temperature_c":-3.7,"relative_humidity":59.0,"turbulence_score":0.0,"icing_score":0.0,"convection_score":0.288}},{"type":"Feature","geometry":{"type":"Point","coordinates":[256.0,18.0]},"properties":{"wind_kt":8.8,"wind_from_deg":97.0,"temperature_c":-4.3,"relative_humidity":97.0,"turbulence_score":0.0,"icing_score":0.722,"convection_score":0.287}},{"type":"Feature","geometry":{"type":"Point","coordinates":[260.0,18.0]},"properties":{"wind_kt":5.4,"wind_from_deg":91.0,"temperature_c":-4.3,"relative_humidity":90.0,"turbulence_score":0.0,"icing_score":0.575,"convection_score":0.058}},{"type":"Feature","geometry":{"type":"Point","coordinates":[264.0,18.0]},"properties":{"wind_kt":6.0,"wind_from_deg":231.0,"temperature_c":-3.5,"relative_humidity":85.0,"turbulence_score":0.0,"icing_score":0.423,"convection_score":0.243}},{"type":"Feature","geometry":{"type":"Point","coordinates":[268.0,18.0]},"properties":{"wind_kt":9.0,"wind_from_deg":241.0,"temperature_c":-4.6,"relative_humidity":98.0,"turbulence_score":0.0,"icing_score":0.756,"convection_score":0.326}},{"type":"Feature","geometry":{"type":"Point","coordinates":[272.0,18.0]},"properties":{"wind_kt":4.4,"wind_from_deg":60.0,"temperature_c":-4.1,"relative_humidity":33.0,"turbulence_score":0.0,"icing_score":0.0,"convection_score":0.7}},{"type":"Feature","geometry":{"type":"Point","coordinates":[276.0,18.0]},"properties":{"wind_kt":14.1,"wind_from_deg":27.0,"temperature_c":-5.1,"relative_humidity":31.0,"turbulence_score":0.0,"icing_score":0.0,"convection_score":0.7}},{"type":"Feature","geometry":{"type":"Point","coordinates":[280.0,18.0]},"properties":{"wind_kt":8.5,"wind_from_deg":118.0,"temperature_c":-7.2,"relative_humidity":65.0,"turbulence_score":0.0,"icing_score":0.0,"convection_score":0.7}},{"type":"Feature","geometry":{"type":"Point","coordinates":[284.0,18.0]},"properties":{"wind_kt":15.5,"wind_from_deg":132.0,"temperature_c":-7.1,"relative_humidity":79.0,"turbulence_score":0.004,"icing_score":0.387,"convection_score":0.7}},{"type":"Feature","geometry":{"type":"Point","coordinates":[288.0,18.0]},"properties":{"wind_kt":15.4,"wind_from_deg":113.0,"temperature_c":-4.7,"relative_humidity":29.0,"turbulence_score":0.0,"icing_score":0.0,"convection_score":0.528}},{"type":"Feature","geometry":{"type":"Point","coordinates":[292.0,18.0]},"properties":{"wind_kt":10.9,"wind_from_deg":85.0,"temperature_c":-5.2,"relative_humidity":49.0,"turbulence_score":0.0,"icing_score":0.0,"convection_score":0.539}},{"type":"Feature","geometry":{"type":"Point","coordinates":[296.0,18.0]},"properties":{"wind_kt":8.7,"wind_from_deg":69.0,"temperature_c":-5.7,"relative_humidity":51.0,"turbulence_score":0.0,"icing_score":0.0,"convection_score":0.46}},{"type":"Feature","geometry":{"type":"Point","coordinates":[300.0,18.0]},"properties":{"wind_kt":6.8,"wind_from_deg":8.0,"temperature_c":-5.2,"relative_humidity":31.0,"turbulence_score":0.0,"icing_score":0.0,"convection_score":0.344}},{"type":"Feature","geometry":{"type":"Point","coordinates":[304.0,18.0]},"properties":{"wind_kt":4.4,"wind_from_deg":360.0,"temperature_c":-6.2,"relative_humidity":40.0,"turbulence_score":0.0,"icing_score":0.0,"convection_score":0.303}},{"type":"Feature","geometry":{"type":"Point","coordinates":[308.0,18.0]},"properties":{"wind_kt":1.8,"wind_from_deg":285.0,"temperature_c":-6.9,"relative_humidity":51.0,"turbulence_score":0.0,"icing_score":0.0,"convection_score":0.194}},{"type":"Feature","geometry":{"type":"Point","coordinates":[312.0,18.0]},"properties":{"wind_kt":4.8,"wind_from_deg":315.0,"temperature_c":-6.3,"relative_humidity":34.0,"turbulence_score":0.0,"icing_score":0.0,"convection_score":0.383}},{"type":"Feature","geometry":{"type":"Point","coordinates":[316.0,18.0]},"properties":{"wind_kt":4.3,"wind_from_deg":247.0,"temperature_c":-6.6,"relative_humidity":62.0,"turbulence_score":0.0,"icing_score":0.0,"convection_score":0.263}},{"type":"Feature","geometry":{"type":"Point","coordinates":[320.0,18.0]},"properties":{"wind_kt":2.8,"wind_from_deg":310.0,"temperature_c":-6.1,"relative_humidity":43.0,"turbulence_score":0.0,"icing_score":0.0,"convection_score":0.27}},{"type":"Feature","geometry":{"type":"Point","coordinates":[324.0,18.0]},"properties":{"wind_kt":6.3,"wind_from_deg":226.0,"temperature_c":-6.4,"relative_humidity":56.0,"turbulence_score":0.0,"icing_score":0.0,"convection_score":0.286}},{"type":"Feature","geometry":{"type":"Point","coordinates":[328.0,18.0]},"properties":{"wind_kt":8.0,"wind_from_deg":248.0,"temperature_c":-6.4,"relative_humidity":34.0,"turbulence_score":0.0,"icing_score":0.0,"convection_score":0.483}},{"type":"Feature","geometry":{"type":"Point","coordinates":[332.0,18.0]},"properties":{"wind_kt":17.9,"wind_from_deg":234.0,"temperature_c":-7.0,"relative_humidity":15.0,"turbulence_score":0.007,"icing_score":0.0,"convection_score":0.306}},{"type":"Feature","geometry":{"type":"Point","coordinates":[336.0,18.0]},"properties":{"wind_kt":17.7,"wind_from_deg":222.0,"temperature_c":-6.8,"relative_humidity":87.0,"turbulence_score":0.01,"icing_score":0.589,"convection_score":0.603}},{"type":"Feature","geometry":{"type":"Point","coordinates":[340.0,18.0]},"properties":{"wind_kt":10.4,"wind_from_deg":221.0,"temperature_c":-6.3,"relative_humidity":62.0,"turbulence_score":0.0,"icing_score":0.0,"convection_score":0.483}},{"type":"Feature","geometry":{"type":"Point","coordinates":[344.0,18.0]},"properties":{"wind_kt":8.9,"wind_from_deg":181.0,"temperature_c":-6.1,"relative_humidity":91.0,"turbulence_score":0.0,"icing_score":0.665,"convection_score":0.079}},{"type":"Feature","geometry":{"type":"Point","coordinates":[348.0,18.0]},"properties":{"wind_kt":15.1,"wind_from_deg":201.0,"temperature_c":-5.9,"relative_humidity":70.0,"turbulence_score":0.0,"icing_score":0.129,"convection_score":0.013}},{"type":"Feature","geometry":{"type":"Point","coordinates":[352.0,18.0]},"properties":{"wind_kt":4.5,"wind_from_deg":129.0,"temperature_c":-6.3,"relative_humidity":68.0,"turbulence_score":0.0,"icing_score":0.085,"convection_score":0.0}},{"type":"Feature","geometry":{"type":"Point","coordinates":[356.0,18.0]},"properties":{"wind_kt":3.5,"wind_from_deg":226.0,"temperature_c":-5.8,"relative_humidity":33.0,"turbulence_score":0.0,"icing_score":0.0,"convection_score":0.0}},{"type":"Feature","geometry":{"type":"Point","coordinates":[0.0,14.0]},"properties":{"wind_kt":17.2,"wind_from_deg":98.0,"temperature_c":-5.4,"relative_humidity":21.0,"turbulence_score":0.0,"icing_score":0.0,"convection_score":0.286}},{"type":"Feature","geometry":{"type":"Point","coordinates":[4.0,14.0]},"properties":{"wind_kt":15.2,"wind_from_deg":83.0,"temperature_c":-5.6,"relative_humidity":28.0,"turbulence_score":0.0,"icing_score":0.0,"convection_score":0.0}},{"type":"Feature","geometry":{"type":"Point","coordinates":[8.0,14.0]},"properties":{"wind_kt":8.6,"wind_from_deg":43.0,"temperature_c":-6.1,"relative_humidity":26.0,"turbulence_score":0.0,"icing_score":0.0,"convection_score":0.0}},{"type":"Feature","geometry":{"type":"Point","coordinates":[12.0,14.0]},"properties":{"wind_kt":4.4,"wind_from_deg":127.0,"temperature_c":-7.1,"relative_humidity":59.0,"turbulence_score":0.0,"icing_score":0.0,"convection_score":0.0}},{"type":"Feature","geometry":{"type":"Point","coordinates":[16.0,14.0]},"properties":{"wind_kt":6.2,"wind_from_deg":12.0,"temperature_c":-6.7,"relative_humidity":53.0,"turbulence_score":0.0,"icing_score":0.0,"convection_score":0.01}},{"type":"Feature","geometry":{"type":"Point","coordinates":[20.0,14.0]},"properties":{"wind_kt":2.4,"wind_from_deg":281.0,"temperature_c":-5.9,"relative_humidity":59.0,"turbulence_score":0.0,"icing_score":0.0,"convection_score":0.001}},{"type":"Feature","geometry":{"type":"Point","coordinates":[24.0,14.0]},"properties":{"wind_kt":2.2,"wind_from_deg":9.0,"temperature_c":-4.3,"relative_humidity":8.0,"turbulence_score":0.0,"icing_score":0.0,"convection_score":0.0}},{"type":"Feature","geometry":{"type":"Point","coordinates":[28.0,14.0]},"properties":{"wind_kt":3.2,"wind_from_deg":106.0,"temperature_c":-3.8,"relative_humidity":10.0,"turbulence_score":0.0,"icing_score":0.0,"convection_score":0.0}},{"type":"Feature","geometry":{"type":"Point","coordinates":[32.0,14.0]},"properties":{"wind_kt":4.2,"wind_from_deg":36.0,"temperature_c":-4.8,"relative_humidity":15.0,"turbulence_score":0.0,"icing_score":0.0,"convection_score":0.0}},{"type":"Feature","geometry":{"type":"Point","coordinates":[36.0,14.0]},"properties":{"wind_kt":7.3,"wind_from_deg":45.0,"temperature_c":-4.7,"relative_humidity":40.0,"turbulence_score":0.0,"icing_score":0.0,"convection_score":0.363}},{"type":"Feature","geometry":{"type":"Point","coordinates":[40.0,14.0]},"properties":{"wind_kt":8.6,"wind_from_deg":80.0,"temperature_c":-5.2,"relative_humidity":11.0,"turbulence_score":0.0,"icing_score":0.0,"convection_score":0.0}},{"type":"Feature","geometry":{"type":"Point","coordinates":[44.0,14.0]},"properties":{"wind_kt":15.1,"wind_from_deg":98.0,"temperature_c":-5.0,"relative_humidity":49.0,"turbulence_score":0.0,"icing_score":0.0,"convection_score":0.372}},{"type":"Feature","geometry":{"type":"Point","coordinates":[48.0,14.0]},"properties":{"wind_kt":13.2,"wind_from_deg":114.0,"temperature_c":-6.2,"relative_humidity":19.0,"turbulence_score":0.054,"icing_score":0.0,"convection_score":0.094}},{"type":"Feature","geometry":{"type":"Point","coordinates":[52.0,14.0]},"properties":{"wind_kt":15.0,"wind_from_deg":113.0,"temperature_c":-6.3,"relative_humidity":40.0,"turbulence_score":0.0,"icing_score":0.0,"convection_score":0.23}},{"type":"Feature","geometry":{"type":"Point","coordinates":[56.0,14.0]},"properties":{"wind_kt":10.4,"wind_from_deg":104.0,"temperature_c":-4.7,"relative_humidity":19.0,"turbulence_score":0.0,"icing_score":0.0,"convection_score":0.083}},{"type":"Feature","geometry":{"type":"Point","coordinates":[60.0,14.0]},"properties":{"wind_kt":10.5,"wind_from_deg":79.0,"temperature_c":-4.0,"relative_humidity":9.0,"turbulence_score":0.0,"icing_score":0.0,"convection_score":0.204}},{"type":"Feature","geometry":{"type":"Point","coordinates":[64.0,14.0]},"properties":{"wind_kt":10.3,"wind_from_deg":62.0,"temperature_c":-2.9,"relative_humidity":8.0,"turbulence_score":0.0,"icing_score":0.0,"convection_score":0.16}},{"type":"Feature","geometry":{"type":"Point","coordinates":[68.0,14.0]},"properties":{"wind_kt":11.5,"wind_from_deg":109.0,"temperature_c":-2.9,"relative_humidity":6.0,"turbulence_score":0.0,"icing_score":0.0,"convection_score":0.561}},{"type":"Feature","geometry":{"type":"Point","coordinates":[72.0,14.0]},"properties":{"wind_kt":7.2,"wind_from_deg":85.0,"temperature_c":-3.7,"relative_humidity":14.0,"turbulence_score":0.0,"icing_score":0.0,"convection_score":0.7}},{"type":"Feature","geometry":{"type":"Point","coordinates":[76.0,14.0]},"properties":{"wind_kt":1.5,"wind_from_deg":31.0,"temperature_c":-3.3,"relative_humidity":6.0,"turbulence_score":0.0,"icing_score":0.0,"convection_score":0.034}},{"type":"Feature","geometry":{"type":"Point","coordinates":[80.0,14.0]},"properties":{"wind_kt":8.2,"wind_from_deg":236.0,"temperature_c":-4.4,"relative_humidity":51.0,"turbulence_score":0.0,"icing_score":0.0,"convection_score":0.321}},{"type":"Feature","geometry":{"type":"Point","coordinates":[84.0,14.0]},"properties":{"wind_kt":12.9,"wind_from_deg":210.0,"temperature_c":-4.5,"relative_humidity":58.0,"turbulence_score":0.0,"icing_score":0.0,"convection_score":0.326}},{"type":"Feature","geometry":{"type":"Point","coordinates":[88.0,14.0]},"properties":{"wind_kt":5.4,"wind_from_deg":230.0,"temperature_c":-4.0,"relative_humidity":46.0,"turbulence_score":0.0,"icing_score":0.0,"convection_score":0.43}},{"type":"Feature","geometry":{"type":"Point","coordinates":[92.0,14.0]},"properties":{"wind_kt":4.5,"wind_from_deg":22.0,"temperature_c":-3.5,"relative_humidity":17.0,"turbulence_score":0.0,"icing_score":0.0,"convection_score":0.388}},{"type":"Feature","geometry":{"type":"Point","coordinates":[96.0,14.0]},"properties":{"wind_kt":7.7,"wind_from_deg":35.0,"temperature_c":-4.2,"relative_humidity":20.0,"turbulence_score":0.0,"icing_score":0.0,"convection_score":0.448}},{"type":"Feature","geometry":{"type":"Point","coordinates":[100.0,14.0]},"properties":{"wind_kt":8.6,"wind_from_deg":16.0,"temperature_c":-5.0,"relative_humidity":73.0,"turbulence_score":0.0,"icing_score":0.181,"convection_score":0.045}},{"type":"Feature","geometry":{"type":"Point","coordinates":[104.0,14.0]},"properties":{"wind_kt":9.4,"wind_from_deg":34.0,"temperature_c":-4.7,"relative_humidity":74.0,"turbulence_score":0.0,"icing_score":0.206,"convection_score":0.054}},{"type":"Feature","geometry":{"type":"Point","coordinates":[108.0,14.0]},"properties":{"wind_kt":9.3,"wind_from_deg":88.0,"temperature_c":-4.7,"relative_humidity":90.0,"turbulence_score":0.0,"icing_score":0.592,"convection_score":0.009}},{"type":"Feature","geometry":{"type":"Point","coordinates":[112.0,14.0]},"properties":{"wind_kt":7.6,"wind_from_deg":67.0,"temperature_c":-4.2,"relative_humidity":46.0,"turbulence_score":0.0,"icing_score":0.0,"convection_score":0.571}},{"type":"Feature","geometry":{"type":"Point","coordinates":[116.0,14.0]},"properties":{"wind_kt":12.8,"wind_from_deg":88.0,"temperature_c":-4.2,"relative_humidity":80.0,"turbulence_score":0.0,"icing_score":0.329,"convection_score":0.34}},{"type":"Feature","geometry":{"type":"Point","coordinates":[120.0,14.0]},"properties":{"wind_kt":11.7,"wind_from_deg":63.0,"temperature_c":-4.2,"relative_humidity":63.0,"turbulence_score":0.0,"icing_score":0.0,"convection_score":0.429}},{"type":"Feature","geometry":{"type":"Point","coordinates":[124.0,14.0]},"properties":{"wind_kt":12.3,"wind_from_deg":41.0,"temperature_c":-4.9,"relative_humidity":59.0,"turbulence_score":0.0,"icing_score":0.0,"convection_score":0.367}},{"type":"Feature","geometry":{"type":"Point","coordinates":[128.0,14.0]},"properties":{"wind_kt":14.8,"wind_from_deg":16.0,"temperature_c":-4.5,"relative_humidity":46.0,"turbulence_score":0.0,"icing_score":0.0,"convection_score":0.341}},{"type":"Feature","geometry":{"type":"Point","coordinates":[132.0,14.0]},"properties":{"wind_kt":6.1,"wind_from_deg":72.0,"temperature_c":-3.8,"relative_humidity":65.0,"turbulence_score":0.0,"icing_score":0.004,"convection_score":0.282}},{"type":"Feature","geometry":{"type":"Point","coordinates":[136.0,14.0]},"properties":{"wind_kt":16.9,"wind_from_deg":68.0,"temperature_c":-4.7,"relative_humidity":98.0,"turbulence_score":0.0,"icing_score":0.77,"convection_score":0.357}},{"type":"Feature","geometry":{"type":"Point","coordinates":[140.0,14.0]},"properties":{"wind_kt":15.3,"wind_from_deg":47.0,"temperature_c":-4.5,"relative_humidity":82.0,"turbulence_score":0.0,"icing_score":0.382,"convection_score":0.186}},{"type":"Feature","geometry":{"type":"Point","coordinates":[144.0,14.0]},"properties":{"wind_kt":10.1,"wind_from_deg":70.0,"temperature_c":-5.2,"relative_humidity":78.0,"turbulence_score":0.0,"icing_score":0.323,"convection_score":0.296}},{"type":"Feature","geometry":{"type":"Point","coordinates":[148.0,14.0]},"properties":{"wind_kt":4.1,"wind_from_deg":127.0,"temperature_c":-4.8,"relative_humidity":88.0,"turbulence_score":0.0,"icing_score":0.542,"convection_score":0.273}},{"type":"Feature","geometry":{"type":"Point","coordinates":[152.0,14.0]},"properties":{"wind_kt":3.9,"wind_from_deg":166.0,"temperature_c":-3.9,"relative_humidity":68.0,"turbulence_score":0.0,"icing_score":0.073,"convection_score":0.156}},{"type":"Feature","geometry":{"type":"Point","coordinates":[156.0,14.0]},"properties":{"wind_kt":9.6,"wind_from_deg":52.0,"temperature_c":-4.5,"relative_humidity":75.0,"turbulence_score":0.0,"icing_score":0.223,"convection_score":0.238}},{"type":"Feature","geometry":{"type":"Point","coordinates":[160.0,14.0]},"properties":{"wind_kt":10.3,"wind_from_deg":329.0,"temperature_c":-3.4,"relative_humidity":82.0,"turbulence_score":0.0,"icing_score":0.352,"convection_score":0.102}},{"type":"Feature","geometry":{"type":"Point","coordinates":[164.0,14.0]},"properties":{"wind_kt":27.8,"wind_from_deg":217.0,"temperature_c":-3.3,"relative_humidity":74.0,"turbulence_score":0.007,"icing_score":0.199,"convection_score":0.608}},{"type":"Feature","geometry":{"type":"Point","coordinates":[168.0,14.0]},"properties":{"wind_kt":11.4,"wind_from_deg":234.0,"temperature_c":-4.2,"relative_humidity":72.0,"turbulence_score":0.0,"icing_score":0.149,"convection_score":0.479}},{"type":"Feature","geometry":{"type":"Point","coordinates":[172.0,14.0]},"properties":{"wind_kt":26.7,"wind_from_deg":266.0,"temperature_c":-5.4,"relative_humidity":96.0,"turbulence_score":0.071,"icing_score":0.752,"convection_score":0.376}},{"type":"Feature","geometry":{"type":"Point","coordinates":[176.0,14.0]},"properties":{"wind_kt":5.9,"wind_from_deg":330.0,"temperature_c":-5.2,"relative_humidity":97.0,"turbulence_score":0.0,"icing_score":0.773,"convection_score":0.225}},{"type":"Feature","geometry":{"type":"Point","coordinates":[180.0,14.0]},"properties":{"wind_kt":1.3,"wind_from_deg":228.0,"temperature_c":-5.5,"relative_humidity":82.0,"turbulence_score":0.0,"icing_score":0.422,"convection_score":0.308}},{"type":"Feature","geometry":{"type":"Point","coordinates":[184.0,14.0]},"properties":{"wind_kt":11.3,"wind_from_deg":346.0,"temperature_c":-4.7,"relative_humidity":42.0,"turbulence_score":0.0,"icing_score":0.0,"convection_score":0.136}},{"type":"Feature","geometry":{"type":"Point","coordinates":[188.0,14.0]},"properties":{"wind_kt":11.0,"wind_from_deg":322.0,"temperature_c":-4.0,"relative_humidity":21.0,"turbulence_score":0.0,"icing_score":0.0,"convection_score":0.096}},{"type":"Feature","geometry":{"type":"Point","coordinates":[192.0,14.0]},"properties":{"wind_kt":14.4,"wind_from_deg":291.0,"temperature_c":-3.7,"relative_humidity":14.0,"turbulence_score":0.001,"icing_score":0.0,"convection_score":0.212}},{"type":"Feature","geometry":{"type":"Point","coordinates":[196.0,14.0]},"properties":{"wind_kt":16.2,"wind_from_deg":261.0,"temperature_c":-3.7,"relative_humidity":21.0,"turbulence_score":0.0,"icing_score":0.0,"convection_score":0.303}},{"type":"Feature","geometry":{"type":"Point","coordinates":[200.0,14.0]},"properties":{"wind_kt":13.1,"wind_from_deg":240.0,"temperature_c":-4.2,"relative_humidity":52.0,"turbulence_score":0.0,"icing_score":0.0,"convection_score":0.251}},{"type":"Feature","geometry":{"type":"Point","coordinates":[204.0,14.0]},"properties":{"wind_kt":11.1,"wind_from_deg":238.0,"temperature_c":-4.2,"relative_humidity":58.0,"turbulence_score":0.0,"icing_score":0.0,"convection_score":0.167}},{"type":"Feature","geometry":{"type":"Point","coordinates":[208.0,14.0]},"properties":{"wind_kt":12.7,"wind_from_deg":247.0,"temperature_c":-4.9,"relative_humidity":80.0,"turbulence_score":0.0,"icing_score":0.366,"convection_score":0.062}},{"type":"Feature","geometry":{"type":"Point","coordinates":[212.0,14.0]},"properties":{"wind_kt":10.0,"wind_from_deg":282.0,"temperature_c":-3.0,"relative_humidity":20.0,"turbulence_score":0.0,"icing_score":0.0,"convection_score":0.004}},{"type":"Feature","geometry":{"type":"Point","coordinates":[216.0,14.0]},"properties":{"wind_kt":16.8,"wind_from_deg":215.0,"temperature_c":-3.5,"relative_humidity":73.0,"turbulence_score":0.009,"icing_score":0.179,"convection_score":0.146}},{"type":"Feature","geometry":{"type":"Point","coordinates":[220.0,14.0]},"properties":{"wind_kt":6.7,"wind_from_deg":302.0,"temperature_c":-3.8,"relative_humidity":67.0,"turbulence_score":0.0,"icing_score":0.053,"convection_score":0.308}},{"type":"Feature","geometry":{"type":"Point","coordinates":[224.0,14.0]},"properties":{"wind_kt":10.6,"wind_from_deg":359.0,"temperature_c":-3.7,"relative_humidity":30.0,"turbulence_score":0.0,"icing_score":0.0,"convection_score":0.177}},{"type":"Feature","geometry":{"type":"Point","coordinates":[228.0,14.0]},"properties":{"wind_kt":7.8,"wind_from_deg":338.0,"temperature_c":-3.7,"relative_humidity":33.0,"turbulence_score":0.0,"icing_score":0.0,"convection_score":0.004}},{"type":"Feature","geometry":{"type":"Point","coordinates":[232.0,14.0]},"properties":{"wind_kt":5.3,"wind_from_deg":302.0,"temperature_c":-3.3,"relative_humidity":14.0,"turbulence_score":0.0,"icing_score":0.0,"convection_score":0.001}},{"type":"Feature","geometry":{"type":"Point","coordinates":[236.0,14.0]},"properties":{"wind_kt":6.5,"wind_from_deg":278.0,"temperature_c":-3.8,"relative_humidity":9.0,"turbulence_score":0.0,"icing_score":0.0,"convection_score":0.002}},{"type":"Feature","geometry":{"type":"Point","coordinates":[240.0,14.0]},"properties":{"wind_kt":9.3,"wind_from_deg":245.0,"temperature_c":-3.4,"relative_humidity":7.0,"turbulence_score":0.0,"icing_score":0.0,"convection_score":0.001}},{"type":"Feature","geometry":{"type":"Point","coordinates":[244.0,14.0]},"properties":{"wind_kt":10.4,"wind_from_deg":227.0,"temperature_c":-3.2,"relative_humidity":32.0,"turbulence_score":0.0,"icing_score":0.0,"convection_score":0.043}},{"type":"Feature","geometry":{"type":"Point","coordinates":[248.0,14.0]},"properties":{"wind_kt":9.0,"wind_from_deg":282.0,"temperature_c":-3.6,"relative_humidity":61.0,"turbulence_score":0.0,"icing_score":0.0,"convection_score":0.217}},{"type":"Feature","geometry":{"type":"Point","coordinates":[252.0,14.0]},"properties":{"wind_kt":5.5,"wind_from_deg":4.0,"temperature_c":-3.4,"relative_humidity":72.0,"turbulence_score":0.0,"icing_score":0.154,"convection_score":0.499}},{"type":"Feature","geometry":{"type":"Point","coordinates":[256.0,14.0]},"properties":{"wind_kt":15.0,"wind_from_deg":16.0,"temperature_c":-4.1,"relative_humidity":98.0,"turbulence_score":0.0,"icing_score":0.748,"convection_score":0.234}},{"type":"Feature","geometry":{"type":"Point","coordinates":[260.0,14.0]},"properties":{"wind_kt":18.6,"wind_from_deg":118.0,"temperature_c":-2.7,"relative_humidity":84.0,"turbulence_score":0.005,"icing_score":0.374,"convection_score":0.186}},{"type":"Feature","geometry":{"type":"Point","coordinates":[264.0,14.0]},"properties":{"wind_kt":9.3,"wind_from_deg":159.0,"temperature_c":-3.8,"relative_humidity":84.0,"turbulence_score":0.0,"icing_score":0.415,"convection_score":0.563}},{"type":"Feature","geometry":{"type":"Point","coordinates":[268.0,14.0]},"properties":{"wind_kt":4.5,"wind_from_deg":160.0,"temperature_c":-4.1,"relative_humidity":83.0,"turbulence_score":0.0,"icing_score":0.397,"convection_score":0.406}},{"type":"Feature","geometry":{"type":"Point","coordinates":[272.0,14.0]},"properties":{"wind_kt":9.4,"wind_from_deg":34.0,"temperature_c":-4.9,"relative_humidity":74.0,"turbulence_score":0.0,"icing_score":0.213,"convection_score":0.219}},{"type":"Feature","geometry":{"type":"Point","coordinates":[276.0,14.0]},"properties":{"wind_kt":8.1,"wind_from_deg":346.0,"temperature_c":-5.6,"relative_humidity":42.0,"turbulence_score":0.0,"icing_score":0.0,"convection_score":0.688}},{"type":"Feature","geometry":{"type":"Point","coordinates":[280.0,14.0]},"properties":{"wind_kt":2.1,"wind_from_deg":216.0,"temperature_c":-7.0,"relative_humidity":55.0,"turbulence_score":0.0,"icing_score":0.0,"convection_score":0.7}},{"type":"Feature","geometry":{"type":"Point","coordinates":[284.0,14.0]},"properties":{"wind_kt":7.3,"wind_from_deg":242.0,"temperature_c":-6.8,"relative_humidity":99.0,"turbulence_score":0.0,"icing_score":0.894,"convection_score":0.7}},{"type":"Feature","geometry":{"type":"Point","coordinates":[288.0,14.0]},"properties":{"wind_kt":8.3,"wind_from_deg":140.0,"temperature_c":-5.9,"relative_humidity":78.0,"turbulence_score":0.0,"icing_score":0.34,"convection_score":0.7}},{"type":"Feature","geometry":{"type":"Point","coordinates":[292.0,14.0]},"properties":{"wind_kt":6.8,"wind_from_deg":122.0,"temperature_c":-5.1,"relative_humidity":41.0,"turbulence_score":0.0,"icing_score":0.0,"convection_score":0.695}},{"type":"Feature","geometry":{"type":"Point","coordinates":[296.0,14.0]},"properties":{"wind_kt":8.3,"wind_from_deg":69.0,"temperature_c":-5.4,"relative_humidity":91.0,"turbulence_score":0.0,"icing_score":0.627,"convection_score":0.7}},{"type":"Feature","geometry":{"type":"Point","coordinates":[300.0,14.0]},"properties":{"wind_kt":4.4,"wind_from_deg":118.0,"temperature_c":-6.0,"relative_humidity":89.0,"turbulence_score":0.0,"icing_score":0.598,"convection_score":0.332}},{"type":"Feature","geometry":{"type":"Point","coordinates":[304.0,14.0]},"properties":{"wind_kt":4.3,"wind_from_deg":271.0,"temperature_c":-5.5,"relative_humidity":97.0,"turbulence_score":0.0,"icing_score":0.79,"convection_score":0.276}},{"type":"Feature","geometry":{"type":"Point","coordinates":[308.0,14.0]},"properties":{"wind_kt":2.7,"wind_from_deg":221.0,"temperature_c":-5.9,"relative_humidity":80.0,"turbulence_score":0.0,"icing_score":0.379,"convection_score":0.226}},{"type":"Feature","geometry":{"type":"Point","coordinates":[312.0,14.0]},"properties":{"wind_kt":3.5,"wind_from_deg":295.0,"temperature_c":-4.8,"relative_humidity":18.0,"turbulence_score":0.0,"icing_score":0.0,"convection_score":0.17}},{"type":"Feature","geometry":{"type":"Point","coordinates":[316.0,14.0]},"properties":{"wind_kt":4.1,"wind_from_deg":314.0,"temperature_c":-5.0,"relative_humidity":16.0,"turbulence_score":0.0,"icing_score":0.0,"convection_score":0.0}},{"type":"Feature","geometry":{"type":"Point","coordinates":[320.0,14.0]},"properties":{"wind_kt":4.4,"wind_from_deg":284.0,"temperature_c":-4.4,"relative_humidity":10.0,"turbulence_score":0.0,"icing_score":0.0,"convection_score":0.206}},{"type":"Feature","geometry":{"type":"Point","coordinates":[324.0,14.0]},"properties":{"wind_kt":14.7,"wind_from_deg":226.0,"temperature_c":-5.2,"relative_humidity":44.0,"turbulence_score":0.0,"icing_score":0.0,"convection_score":0.349}},{"type":"Feature","geometry":{"type":"Point","coordinates":[328.0,14.0]},"properties":{"wind_kt":12.9,"wind_from_deg":269.0,"temperature_c":-5.7,"relative_humidity":65.0,"turbulence_score":0.0,"icing_score":0.0,"convection_score":0.274}},{"type":"Feature","geometry":{"type":"Point","coordinates":[332.0,14.0]},"properties":{"wind_kt":2.3,"wind_from_deg":186.0,"temperature_c":-5.5,"relative_humidity":86.0,"turbulence_score":0.0,"icing_score":0.508,"convection_score":0.372}},{"type":"Feature","geometry":{"type":"Point","coordinates":[336.0,14.0]},"properties":{"wind_kt":9.9,"wind_from_deg":113.0,"temperature_c":-5.0,"relative_humidity":67.0,"turbulence_score":0.0,"icing_score":0.05,"convection_score":0.311}},{"type":"Feature","geometry":{"type":"Point","coordinates":[340.0,14.0]},"properties":{"wind_kt":8.9,"wind_from_deg":93.0,"temperature_c":-4.8,"relative_humidity":70.0,"turbulence_score":0.0,"icing_score":0.115,"convection_score":0.429}},{"type":"Feature","geometry":{"type":"Point","coordinates":[344.0,14.0]},"properties":{"wind_kt":12.3,"wind_from_deg":137.0,"temperature_c":-5.2,"relative_humidity":88.0,"turbulence_score":0.0,"icing_score":0.549,"convection_score":0.719}},{"type":"Feature","geometry":{"type":"Point","coordinates":[348.0,14.0]},"properties":{"wind_kt":16.1,"wind_from_deg":126.0,"temperature_c":-5.4,"relative_humidity":74.0,"turbulence_score":0.002,"icing_score":0.217,"convection_score":0.61}},{"type":"Feature","geometry":{"type":"Point","coordinates":[352.0,14.0]},"properties":{"wind_kt":10.3,"wind_from_deg":87.0,"temperature_c":-5.2,"relative_humidity":52.0,"turbulence_score":0.0,"icing_score":0.0,"convection_score":0.243}},{"type":"Feature","geometry":{"type":"Point","coordinates":[356.0,14.0]},"properties":{"wind_kt":15.4,"wind_from_deg":104.0,"temperature_c":-4.8,"relative_humidity":26.0,"turbulence_score":0.0,"icing_score":0.0,"convection_score":0.18}},{"type":"Feature","geometry":{"type":"Point","coordinates":[0.0,10.0]},"properties":{"wind_kt":21.3,"wind_from_deg":90.0,"temperature_c":-4.9,"relative_humidity":54.0,"turbulence_score":0.0,"icing_score":0.0,"convection_score":0.72}},{"type":"Feature","geometry":{"type":"Point","coordinates":[4.0,10.0]},"properties":{"wind_kt":19.7,"wind_from_deg":66.0,"temperature_c":-5.7,"relative_humidity":50.0,"turbulence_score":0.0,"icing_score":0.0,"convection_score":0.7}},{"type":"Feature","geometry":{"type":"Point","coordinates":[8.0,10.0]},"properties":{"wind_kt":17.7,"wind_from_deg":64.0,"temperature_c":-5.1,"relative_humidity":30.0,"turbulence_score":0.0,"icing_score":0.0,"convection_score":0.7}},{"type":"Feature","geometry":{"type":"Point","coordinates":[12.0,10.0]},"properties":{"wind_kt":12.8,"wind_from_deg":91.0,"temperature_c":-3.8,"relative_humidity":41.0,"turbulence_score":0.0,"icing_score":0.0,"convection_score":0.578}},{"type":"Feature","geometry":{"type":"Point","coordinates":[16.0,10.0]},"properties":{"wind_kt":1.1,"wind_from_deg":172.0,"temperature_c":-5.2,"relative_humidity":78.0,"turbulence_score":0.003,"icing_score":0.309,"convection_score":0.7}},{"type":"Feature","geometry":{"type":"Point","coordinates":[20.0,10.0]},"properties":{"wind_kt":7.0,"wind_from_deg":85.0,"temperature_c":-5.0,"relative_humidity":73.0,"turbulence_score":0.006,"icing_score":0.197,"convection_score":0.7}},{"type":"Feature","geometry":{"type":"Point","coordinates":[24.0,10.0]},"properties":{"wind_kt":7.0,"wind_from_deg":88.0,"temperature_c":-4.2,"relative_humidity":54.0,"turbulence_score":0.0,"icing_score":0.0,"convection_score":0.014}},{"type":"Feature","geometry":{"type":"Point","coordinates":[28.0,10.0]},"properties":{"wind_kt":11.0,"wind_from_deg":37.0,"temperature_c":-4.0,"relative_humidity":10.0,"turbulence_score":0.0,"icing_score":0.0,"convection_score":0.135}},{"type":"Feature","geometry":{"type":"Point","coordinates":[32.0,10.0]},"properties":{"wind_kt":11.9,"wind_from_deg":71.0,"temperature_c":-4.2,"relative_humidity":45.0,"turbulence_score":0.0,"icing_score":0.0,"convection_score":0.409}},{"type":"Feature","geometry":{"type":"Point","coordinates":[36.0,10.0]},"properties":{"wind_kt":15.1,"wind_from_deg":75.0,"temperature_c":-4.5,"relative_humidity":70.0,"turbulence_score":0.0,"icing_score":0.106,"convection_score":0.7}},{"type":"Feature","geometry":{"type":"Point","coordinates":[40.0,10.0]},"properties":{"wind_kt":6.1,"wind_from_deg":72.0,"temperature_c":-5.2,"relative_humidity":20.0,"turbulence_score":0.0,"icing_score":0.0,"convection_score":0.001}},{"type":"Feature","geometry":{"type":"Point","coordinates":[44.0,10.0]},"properties":{"wind_kt":5.2,"wind_from_deg":87.0,"temperature_c":-5.9,"relative_humidity":19.0,"turbulence_score":0.0,"icing_score":0.0,"convection_score":0.056}},{"type":"Feature","geometry":{"type":"Point","coordinates":[48.0,10.0]},"properties":{"wind_kt":8.6,"wind_from_deg":113.0,"temperature_c":-4.2,"relative_humidity":10.0,"turbulence_score":0.0,"icing_score":0.0,"convection_score":0.033}},{"type":"Feature","geometry":{"type":"Point","coordinates":[52.0,10.0]},"properties":{"wind_kt":8.9,"wind_from_deg":107.0,"temperature_c":-4.9,"relative_humidity":25.0,"turbulence_score":0.0,"icing_score":0.0,"convection_score":0.454}},{"type":"Feature","geometry":{"type":"Point","coordinates":[56.0,10.0]},"properties":{"wind_kt":13.8,"wind_from_deg":88.0,"temperature_c":-4.9,"relative_humidity":54.0,"turbulence_score":0.0,"icing_score":0.0,"convection_score":0.428}},{"type":"Feature","geometry":{"type":"Point","coordinates":[60.0,10.0]},"properties":{"wind_kt":14.7,"wind_from_deg":91.0,"temperature_c":-4.9,"relative_humidity":47.0,"turbulence_score":0.0,"icing_score":0.0,"convection_score":0.539}},{"type":"Feature","geometry":{"type":"Point","coordinates":[64.0,10.0]},"properties":{"wind_kt":8.3,"wind_from_deg":89.0,"temperature_c":-4.2,"relative_humidity":38.0,"turbulence_score":0.0,"icing_score":0.0,"convection_score":0.613}},{"type":"Feature","geometry":{"type":"Point","coordinates":[68.0,10.0]},"properties":{"wind_kt":4.7,"wind_from_deg":79.0,"temperature_c":-4.2,"relative_humidity":42.0,"turbulence_score":0.0,"icing_score":0.0,"convection_score":0.613}},{"type":"Feature","geometry":{"type":"Point","coordinates":[72.0,10.0]},"properties":{"wind_kt":7.2,"wind_from_deg":99.0,"temperature_c":-4.1,"relative_humidity":34.0,"turbulence_score":0.0,"icing_score":0.0,"convection_score":0.443}},{"type":"Feature","geometry":{"type":"Point","coordinates":[76.0,10.0]},"properties":{"wind_kt":9.3,"wind_from_deg":135.0,"temperature_c":-4.5,"relative_humidity":80.0,"turbulence_score":0.0,"icing_score":0.346,"convection_score":0.633}},{"type":"Feature","geometry":{"type":"Point","coordinates":[80.0,10.0]},"properties":{"wind_kt":10.7,"wind_from_deg":125.0,"temperature_c":-3.3,"relative_humidity":52.0,"turbulence_score":0.0,"icing_score":0.0,"convection_score":0.655}},{"type":"Feature","geometry":{"type":"Point","coordinates":[84.0,10.0]},"properties":{"wind_kt":8.7,"wind_from_deg":138.0,"temperature_c":-3.6,"relative_humidity":65.0,"turbulence_score":0.0,"icing_score":0.006,"convection_score":0.582}},{"type":"Feature","geometry":{"type":"Point","coordinates":[88.0,10.0]},"properties":{"wind_kt":7.1,"wind_from_deg":61.0,"temperature_c":-3.2,"relative_humidity":52.0,"turbulence_score":0.0,"icing_score":0.0,"convection_score":0.481}},{"type":"Feature","geometry":{"type":"Point","coordinates":[92.0,10.0]},"properties":{"wind_kt":10.2,"wind_from_deg":57.0,"temperature_c":-3.5,"relative_humidity":40.0,"turbulence_score":0.0,"icing_score":0.0,"convection_score":0.319}},{"type":"Feature","geometry":{"type":"Point","coordinates":[96.0,10.0]},"properties":{"wind_kt":13.7,"wind_from_deg":50.0,"temperature_c":-4.2,"relative_humidity":61.0,"turbulence_score":0.0,"icing_score":0.0,"convection_score":0.363}},{"type":"Feature","geometry":{"type":"Point","coordinates":[100.0,10.0]},"properties":{"wind_kt":14.9,"wind_from_deg":359.0,"temperature_c":-5.2,"relative_humidity":67.0,"turbulence_score":0.0,"icing_score":0.058,"convection_score":0.434}},{"type":"Feature","geometry":{"type":"Point","coordinates":[104.0,10.0]},"properties":{"wind_kt":10.6,"wind_from_deg":354.0,"temperature_c":-5.2,"relative_humidity":93.0,"turbulence_score":0.0,"icing_score":0.681,"convection_score":0.289}},{"type":"Feature","geometry":{"type":"Point","coordinates":[108.0,10.0]},"properties":{"wind_kt":8.1,"wind_from_deg":317.0,"temperature_c":-4.6,"relative_humidity":88.0,"turbulence_score":0.0,"icing_score":0.538,"convection_score":0.15}},{"type":"Feature","geometry":{"type":"Point","coordinates":[112.0,10.0]},"properties":{"wind_kt":8.6,"wind_from_deg":30.0,"temperature_c":-3.8,"relative_humidity":43.0,"turbulence_score":0.0,"icing_score":0.0,"convection_score":0.554}},{"type":"Feature","geometry":{"type":"Point","coordinates":[116.0,10.0]},"properties":{"wind_kt":6.9,"wind_from_deg":68.0,"temperature_c":-3.4,"relative_humidity":47.0,"turbulence_score":0.0,"icing_score":0.0,"convection_score":0.447}},{"type":"Feature","geometry":{"type":"Point","coordinates":[120.0,10.0]},"properties":{"wind_kt":3.9,"wind_from_deg":14.0,"temperature_c":-4.1,"relative_humidity":81.0,"turbulence_score":0.0,"icing_score":0.354,"convection_score":0.215}},{"type":"Feature","geometry":{"type":"Point","coordinates":[124.0,10.0]},"properties":{"wind_kt":1.4,"wind_from_deg":281.0,"temperature_c":-4.6,"relative_humidity":95.0,"turbulence_score":0.0,"icing_score":0.706,"convection_score":0.227}},{"type":"Feature","geometry":{"type":"Point","coordinates":[128.0,10.0]},"properties":{"wind_kt":8.7,"wind_from_deg":289.0,"temperature_c":-4.1,"relative_humidity":63.0,"turbulence_score":0.0,"icing_score":0.0,"convection_score":0.586}},{"type":"Feature","geometry":{"type":"Point","coordinates":[132.0,10.0]},"properties":{"wind_kt":14.4,"wind_from_deg":289.0,"temperature_c":-4.1,"relative_humidity":88.0,"turbulence_score":0.0,"icing_score":0.507,"convection_score":0.555}},{"type":"Feature","geometry":{"type":"Point","coordinates":[136.0,10.0]},"properties":{"wind_kt":20.2,"wind_from_deg":291.0,"temperature_c":-4.5,"relative_humidity":98.0,"turbulence_score":0.0,"icing_score":0.771,"convection_score":0.268}},{"type":"Feature","geometry":{"type":"Point","coordinates":[140.0,10.0]},"properties":{"wind_kt":13.5,"wind_from_deg":244.0,"temperature_c":-4.5,"relative_humidity":98.0,"turbulence_score":0.0,"icing_score":0.748,"convection_score":0.347}},{"type":"Feature","geometry":{"type":"Point","coordinates":[144.0,10.0]},"properties":{"wind_kt":4.1,"wind_from_deg":191.0,"temperature_c":-4.2,"relative_humidity":97.0,"turbulence_score":0.0,"icing_score":0.721,"convection_score":0.144}},{"type":"Feature","geometry":{"type":"Point","coordinates":[148.0,10.0]},"properties":{"wind_kt":5.9,"wind_from_deg":344.0,"temperature_c":-5.2,"relative_humidity":98.0,"turbulence_score":0.0,"icing_score":0.794,"convection_score":0.237}},{"type":"Feature","geometry":{"type":"Point","coordinates":[152.0,10.0]},"properties":{"wind_kt":12.2,"wind_from_deg":338.0,"temperature_c":-3.9,"relative_humidity":87.0,"turbulence_score":0.0,"icing_score":0.478,"convection_score":0.168}},{"type":"Feature","geometry":{"type":"Point","coordinates":[156.0,10.0]},"properties":{"wind_kt":14.0,"wind_from_deg":270.0,"temperature_c":-4.3,"relative_humidity":83.0,"turbulence_score":0.0,"icing_score":0.407,"convection_score":0.316}},{"type":"Feature","geometry":{"type":"Point","coordinates":[160.0,10.0]},"properties":{"wind_kt":17.0,"wind_from_deg":264.0,"temperature_c":-4.5,"relative_humidity":80.0,"turbulence_score":0.0,"icing_score":0.334,"convection_score":0.504}},{"type":"Feature","geometry":{"type":"Point","coordinates":[164.0,10.0]},"properties":{"wind_kt":16.9,"wind_from_deg":258.0,"temperature_c":-4.7,"relative_humidity":75.0,"turbulence_score":0.0,"icing_score":0.238,"convection_score":0.556}},{"type":"Feature","geometry":{"type":"Point","coordinates":[168.0,10.0]},"properties":{"wind_kt":18.8,"wind_from_deg":225.0,"temperature_c":-5.8,"relative_humidity":93.0,"turbulence_score":0.0,"icing_score":0.694,"convection_score":0.495}},{"type":"Feature","geometry":{"type":"Point","coordinates":[172.0,10.0]},"properties":{"wind_kt":12.9,"wind_from_deg":266.0,"temperature_c":-6.3,"relative_humidity":86.0,"turbulence_score":0.0,"icing_score":0.548,"convection_score":0.638}},{"type":"Feature","geometry":{"type":"Point","coordinates":[176.0,10.0]},"properties":{"wind_kt":2.4,"wind_from_deg":53.0,"temperature_c":-6.8,"relative_humidity":95.0,"turbulence_score":0.0,"icing_score":0.805,"convection_score":0.606}},{"type":"Feature","geometry":{"type":"Point","coordinates":[180.0,10.0]},"properties":{"wind_kt":7.3,"wind_from_deg":53.0,"temperature_c":-5.9,"relative_humidity":71.0,"turbulence_score":0.0,"icing_score":0.154,"convection_score":0.7}},{"type":"Feature","geometry":{"type":"Point","coordinates":[184.0,10.0]},"properties":{"wind_kt":6.1,"wind_from_deg":28.0,"temperature_c":-4.9,"relative_humidity":35.0,"turbulence_score":0.0,"icing_score":0.0,"convection_score":0.275}},{"type":"Feature","geometry":{"type":"Point","coordinates":[188.0,10.0]},"properties":{"wind_kt":3.4,"wind_from_deg":34.0,"temperature_c":-3.9,"relative_humidity":13.0,"turbulence_score":0.0,"icing_score":0.0,"convection_score":0.21}},{"type":"Feature","geometry":{"type":"Point","coordinates":[192.0,10.0]},"properties":{"wind_kt":4.1,"wind_from_deg":230.0,"temperature_c":-3.5,"relative_humidity":1.0,"turbulence_score":0.0,"icing_score":0.0,"convection_score":0.247}},{"type":"Feature","geometry":{"type":"Point","coordinates":[196.0,10.0]},"properties":{"wind_kt":8.9,"wind_from_deg":219.0,"temperature_c":-4.2,"relative_humidity":57.0,"turbulence_score":0.0,"icing_score":0.0,"convection_score":0.346}},{"type":"Feature","geometry":{"type":"Point","coordinates":[200.0,10.0]},"properties":{"wind_kt":9.1,"wind_from_deg":237.0,"temperature_c":-3.6,"relative_humidity":2.0,"turbulence_score":0.0,"icing_score":0.0,"convection_score":0.24}},{"type":"Feature","geometry":{"type":"Point","coordinates":[204.0,10.0]},"properties":{"wind_kt":5.4,"wind_from_deg":252.0,"temperature_c":-4.0,"relative_humidity":15.0,"turbulence_score":0.0,"icing_score":0.0,"convection_score":0.1}},{"type":"Feature","geometry":{"type":"Point","coordinates":[208.0,10.0]},"properties":{"wind_kt":10.9,"wind_from_deg":268.0,"temperature_c":-3.2,"relative_humidity":15.0,"turbulence_score":0.0,"icing_score":0.0,"convection_score":0.124}},{"type":"Feature","geometry":{"type":"Point","coordinates":[212.0,10.0]},"properties":{"wind_kt":11.9,"wind_from_deg":311.0,"temperature_c":-2.6,"relative_humidity":2.0,"turbulence_score":0.0,"icing_score":0.0,"convection_score":0.061}},{"type":"Feature","geometry":{"type":"Point","coordinates":[216.0,10.0]},"properties":{"wind_kt":1.8,"wind_from_deg":120.0,"temperature_c":-3.0,"relative_humidity":61.0,"turbulence_score":0.0,"icing_score":0.0,"convection_score":0.354}},{"type":"Feature","geometry":{"type":"Point","coordinates":[220.0,10.0]},"properties":{"wind_kt":8.0,"wind_from_deg":17.0,"temperature_c":-3.4,"relative_humidity":55.0,"turbulence_score":0.0,"icing_score":0.0,"convection_score":0.397}},{"type":"Feature","geometry":{"type":"Point","coordinates":[224.0,10.0]},"properties":{"wind_kt":10.4,"wind_from_deg":16.0,"temperature_c":-3.8,"relative_humidity":30.0,"turbulence_score":0.0,"icing_score":0.0,"convection_score":0.014}},{"type":"Feature","geometry":{"type":"Point","coordinates":[228.0,10.0]},"properties":{"wind_kt":5.3,"wind_from_deg":305.0,"temperature_c":-4.3,"relative_humidity":42.0,"turbulence_score":0.0,"icing_score":0.0,"convection_score":0.216}},{"type":"Feature","geometry":{"type":"Point","coordinates":[232.0,10.0]},"properties":{"wind_kt":1.2,"wind_from_deg":330.0,"temperature_c":-3.5,"relative_humidity":45.0,"turbulence_score":0.0,"icing_score":0.0,"convection_score":0.001}},{"type":"Feature","geometry":{"type":"Point","coordinates":[236.0,10.0]},"properties":{"wind_kt":7.4,"wind_from_deg":247.0,"temperature_c":-3.3,"relative_humidity":56.0,"turbulence_score":0.0,"icing_score":0.0,"convection_score":0.0}},{"type":"Feature","geometry":{"type":"Point","coordinates":[240.0,10.0]},"properties":{"wind_kt":5.3,"wind_from_deg":209.0,"temperature_c":-3.7,"relative_humidity":72.0,"turbulence_score":0.0,"icing_score":0.159,"convection_score":0.0}},{"type":"Feature","geometry":{"type":"Point","coordinates":[244.0,10.0]},"properties":{"wind_kt":6.2,"wind_from_deg":95.0,"temperature_c":-4.0,"relative_humidity":44.0,"turbulence_score":0.0,"icing_score":0.0,"convection_score":0.298}},{"type":"Feature","geometry":{"type":"Point","coordinates":[248.0,10.0]},"properties":{"wind_kt":11.3,"wind_from_deg":55.0,"temperature_c":-4.3,"relative_humidity":84.0,"turbulence_score":0.0,"icing_score":0.433,"convection_score":0.25}},{"type":"Feature","geometry":{"type":"Point","coordinates":[252.0,10.0]},"properties":{"wind_kt":14.8,"wind_from_deg":39.0,"temperature_c":-3.9,"relative_humidity":75.0,"turbulence_score":0.0,"icing_score":0.213,"convection_score":0.317}},{"type":"Feature","geometry":{"type":"Point","coordinates":[256.0,10.0]},"properties":{"wind_kt":3.1,"wind_from_deg":334.0,"temperature_c":-4.2,"relative_humidity":96.0,"turbulence_score":0.0,"icing_score":0.705,"convection_score":0.324}},{"type":"Feature","geometry":{"type":"Point","coordinates":[260.0,10.0]},"properties":{"wind_kt":12.1,"wind_from_deg":219.0,"temperature_c":-4.1,"relative_humidity":95.0,"turbulence_score":0.0,"icing_score":0.664,"convection_score":0.325}},{"type":"Feature","geometry":{"type":"Point","coordinates":[264.0,10.0]},"properties":{"wind_kt":4.6,"wind_from_deg":195.0,"temperature_c":-4.0,"relative_humidity":88.0,"turbulence_score":0.0,"icing_score":0.512,"convection_score":0.532}},{"type":"Feature","geometry":{"type":"Point","coordinates":[268.0,10.0]},"properties":{"wind_kt":5.0,"wind_from_deg":33.0,"temperature_c":-4.3,"relative_humidity":70.0,"turbulence_score":0.0,"icing_score":0.114,"convection_score":0.436}},{"type":"Feature","geometry":{"type":"Point","coordinates":[272.0,10.0]},"properties":{"wind_kt":7.6,"wind_from_deg":25.0,"temperature_c":-4.7,"relative_humidity":62.0,"turbulence_score":0.0,"icing_score":0.0,"convection_score":0.413}},{"type":"Feature","geometry":{"type":"Point","coordinates":[276.0,10.0]},"properties":{"wind_kt":8.7,"wind_from_deg":346.0,"temperature_c":-5.1,"relative_humidity":68.0,"turbulence_score":0.0,"icing_score":0.072,"convection_score":0.119}},{"type":"Feature","geometry":{"type":"Point","coordinates":[280.0,10.0]},"properties":{"wind_kt":11.0,"wind_from_deg":245.0,"temperature_c":-5.6,"relative_humidity":86.0,"turbulence_score":0.0,"icing_score":0.519,"convection_score":0.578}},{"type":"Feature","geometry":{"type":"Point","coordinates":[284.0,10.0]},"properties":{"wind_kt":11.3,"wind_from_deg":221.0,"temperature_c":-5.9,"relative_humidity":92.0,"turbulence_score":0.0,"icing_score":0.691,"convection_score":0.658}},{"type":"Feature","geometry":{"type":"Point","coordinates":[288.0,10.0]},"properties":{"wind_kt":7.0,"wind_from_deg":38.0,"temperature_c":-5.3,"relative_humidity":88.0,"turbulence_score":0.0,"icing_score":0.56,"convection_score":0.454}},{"type":"Feature","geometry":{"type":"Point","coordinates":[292.0,10.0]},"properties":{"wind_kt":3.6,"wind_from_deg":155.0,"temperature_c":-5.0,"relative_humidity":81.0,"turbulence_score":0.0,"icing_score":0.383,"convection_score":0.618}},{"type":"Feature","geometry":{"type":"Point","coordinates":[296.0,10.0]},"properties":{"wind_kt":2.6,"wind_from_deg":276.0,"temperature_c":-5.1,"relative_humidity":75.0,"turbulence_score":0.0,"icing_score":0.229,"convection_score":0.42}},{"type":"Feature","geometry":{"type":"Point","coordinates":[300.0,10.0]},"properties":{"wind_kt":4.1,"wind_from_deg":230.0,"temperature_c":-5.3,"relative_humidity":78.0,"turbulence_score":0.0,"icing_score":0.317,"convection_score":0.441}},{"type":"Feature","geometry":{"type":"Point","coordinates":[304.0,10.0]},"properties":{"wind_kt":4.2,"wind_from_deg":188.0,"temperature_c":-5.3,"relative_humidity":41.0,"turbulence_score":0.0,"icing_score":0.0,"convection_score":0.462}},{"type":"Feature","geometry":{"type":"Point","coordinates":[308.0,10.0]},"properties":{"wind_kt":6.1,"wind_from_deg":152.0,"temperature_c":-4.8,"relative_humidity":73.0,"turbulence_score":0.0,"icing_score":0.179,"convection_score":0.38}},{"type":"Feature","geometry":{"type":"Point","coordinates":[312.0,10.0]},"properties":{"wind_kt":7.9,"wind_from_deg":328.0,"temperature_c":-4.7,"relative_humidity":60.0,"turbulence_score":0.0,"icing_score":0.0,"convection_score":0.282}},{"type":"Feature","geometry":{"type":"Point","coordinates":[316.0,10.0]},"properties":{"wind_kt":12.4,"wind_from_deg":277.0,"temperature_c":-4.4,"relative_humidity":45.0,"turbulence_score":0.0,"icing_score":0.0,"convection_score":0.093}},{"type":"Feature","geometry":{"type":"Point","coordinates":[320.0,10.0]},"properties":{"wind_kt":8.3,"wind_from_deg":280.0,"temperature_c":-4.8,"relative_humidity":78.0,"turbulence_score":0.0,"icing_score":0.308,"convection_score":0.188}},{"type":"Feature","geometry":{"type":"Point","coordinates":[324.0,10.0]},"properties":{"wind_kt":1.8,"wind_from_deg":334.0,"temperature_c":-5.4,"relative_humidity":93.0,"turbulence_score":0.0,"icing_score":0.683,"convection_score":0.16}},{"type":"Feature","geometry":{"type":"Point","coordinates":[328.0,10.0]},"properties":{"wind_kt":3.6,"wind_from_deg":9.0,"temperature_c":-5.1,"relative_humidity":97.0,"turbulence_score":0.0,"icing_score":0.768,"convection_score":0.155}},{"type":"Feature","geometry":{"type":"Point","coordinates":[332.0,10.0]},"properties":{"wind_kt":6.8,"wind_from_deg":50.0,"temperature_c":-5.0,"relative_humidity":87.0,"turbulence_score":0.0,"icing_score":0.52,"convection_score":0.142}},{"type":"Feature","geometry":{"type":"Point","coordinates":[336.0,10.0]},"properties":{"wind_kt":8.0,"wind_from_deg":75.0,"temperature_c":-4.8,"relative_humidity":83.0,"turbulence_score":0.0,"icing_score":0.423,"convection_score":0.121}},{"type":"Feature","geometry":{"type":"Point","coordinates":[340.0,10.0]},"properties":{"wind_kt":10.7,"wind_from_deg":34.0,"temperature_c":-4.4,"relative_humidity":67.0,"turbulence_score":0.0,"icing_score":0.044,"convection_score":0.287}},{"type":"Feature","geometry":{"type":"Point","coordinates":[344.0,10.0]},"properties":{"wind_kt":18.0,"wind_from_deg":123.0,"temperature_c":-4.4,"relative_humidity":88.0,"turbulence_score":0.0,"icing_score":0.533,"convection_score":0.089}},{"type":"Feature","geometry":{"type":"Point","coordinates":[348.0,10.0]},"properties":{"wind_kt":18.9,"wind_from_deg":108.0,"temperature_c":-4.3,"relative_humidity":86.0,"turbulence_score":0.05,"icing_score":0.474,"convection_score":0.7}},{"type":"Feature","geometry":{"type":"Point","coordinates":[352.0,10.0]},"properties":{"wind_kt":22.6,"wind_from_deg":98.0,"temperature_c":-5.1,"relative_humidity":74.0,"turbulence_score":0.017,"icing_score":0.208,"convection_score":0.7}},{"type":"Feature","geometry":{"type":"Point","coordinates":[356.0,10.0]},"properties":{"wind_kt":22.7,"wind_from_deg":97.0,"temperature_c":-4.5,"relative_humidity":37.0,"turbulence_score":0.001,"icing_score":0.0,"convection_score":0.707}},{"type":"Feature","geometry":{"type":"Point","coordinates":[0.0,6.0]},"properties":{"wind_kt":16.7,"wind_from_deg":88.0,"temperature_c":-5.7,"relative_humidity":90.0,"turbulence_score":0.007,"icing_score":0.612,"convection_score":0.364}},{"type":"Feature","geometry":{"type":"Point","coordinates":[4.0,6.0]},"properties":{"wind_kt":18.4,"wind_from_deg":73.0,"temperature_c":-4.9,"relative_humidity":72.0,"turbulence_score":0.0,"icing_score":0.157,"convection_score":0.31}},{"type":"Feature","geometry":{"type":"Point","coordinates":[8.0,6.0]},"properties":{"wind_kt":14.3,"wind_from_deg":111.0,"temperature_c":-5.1,"relative_humidity":90.0,"turbulence_score":0.0,"icing_score":0.6,"convection_score":0.674}},{"type":"Feature","geometry":{"type":"Point","coordinates":[12.0,6.0]},"properties":{"wind_kt":11.1,"wind_from_deg":138.0,"temperature_c":-4.9,"relative_humidity":86.0,"turbulence_score":0.0,"icing_score":0.5,"convection_score":0.7}},{"type":"Feature","geometry":{"type":"Point","coordinates":[16.0,6.0]},"properties":{"wind_kt":9.5,"wind_from_deg":127.0,"temperature_c":-4.6,"relative_humidity":88.0,"turbulence_score":0.0,"icing_score":0.531,"convection_score":0.694}},{"type":"Feature","geometry":{"type":"Point","coordinates":[20.0,6.0]},"properties":{"wind_kt":17.8,"wind_from_deg":116.0,"temperature_c":-5.2,"relative_humidity":93.0,"turbulence_score":0.003,"icing_score":0.685,"convection_score":0.391}},{"type":"Feature","geometry":{"type":"Point","coordinates":[24.0,6.0]},"properties":{"wind_kt":19.6,"wind_from_deg":87.0,"temperature_c":-3.7,"relative_humidity":71.0,"turbulence_score":0.0,"icing_score":0.131,"convection_score":0.437}},{"type":"Feature","geometry":{"type":"Point","coordinates":[28.0,6.0]},"properties":{"wind_kt":22.3,"wind_from_deg":97.0,"temperature_c":-5.2,"relative_humidity":100.0,"turbulence_score":0.0,"icing_score":0.837,"convection_score":0.7}},{"type":"Feature","geometry":{"type":"Point","coordinates":[32.0,6.0]},"properties":{"wind_kt":19.7,"wind_from_deg":97.0,"temperature_c":-4.6,"relative_humidity":81.0,"turbulence_score":0.0,"icing_score":0.362,"convection_score":0.059}},{"type":"Feature","geometry":{"type":"Point","coordinates":[36.0,6.0]},"properties":{"wind_kt":14.4,"wind_from_deg":83.0,"temperature_c":-5.7,"relative_humidity":92.0,"turbulence_score":0.0,"icing_score":0.676,"convection_score":0.277}},{"type":"Feature","geometry":{"type":"Point","coordinates":[40.0,6.0]},"properties":{"wind_kt":12.9,"wind_from_deg":67.0,"temperature_c":-4.3,"relative_humidity":33.0,"turbulence_score":0.0,"icing_score":0.0,"convection_score":0.124}},{"type":"Feature","geometry":{"type":"Point","coordinates":[44.0,6.0]},"properties":{"wind_kt":14.2,"wind_from_deg":61.0,"temperature_c":-4.8,"relative_humidity":52.0,"turbulence_score":0.0,"icing_score":0.0,"convection_score":0.119}},{"type":"Feature","geometry":{"type":"Point","coordinates":[48.0,6.0]},"properties":{"wind_kt":9.9,"wind_from_deg":77.0,"temperature_c":-4.9,"relative_humidity":26.0,"turbulence_score":0.0,"icing_score":0.0,"convection_score":0.343}},{"type":"Feature","geometry":{"type":"Point","coordinates":[52.0,6.0]},"properties":{"wind_kt":9.3,"wind_from_deg":93.0,"temperature_c":-5.2,"relative_humidity":65.0,"turbulence_score":0.0,"icing_score":0.005,"convection_score":0.147}},{"type":"Feature","geometry":{"type":"Point","coordinates":[56.0,6.0]},"properties":{"wind_kt":20.2,"wind_from_deg":94.0,"temperature_c":-5.2,"relative_humidity":97.0,"turbulence_score":0.036,"icing_score":0.773,"convection_score":0.289}},{"type":"Feature","geometry":{"type":"Point","coordinates":[60.0,6.0]},"properties":{"wind_kt":10.6,"wind_from_deg":81.0,"temperature_c":-5.5,"relative_humidity":97.0,"turbulence_score":0.0,"icing_score":0.784,"convection_score":0.292}},{"type":"Feature","geometry":{"type":"Point","coordinates":[64.0,6.0]},"properties":{"wind_kt":12.5,"wind_from_deg":84.0,"temperature_c":-4.8,"relative_humidity":57.0,"turbulence_score":0.0,"icing_score":0.0,"convection_score":0.262}},{"type":"Feature","geometry":{"type":"Point","coordinates":[68.0,6.0]},"properties":{"wind_kt":12.6,"wind_from_deg":92.0,"temperature_c":-4.2,"relative_humidity":32.0,"turbulence_score":0.0,"icing_score":0.0,"convection_score":0.362}},{"type":"Feature","geometry":{"type":"Point","coordinates":[72.0,6.0]},"properties":{"wind_kt":10.7,"wind_from_deg":94.0,"temperature_c":-3.5,"relative_humidity":28.0,"turbulence_score":0.0,"icing_score":0.0,"convection_score":0.447}},{"type":"Feature","geometry":{"type":"Point","coordinates":[76.0,6.0]},"properties":{"wind_kt":14.5,"wind_from_deg":123.0,"temperature_c":-4.0,"relative_humidity":61.0,"turbulence_score":0.0,"icing_score":0.0,"convection_score":0.234}},{"type":"Feature","geometry":{"type":"Point","coordinates":[80.0,6.0]},"properties":{"wind_kt":16.9,"wind_from_deg":108.0,"temperature_c":-4.4,"relative_humidity":74.0,"turbulence_score":0.0,"icing_score":0.201,"convection_score":0.466}},{"type":"Feature","geometry":{"type":"Point","coordinates":[84.0,6.0]},"properties":{"wind_kt":16.1,"wind_from_deg":110.0,"temperature_c":-4.5,"relative_humidity":59.0,"turbulence_score":0.0,"icing_score":0.0,"convection_score":0.424}},{"type":"Feature","geometry":{"type":"Point","coordinates":[88.0,6.0]},"properties":{"wind_kt":14.2,"wind_from_deg":87.0,"temperature_c":-4.0,"relative_humidity":58.0,"turbulence_score":0.0,"icing_score":0.0,"convection_score":0.444}},{"type":"Feature","geometry":{"type":"Point","coordinates":[92.0,6.0]},"properties":{"wind_kt":13.5,"wind_from_deg":56.0,"temperature_c":-4.4,"relative_humidity":76.0,"turbulence_score":0.0,"icing_score":0.256,"convection_score":0.578}},{"type":"Feature","geometry":{"type":"Point","coordinates":[96.0,6.0]},"properties":{"wind_kt":14.7,"wind_from_deg":34.0,"temperature_c":-4.5,"relative_humidity":77.0,"turbulence_score":0.0,"icing_score":0.275,"convection_score":0.506}},{"type":"Feature","geometry":{"type":"Point","coordinates":[100.0,6.0]},"properties":{"wind_kt":10.7,"wind_from_deg":36.0,"temperature_c":-4.0,"relative_humidity":69.0,"turbulence_score":0.0,"icing_score":0.08,"convection_score":0.495}},{"type":"Feature","geometry":{"type":"Point","coordinates":[104.0,6.0]},"properties":{"wind_kt":10.3,"wind_from_deg":15.0,"temperature_c":-5.1,"relative_humidity":82.0,"turbulence_score":0.0,"icing_score":0.406,"convection_score":0.523}},{"type":"Feature","geometry":{"type":"Point","coordinates":[108.0,6.0]},"properties":{"wind_kt":16.5,"wind_from_deg":14.0,"temperature_c":-4.5,"relative_humidity":78.0,"turbulence_score":0.0,"icing_score":0.301,"convection_score":0.424}},{"type":"Feature","geometry":{"type":"Point","coordinates":[112.0,6.0]},"properties":{"wind_kt":9.4,"wind_from_deg":356.0,"temperature_c":-4.3,"relative_humidity":70.0,"turbulence_score":0.0,"icing_score":0.111,"convection_score":0.419}},{"type":"Feature","geometry":{"type":"Point","coordinates":[116.0,6.0]},"properties":{"wind_kt":2.0,"wind_from_deg":272.0,"temperature_c":-4.3,"relative_humidity":74.0,"turbulence_score":0.0,"icing_score":0.208,"convection_score":0.283}},{"type":"Feature","geometry":{"type":"Point","coordinates":[120.0,6.0]},"properties":{"wind_kt":5.1,"wind_from_deg":269.0,"temperature_c":-4.2,"relative_humidity":77.0,"turbulence_score":0.0,"icing_score":0.267,"convection_score":0.385}},{"type":"Feature","geometry":{"type":"Point","coordinates":[124.0,6.0]},"properties":{"wind_kt":10.9,"wind_from_deg":286.0,"temperature_c":-4.4,"relative_humidity":82.0,"turbulence_score":0.0,"icing_score":0.393,"convection_score":0.381}},{"type":"Feature","geometry":{"type":"Point","coordinates":[128.0,6.0]},"properties":{"wind_kt":14.6,"wind_from_deg":269.0,"temperature_c":-4.7,"relative_humidity":66.0,"turbulence_score":0.0,"icing_score":0.028,"convection_score":0.431}},{"type":"Feature","geometry":{"type":"Point","coordinates":[132.0,6.0]},"properties":{"wind_kt":10.0,"wind_from_deg":237.0,"temperature_c":-4.0,"relative_humidity":44.0,"turbulence_score":0.0,"icing_score":0.0,"convection_score":0.386}},{"type":"Feature","geometry":{"type":"Point","coordinates":[136.0,6.0]},"properties":{"wind_kt":8.6,"wind_from_deg":216.0,"temperature_c":-5.2,"relative_humidity":26.0,"turbulence_score":0.0,"icing_score":0.0,"convection_score":0.299}},{"type":"Feature","geometry":{"type":"Point","coordinates":[140.0,6.0]},"properties":{"wind_kt":7.8,"wind_from_deg":160.0,"temperature_c":-5.7,"relative_humidity":57.0,"turbulence_score":0.0,"icing_score":0.0,"convection_score":0.15}},{"type":"Feature","geometry":{"type":"Point","coordinates":[144.0,6.0]},"properties":{"wind_kt":4.0,"wind_from_deg":161.0,"temperature_c":-5.9,"relative_humidity":66.0,"turbulence_score":0.0,"icing_score":0.025,"convection_score":0.111}},{"type":"Feature","geometry":{"type":"Point","coordinates":[148.0,6.0]},"properties":{"wind_kt":2.4,"wind_from_deg":53.0,"temperature_c":-5.8,"relative_humidity":82.0,"turbulence_score":0.0,"icing_score":0.436,"convection_score":0.091}},{"type":"Feature","geometry":{"type":"Point","coordinates":[152.0,6.0]},"properties":{"wind_kt":1.5,"wind_from_deg":306.0,"temperature_c":-6.2,"relative_humidity":97.0,"turbulence_score":0.0,"icing_score":0.815,"convection_score":0.062}},{"type":"Feature","geometry":{"type":"Point","coordinates":[156.0,6.0]},"properties":{"wind_kt":5.5,"wind_from_deg":271.0,"temperature_c":-5.4,"relative_humidity":69.0,"turbulence_score":0.0,"icing_score":0.088,"convection_score":0.379}},{"type":"Feature","geometry":{"type":"Point","coordinates":[160.0,6.0]},"properties":{"wind_kt":12.9,"wind_from_deg":247.0,"temperature_c":-5.7,"relative_humidity":73.0,"turbulence_score":0.0,"icing_score":0.194,"convection_score":0.559}},{"type":"Feature","geometry":{"type":"Point","coordinates":[164.0,6.0]},"properties":{"wind_kt":12.8,"wind_from_deg":222.0,"temperature_c":-5.1,"relative_humidity":72.0,"turbulence_score":0.0,"icing_score":0.173,"convection_score":0.627}},{"type":"Feature","geometry":{"type":"Point","coordinates":[168.0,6.0]},"properties":{"wind_kt":2.9,"wind_from_deg":213.0,"temperature_c":-5.8,"relative_humidity":68.0,"turbulence_score":0.0,"icing_score":0.063,"convection_score":0.541}},{"type":"Feature","geometry":{"type":"Point","coordinates":[172.0,6.0]},"properties":{"wind_kt":1.6,"wind_from_deg":359.0,"temperature_c":-6.7,"relative_humidity":95.0,"turbulence_score":0.0,"icing_score":0.788,"convection_score":0.534}},{"type":"Feature","geometry":{"type":"Point","coordinates":[176.0,6.0]},"properties":{"wind_kt":4.1,"wind_from_deg":28.0,"temperature_c":-6.5,"relative_humidity":83.0,"turbulence_score":0.0,"icing_score":0.465,"convection_score":0.43}},{"type":"Feature","geometry":{"type":"Point","coordinates":[180.0,6.0]},"properties":{"wind_kt":8.0,"wind_from_deg":21.0,"temperature_c":-5.9,"relative_humidity":98.0,"turbulence_score":0.01,"icing_score":0.825,"convection_score":0.638}},{"type":"Feature","geometry":{"type":"Point","coordinates":[184.0,6.0]},"properties":{"wind_kt":7.1,"wind_from_deg":39.0,"temperature_c":-5.0,"relative_humidity":75.0,"turbulence_score":0.0,"icing_score":0.228,"convection_score":0.552}},{"type":"Feature","geometry":{"type":"Point","coordinates":[188.0,6.0]},"properties":{"wind_kt":14.3,"wind_from_deg":55.0,"temperature_c":-5.5,"relative_humidity":82.0,"turbulence_score":0.0,"icing_score":0.424,"convection_score":0.468}},{"type":"Feature","geometry":{"type":"Point","coordinates":[192.0,6.0]},"properties":{"wind_kt":12.9,"wind_from_deg":144.0,"temperature_c":-4.6,"relative_humidity":97.0,"turbulence_score":0.0,"icing_score":0.739,"convection_score":0.424}},{"type":"Feature","geometry":{"type":"Point","coordinates":[196.0,6.0]},"properties":{"wind_kt":16.3,"wind_from_deg":219.0,"temperature_c":-4.7,"relative_humidity":97.0,"turbulence_score":0.0,"icing_score":0.747,"convection_score":0.393}},{"type":"Feature","geometry":{"type":"Point","coordinates":[200.0,6.0]},"properties":{"wind_kt":4.4,"wind_from_deg":289.0,"temperature_c":-4.9,"relative_humidity":96.0,"turbulence_score":0.0,"icing_score":0.728,"convection_score":0.248}},{"type":"Feature","geometry":{"type":"Point","coordinates":[204.0,6.0]},"properties":{"wind_kt":4.9,"wind_from_deg":294.0,"temperature_c":-5.0,"relative_humidity":94.0,"turbulence_score":0.0,"icing_score":0.689,"convection_score":0.361}},{"type":"Feature","geometry":{"type":"Point","coordinates":[208.0,6.0]},"properties":{"wind_kt":9.3,"wind_from_deg":285.0,"temperature_c":-4.5,"relative_humidity":86.0,"turbulence_score":0.0,"icing_score":0.491,"convection_score":0.484}},{"type":"Feature","geometry":{"type":"Point","coordinates":[212.0,6.0]},"properties":{"wind_kt":18.8,"wind_from_deg":318.0,"temperature_c":-4.1,"relative_humidity":71.0,"turbulence_score":0.0,"icing_score":0.143,"convection_score":0.224}},{"type":"Feature","geometry":{"type":"Point","coordinates":[216.0,6.0]},"properties":{"wind_kt":18.6,"wind_from_deg":358.0,"temperature_c":-4.6,"relative_humidity":86.0,"turbulence_score":0.0,"icing_score":0.48,"convection_score":0.082}},{"type":"Feature","geometry":{"type":"Point","coordinates":[220.0,6.0]},"properties":{"wind_kt":13.8,"wind_from_deg":44.0,"temperature_c":-4.5,"relative_humidity":85.0,"turbulence_score":0.0,"icing_score":0.465,"convection_score":0.285}},{"type":"Feature","geometry":{"type":"Point","coordinates":[224.0,6.0]},"properties":{"wind_kt":3.1,"wind_from_deg":33.0,"temperature_c":-3.6,"relative_humidity":59.0,"turbulence_score":0.0,"icing_score":0.0,"convection_score":0.139}},{"type":"Feature","geometry":{"type":"Point","coordinates":[228.0,6.0]},"properties":{"wind_kt":3.0,"wind_from_deg":10.0,"temperature_c":-4.5,"relative_humidity":67.0,"turbulence_score":0.0,"icing_score":0.055,"convection_score":0.15}},{"type":"Feature","geometry":{"type":"Point","coordinates":[232.0,6.0]},"properties":{"wind_kt":4.9,"wind_from_deg":357.0,"temperature_c":-5.3,"relative_humidity":89.0,"turbulence_score":0.0,"icing_score":0.576,"convection_score":0.266}},{"type":"Feature","geometry":{"type":"Point","coordinates":[236.0,6.0]},"properties":{"wind_kt":4.6,"wind_from_deg":67.0,"temperature_c":-5.1,"relative_humidity":97.0,"turbulence_score":0.0,"icing_score":0.767,"convection_score":0.203}},{"type":"Feature","geometry":{"type":"Point","coordinates":[240.0,6.0]},"properties":{"wind_kt":12.2,"wind_from_deg":75.0,"temperature_c":-4.1,"relative_humidity":45.0,"turbulence_score":0.0,"icing_score":0.0,"convection_score":0.176}},{"type":"Feature","geometry":{"type":"Point","coordinates":[244.0,6.0]},"properties":{"wind_kt":14.4,"wind_from_deg":83.0,"temperature_c":-4.2,"relative_humidity":64.0,"turbulence_score":0.0,"icing_score":0.0,"convection_score":0.239}},{"type":"Feature","geometry":{"type":"Point","coordinates":[248.0,6.0]},"properties":{"wind_kt":18.7,"wind_from_deg":50.0,"temperature_c":-4.9,"relative_humidity":90.0,"turbulence_score":0.017,"icing_score":0.594,"convection_score":0.372}},{"type":"Feature","geometry":{"type":"Point","coordinates":[252.0,6.0]},"properties":{"wind_kt":7.2,"wind_from_deg":92.0,"temperature_c":-4.9,"relative_humidity":96.0,"turbulence_score":0.0,"icing_score":0.742,"convection_score":0.364}},{"type":"Feature","geometry":{"type":"Point","coordinates":[256.0,6.0]},"properties":{"wind_kt":3.7,"wind_from_deg":46.0,"temperature_c":-4.6,"relative_humidity":93.0,"turbulence_score":0.0,"icing_score":0.655,"convection_score":0.245}},{"type":"Feature","geometry":{"type":"Point","coordinates":[260.0,6.0]},"properties":{"wind_kt":2.5,"wind_from_deg":37.0,"temperature_c":-4.6,"relative_humidity":90.0,"turbulence_score":0.0,"icing_score":0.576,"convection_score":0.342}},{"type":"Feature","geometry":{"type":"Point","coordinates":[264.0,6.0]},"properties":{"wind_kt":4.8,"wind_from_deg":357.0,"temperature_c":-4.7,"relative_humidity":90.0,"turbulence_score":0.0,"icing_score":0.597,"convection_score":0.42}},{"type":"Feature","geometry":{"type":"Point","coordinates":[268.0,6.0]},"properties":{"wind_kt":6.7,"wind_from_deg":27.0,"temperature_c":-4.9,"relative_humidity":96.0,"turbulence_score":0.0,"icing_score":0.741,"convection_score":0.486}},{"type":"Feature","geometry":{"type":"Point","coordinates":[272.0,6.0]},"properties":{"wind_kt":3.0,"wind_from_deg":240.0,"temperature_c":-5.2,"relative_humidity":70.0,"turbulence_score":0.0,"icing_score":0.121,"convection_score":0.444}},{"type":"Feature","geometry":{"type":"Point","coordinates":[276.0,6.0]},"properties":{"wind_kt":5.2,"wind_from_deg":232.0,"temperature_c":-5.1,"relative_humidity":59.0,"turbulence_score":0.0,"icing_score":0.0,"convection_score":0.465}},{"type":"Feature","geometry":{"type":"Point","coordinates":[280.0,6.0]},"properties":{"wind_kt":2.0,"wind_from_deg":146.0,"temperature_c":-5.5,"relative_humidity":81.0,"turbulence_score":0.0,"icing_score":0.394,"convection_score":0.433}},{"type":"Feature","geometry":{"type":"Point","coordinates":[284.0,6.0]},"properties":{"wind_kt":6.5,"wind_from_deg":207.0,"temperature_c":-5.2,"relative_humidity":88.0,"turbulence_score":0.0,"icing_score":0.551,"convection_score":0.264}},{"type":"Feature","geometry":{"type":"Point","coordinates":[288.0,6.0]},"properties":{"wind_kt":4.6,"wind_from_deg":138.0,"temperature_c":-5.1,"relative_humidity":98.0,"turbulence_score":0.0,"icing_score":0.78,"convection_score":0.393}},{"type":"Feature","geometry":{"type":"Point","coordinates":[292.0,6.0]},"properties":{"wind_kt":7.8,"wind_from_deg":63.0,"temperature_c":-4.9,"relative_humidity":75.0,"turbulence_score":0.0,"icing_score":0.227,"convection_score":0.357}},{"type":"Feature","geometry":{"type":"Point","coordinates":[296.0,6.0]},"properties":{"wind_kt":4.6,"wind_from_deg":171.0,"temperature_c":-4.9,"relative_humidity":61.0,"turbulence_score":0.0,"icing_score":0.0,"convection_score":0.295}},{"type":"Feature","geometry":{"type":"Point","coordinates":[300.0,6.0]},"properties":{"wind_kt":5.2,"wind_from_deg":178.0,"temperature_c":-4.5,"relative_humidity":44.0,"turbulence_score":0.0,"icing_score":0.0,"convection_score":0.114}},{"type":"Feature","geometry":{"type":"Point","coordinates":[304.0,6.0]},"properties":{"wind_kt":2.3,"wind_from_deg":156.0,"temperature_c":-3.9,"relative_humidity":29.0,"turbulence_score":0.0,"icing_score":0.0,"convection_score":0.136}},{"type":"Feature","geometry":{"type":"Point","coordinates":[308.0,6.0]},"properties":{"wind_kt":1.0,"wind_from_deg":275.0,"temperature_c":-3.5,"relative_humidity":23.0,"turbulence_score":0.0,"icing_score":0.0,"convection_score":0.143}},{"type":"Feature","geometry":{"type":"Point","coordinates":[312.0,6.0]},"properties":{"wind_kt":5.5,"wind_from_deg":279.0,"temperature_c":-3.2,"relative_humidity":30.0,"turbulence_score":0.0,"icing_score":0.0,"convection_score":0.28}},{"type":"Feature","geometry":{"type":"Point","coordinates":[316.0,6.0]},"properties":{"wind_kt":11.8,"wind_from_deg":306.0,"temperature_c":-3.4,"relative_humidity":33.0,"turbulence_score":0.0,"icing_score":0.0,"convection_score":0.114}},{"type":"Feature","geometry":{"type":"Point","coordinates":[320.0,6.0]},"properties":{"wind_kt":12.1,"wind_from_deg":305.0,"temperature_c":-4.3,"relative_humidity":46.0,"turbulence_score":0.0,"icing_score":0.0,"convection_score":0.264}},{"type":"Feature","geometry":{"type":"Point","coordinates":[324.0,6.0]},"properties":{"wind_kt":10.9,"wind_from_deg":314.0,"temperature_c":-4.4,"relative_humidity":35.0,"turbulence_score":0.0,"icing_score":0.0,"convection_score":0.243}},{"type":"Feature","geometry":{"type":"Point","coordinates":[328.0,6.0]},"properties":{"wind_kt":7.3,"wind_from_deg":23.0,"temperature_c":-4.2,"relative_humidity":61.0,"turbulence_score":0.0,"icing_score":0.0,"convection_score":0.003}},{"type":"Feature","geometry":{"type":"Point","coordinates":[332.0,6.0]},"properties":{"wind_kt":15.0,"wind_from_deg":63.0,"temperature_c":-4.8,"relative_humidity":10.0,"turbulence_score":0.0,"icing_score":0.0,"convection_score":0.025}},{"type":"Feature","geometry":{"type":"Point","coordinates":[336.0,6.0]},"properties":{"wind_kt":14.5,"wind_from_deg":77.0,"temperature_c":-5.0,"relative_humidity":27.0,"turbulence_score":0.0,"icing_score":0.0,"convection_score":0.026}},{"type":"Feature","geometry":{"type":"Point","coordinates":[340.0,6.0]},"properties":{"wind_kt":9.5,"wind_from_deg":92.0,"temperature_c":-4.9,"relative_humidity":34.0,"turbulence_score":0.0,"icing_score":0.0,"convection_score":0.0}},{"type":"Feature","geometry":{"type":"Point","coordinates":[344.0,6.0]},"properties":{"wind_kt":8.7,"wind_from_deg":110.0,"temperature_c":-4.6,"relative_humidity":70.0,"turbulence_score":0.0,"icing_score":0.109,"convection_score":0.174}},{"type":"Feature","geometry":{"type":"Point","coordinates":[348.0,6.0]},"properties":{"wind_kt":1.2,"wind_from_deg":256.0,"temperature_c":-4.7,"relative_humidity":88.0,"turbulence_score":0.0,"icing_score":0.537,"convection_score":0.179}},{"type":"Feature","geometry":{"type":"Point","coordinates":[352.0,6.0]},"properties":{"wind_kt":4.2,"wind_from_deg":51.0,"temperature_c":-5.1,"relative_humidity":96.0,"turbulence_score":0.0,"icing_score":0.736,"convection_score":0.641}},{"type":"Feature","geometry":{"type":"Point","coordinates":[356.0,6.0]},"properties":{"wind_kt":15.2,"wind_from_deg":94.0,"temperature_c":-5.2,"relative_humidity":92.0,"turbulence_score":0.002,"icing_score":0.649,"convection_score":0.7}},{"type":"Feature","geometry":{"type":"Point","coordinates":[0.0,2.0]},"properties":{"wind_kt":6.7,"wind_from_deg":40.0,"temperature_c":-4.5,"relative_humidity":89.0,"turbulence_score":0.0,"icing_score":0.549,"convection_score":0.164}},{"type":"Feature","geometry":{"type":"Point","coordinates":[4.0,2.0]},"properties":{"wind_kt":6.6,"wind_from_deg":65.0,"temperature_c":-4.8,"relative_humidity":83.0,"turbulence_score":0.0,"icing_score":0.417,"convection_score":0.154}},{"type":"Feature","geometry":{"type":"Point","coordinates":[8.0,2.0]},"properties":{"wind_kt":12.9,"wind_from_deg":78.0,"temperature_c":-5.4,"relative_humidity":82.0,"turbulence_score":0.0,"icing_score":0.424,"convection_score":0.154}},{"type":"Feature","geometry":{"type":"Point","coordinates":[12.0,2.0]},"properties":{"wind_kt":13.5,"wind_from_deg":108.0,"temperature_c":-5.7,"relative_humidity":95.0,"turbulence_score":0.0,"icing_score":0.751,"convection_score":0.703}},{"type":"Feature","geometry":{"type":"Point","coordinates":[16.0,2.0]},"properties":{"wind_kt":13.3,"wind_from_deg":138.0,"temperature_c":-5.0,"relative_humidity":94.0,"turbulence_score":0.007,"icing_score":0.692,"convection_score":0.704}},{"type":"Feature","geometry":{"type":"Point","coordinates":[20.0,2.0]},"properties":{"wind_kt":19.9,"wind_from_deg":115.0,"temperature_c":-4.9,"relative_humidity":97.0,"turbulence_score":0.0,"icing_score":0.752,"convection_score":0.15}},{"type":"Feature","geometry":{"type":"Point","coordinates":[24.0,2.0]},"properties":{"wind_kt":19.3,"wind_from_deg":100.0,"temperature_c":-4.6,"relative_humidity":88.0,"turbulence_score":0.0,"icing_score":0.53,"convection_score":0.238}},{"type":"Feature","geometry":{"type":"Point","coordinates":[28.0,2.0]},"properties":{"wind_kt":26.2,"wind_from_deg":104.0,"temperature_c":-5.0,"relative_humidity":93.0,"turbulence_score":0.0,"icing_score":0.672,"convection_score":0.643}},{"type":"Feature","geometry":{"type":"Point","coordinates":[32.0,2.0]},"properties":{"wind_kt":21.4,"wind_from_deg":67.0,"temperature_c":-4.2,"relative_humidity":90.0,"turbulence_score":0.0,"icing_score":0.551,"convection_score":0.495}},{"type":"Feature","geometry":{"type":"Point","coordinates":[36.0,2.0]},"properties":{"wind_kt":14.2,"wind_from_deg":100.0,"temperature_c":-4.5,"relative_humidity":60.0,"turbulence_score":0.0,"icing_score":0.0,"convection_score":0.002}},{"type":"Feature","geometry":{"type":"Point","coordinates":[40.0,2.0]},"properties":{"wind_kt":16.3,"wind_from_deg":92.0,"temperature_c":-4.5,"relative_humidity":35.0,"turbulence_score":0.0,"icing_score":0.0,"convection_score":0.052}},{"type":"Feature","geometry":{"type":"Point","coordinates":[44.0,2.0]},"properties":{"wind_kt":16.1,"wind_from_deg":92.0,"temperature_c":-4.7,"relative_humidity":58.0,"turbulence_score":0.0,"icing_score":0.0,"convection_score":0.127}},{"type":"Feature","geometry":{"type":"Point","coordinates":[48.0,2.0]},"properties":{"wind_kt":11.7,"wind_from_deg":64.0,"temperature_c":-5.2,"relative_humidity":70.0,"turbulence_score":0.0,"icing_score":0.119,"convection_score":0.611}},{"type":"Feature","geometry":{"type":"Point","coordinates":[52.0,2.0]},"properties":{"wind_kt":3.4,"wind_from_deg":123.0,"temperature_c":-5.4,"relative_humidity":96.0,"turbulence_score":0.0,"icing_score":0.764,"convection_score":0.338}},{"type":"Feature","geometry":{"type":"Point","coordinates":[56.0,2.0]},"properties":{"wind_kt":6.8,"wind_from_deg":139.0,"temperature_c":-5.1,"relative_humidity":97.0,"turbulence_score":0.0,"icing_score":0.765,"convection_score":0.273}},{"type":"Feature","geometry":{"type":"Point","coordinates":[60.0,2.0]},"properties":{"wind_kt":8.4,"wind_from_deg":108.0,"temperature_c":-5.7,"relative_humidity":98.0,"turbulence_score":0.0,"icing_score":0.837,"convection_score":0.234}},{"type":"Feature","geometry":{"type":"Point","coordinates":[64.0,2.0]},"properties":{"wind_kt":11.8,"wind_from_deg":93.0,"temperature_c":-4.8,"relative_humidity":77.0,"turbulence_score":0.0,"icing_score":0.275,"convection_score":0.217}},{"type":"Feature","geometry":{"type":"Point","coordinates":[68.0,2.0]},"properties":{"wind_kt":16.3,"wind_from_deg":93.0,"temperature_c":-4.8,"relative_humidity":45.0,"turbulence_score":0.0,"icing_score":0.0,"convection_score":0.383}},{"type":"Feature","geometry":{"type":"Point","coordinates":[72.0,2.0]},"properties":{"wind_kt":15.4,"wind_from_deg":80.0,"temperature_c":-4.7,"relative_humidity":35.0,"turbulence_score":0.0,"icing_score":0.0,"convection_score":0.401}},{"type":"Feature","geometry":{"type":"Point","coordinates":[76.0,2.0]},"properties":{"wind_kt":15.1,"wind_from_deg":112.0,"temperature_c":-4.1,"relative_humidity":55.0,"turbulence_score":0.0,"icing_score":0.0,"convection_score":0.367}},{"type":"Feature","geometry":{"type":"Point","coordinates":[80.0,2.0]},"properties":{"wind_kt":4.6,"wind_from_deg":61.0,"temperature_c":-4.9,"relative_humidity":74.0,"turbulence_score":0.0,"icing_score":0.206,"convection_score":0.234}},{"type":"Feature","geometry":{"type":"Point","coordinates":[84.0,2.0]},"properties":{"wind_kt":10.4,"wind_from_deg":123.0,"temperature_c":-4.0,"relative_humidity":73.0,"turbulence_score":0.0,"icing_score":0.176,"convection_score":0.5}},{"type":"Feature","geometry":{"type":"Point","coordinates":[88.0,2.0]},"properties":{"wind_kt":17.6,"wind_from_deg":72.0,"temperature_c":-4.1,"relative_humidity":54.0,"turbulence_score":0.0,"icing_score":0.0,"convection_score":0.517}},{"type":"Feature","geometry":{"type":"Point","coordinates":[92.0,2.0]},"properties":{"wind_kt":16.8,"wind_from_deg":52.0,"temperature_c":-4.0,"relative_humidity":49.0,"turbulence_score":0.0,"icing_score":0.0,"convection_score":0.7}},{"type":"Feature","geometry":{"type":"Point","coordinates":[96.0,2.0]},"properties":{"wind_kt":17.5,"wind_from_deg":45.0,"temperature_c":-5.2,"relative_humidity":86.0,"turbulence_score":0.016,"icing_score":0.504,"convection_score":0.282}},{"type":"Feature","geometry":{"type":"Point","coordinates":[100.0,2.0]},"properties":{"wind_kt":15.9,"wind_from_deg":24.0,"temperature_c":-4.8,"relative_humidity":63.0,"turbulence_score":0.004,"icing_score":0.0,"convection_score":0.275}},{"type":"Feature","geometry":{"type":"Point","coordinates":[104.0,2.0]},"properties":{"wind_kt":14.3,"wind_from_deg":42.0,"temperature_c":-5.2,"relative_humidity":56.0,"turbulence_score":0.0,"icing_score":0.0,"convection_score":0.116}},{"type":"Feature","geometry":{"type":"Point","coordinates":[108.0,2.0]},"properties":{"wind_kt":13.0,"wind_from_deg":57.0,"temperature_c":-5.2,"relative_humidity":75.0,"turbulence_score":0.0,"icing_score":0.233,"convection_score":0.556}},{"type":"Feature","geometry":{"type":"Point","coordinates":[112.0,2.0]},"properties":{"wind_kt":14.5,"wind_from_deg":16.0,"temperature_c":-5.2,"relative_humidity":82.0,"turbulence_score":0.0,"icing_score":0.422,"convection_score":0.35}},{"type":"Feature","geometry":{"type":"Point","coordinates":[116.0,2.0]},"properties":{"wind_kt":1.8,"wind_from_deg":298.0,"temperature_c":-4.6,"relative_humidity":86.0,"turbulence_score":0.0,"icing_score":0.483,"convection_score":0.054}},{"type":"Feature","geometry":{"type":"Point","coordinates":[120.0,2.0]},"properties":{"wind_kt":3.0,"wind_from_deg":73.0,"temperature_c":-4.5,"relative_humidity":47.0,"turbulence_score":0.0,"icing_score":0.0,"convection_score":0.463}},{"type":"Feature","geometry":{"type":"Point","coordinates":[124.0,2.0]},"properties":{"wind_kt":5.9,"wind_from_deg":356.0,"temperature_c":-4.8,"relative_humidity":45.0,"turbulence_score":0.0,"icing_score":0.0,"convection_score":0.14}},{"type":"Feature","geometry":{"type":"Point","coordinates":[128.0,2.0]},"properties":{"wind_kt":2.2,"wind_from_deg":262.0,"temperature_c":-5.6,"relative_humidity":52.0,"turbulence_score":0.0,"icing_score":0.0,"convection_score":0.026}},{"type":"Feature","geometry":{"type":"Point","coordinates":[132.0,2.0]},"properties":{"wind_kt":4.9,"wind_from_deg":128.0,"temperature_c":-5.5,"relative_humidity":27.0,"turbulence_score":0.0,"icing_score":0.0,"convection_score":0.239}},{"type":"Feature","geometry":{"type":"Point","coordinates":[136.0,2.0]},"properties":{"wind_kt":7.5,"wind_from_deg":119.0,"temperature_c":-5.9,"relative_humidity":31.0,"turbulence_score":0.0,"icing_score":0.0,"convection_score":0.184}},{"type":"Feature","geometry":{"type":"Point","coordinates":[140.0,2.0]},"properties":{"wind_kt":11.3,"wind_from_deg":148.0,"temperature_c":-6.3,"relative_humidity":38.0,"turbulence_score":0.0,"icing_score":0.0,"convection_score":0.125}},{"type":"Feature","geometry":{"type":"Point","coordinates":[144.0,2.0]},"properties":{"wind_kt":10.4,"wind_from_deg":132.0,"temperature_c":-6.2,"relative_humidity":42.0,"turbulence_score":0.0,"icing_score":0.0,"convection_score":0.078}},{"type":"Feature","geometry":{"type":"Point","coordinates":[148.0,2.0]},"properties":{"wind_kt":7.9,"wind_from_deg":121.0,"temperature_c":-6.0,"relative_humidity":52.0,"turbulence_score":0.0,"icing_score":0.0,"convection_score":0.089}},{"type":"Feature","geometry":{"type":"Point","coordinates":[152.0,2.0]},"properties":{"wind_kt":8.5,"wind_from_deg":142.0,"temperature_c":-5.7,"relative_humidity":66.0,"turbulence_score":0.0,"icing_score":0.022,"convection_score":0.308}},{"type":"Feature","geometry":{"type":"Point","coordinates":[156.0,2.0]},"properties":{"wind_kt":12.9,"wind_from_deg":196.0,"temperature_c":-6.3,"relative_humidity":55.0,"turbulence_score":0.0,"icing_score":0.0,"convection_score":0.386}},{"type":"Feature","geometry":{"type":"Point","coordinates":[160.0,2.0]},"properties":{"wind_kt":10.3,"wind_from_deg":198.0,"temperature_c":-6.3,"relative_humidity":82.0,"turbulence_score":0.0,"icing_score":0.444,"convection_score":0.459}},{"type":"Feature","geometry":{"type":"Point","coordinates":[164.0,2.0]},"properties":{"wind_kt":4.6,"wind_from_deg":171.0,"temperature_c":-5.6,"relative_humidity":81.0,"turbulence_score":0.0,"icing_score":0.396,"convection_score":0.603}},{"type":"Feature","geometry":{"type":"Point","coordinates":[168.0,2.0]},"properties":{"wind_kt":1.4,"wind_from_deg":53.0,"temperature_c":-6.5,"relative_humidity":88.0,"turbulence_score":0.0,"icing_score":0.591,"convection_score":0.626}},{"type":"Feature","geometry":{"type":"Point","coordinates":[172.0,2.0]},"properties":{"wind_kt":1.8,"wind_from_deg":223.0,"temperature_c":-6.8,"relative_humidity":89.0,"turbulence_score":0.0,"icing_score":0.644,"convection_score":0.683}},{"type":"Feature","geometry":{"type":"Point","coordinates":[176.0,2.0]},"properties":{"wind_kt":4.5,"wind_from_deg":331.0,"temperature_c":-6.9,"relative_humidity":94.0,"turbulence_score":0.0,"icing_score":0.782,"convection_score":0.488}},{"type":"Feature","geometry":{"type":"Point","coordinates":[180.0,2.0]},"properties":{"wind_kt":8.3,"wind_from_deg":22.0,"temperature_c":-6.5,"relative_humidity":84.0,"turbulence_score":0.0,"icing_score":0.498,"convection_score":0.553}},{"type":"Feature","geometry":{"type":"Point","coordinates":[184.0,2.0]},"properties":{"wind_kt":9.2,"wind_from_deg":127.0,"temperature_c":-4.4,"relative_humidity":97.0,"turbulence_score":0.002,"icing_score":0.74,"convection_score":0.492}},{"type":"Feature","geometry":{"type":"Point","coordinates":[188.0,2.0]},"properties":{"wind_kt":7.2,"wind_from_deg":268.0,"temperature_c":-4.6,"relative_humidity":99.0,"turbulence_score":0.0,"icing_score":0.782,"convection_score":0.113}},{"type":"Feature","geometry":{"type":"Point","coordinates":[192.0,2.0]},"properties":{"wind_kt":17.1,"wind_from_deg":176.0,"temperature_c":-4.6,"relative_humidity":87.0,"turbulence_score":0.0,"icing_score":0.509,"convection_score":0.49}},{"type":"Feature","geometry":{"type":"Point","coordinates":[196.0,2.0]},"properties":{"wind_kt":6.5,"wind_from_deg":167.0,"temperature_c":-4.5,"relative_humidity":65.0,"turbulence_score":0.0,"icing_score":0.0,"convection_score":0.574}},{"type":"Feature","geometry":{"type":"Point","coordinates":[200.0,2.0]},"properties":{"wind_kt":1.7,"wind_from_deg":129.0,"temperature_c":-5.0,"relative_humidity":70.0,"turbulence_score":0.0,"icing_score":0.117,"convection_score":0.581}},{"type":"Feature","geometry":{"type":"Point","coordinates":[204.0,2.0]},"properties":{"wind_kt":3.8,"wind_from_deg":328.0,"temperature_c":-5.5,"relative_humidity":65.0,"turbulence_score":0.0,"icing_score":0.01,"convection_score":0.631}},{"type":"Feature","geometry":{"type":"Point","coordinates":[208.0,2.0]},"properties":{"wind_kt":4.2,"wind_from_deg":113.0,"temperature_c":-4.8,"relative_humidity":98.0,"turbulence_score":0.0,"icing_score":0.762,"convection_score":0.589}},{"type":"Feature","geometry":{"type":"Point","coordinates":[212.0,2.0]},"properties":{"wind_kt":6.6,"wind_from_deg":70.0,"temperature_c":-4.6,"relative_humidity":97.0,"turbulence_score":0.0,"icing_score":0.737,"convection_score":0.135}},{"type":"Feature","geometry":{"type":"Point","coordinates":[216.0,2.0]},"properties":{"wind_kt":10.8,"wind_from_deg":141.0,"temperature_c":-4.7,"relative_humidity":97.0,"turbulence_score":0.016,"icing_score":0.754,"convection_score":0.087}},{"type":"Feature","geometry":{"type":"Point","coordinates":[220.0,2.0]},"properties":{"wind_kt":15.3,"wind_from_deg":317.0,"temperature_c":-4.2,"relative_humidity":97.0,"turbulence_score":0.0,"icing_score":0.73,"convection_score":0.419}},{"type":"Feature","geometry":{"type":"Point","coordinates":[224.0,2.0]},"properties":{"wind_kt":6.2,"wind_from_deg":16.0,"temperature_c":-4.9,"relative_humidity":94.0,"turbulence_score":0.0,"icing_score":0.694,"convection_score":0.073}},{"type":"Feature","geometry":{"type":"Point","coordinates":[228.0,2.0]},"properties":{"wind_kt":3.7,"wind_from_deg":101.0,"temperature_c":-5.6,"relative_humidity":88.0,"turbulence_score":0.0,"icing_score":0.573,"convection_score":0.272}},{"type":"Feature","geometry":{"type":"Point","coordinates":[232.0,2.0]},"properties":{"wind_kt":8.1,"wind_from_deg":89.0,"temperature_c":-5.4,"relative_humidity":90.0,"turbulence_score":0.0,"icing_score":0.603,"convection_score":0.456}},{"type":"Feature","geometry":{"type":"Point","coordinates":[236.0,2.0]},"properties":{"wind_kt":14.8,"wind_from_deg":93.0,"temperature_c":-3.5,"relative_humidity":33.0,"turbulence_score":0.001,"icing_score":0.0,"convection_score":0.104}},{"type":"Feature","geometry":{"type":"Point","coordinates":[240.0,2.0]},"properties":{"wind_kt":6.6,"wind_from_deg":89.0,"temperature_c":-4.6,"relative_humidity":36.0,"turbulence_score":0.0,"icing_score":0.0,"convection_score":0.289}},{"type":"Feature","geometry":{"type":"Point","coordinates":[244.0,2.0]},"properties":{"wind_kt":14.0,"wind_from_deg":68.0,"temperature_c":-4.0,"relative_humidity":77.0,"turbulence_score":0.0,"icing_score":0.257,"convection_score":0.307}},{"type":"Feature","geometry":{"type":"Point","coordinates":[248.0,2.0]},"properties":{"wind_kt":10.9,"wind_from_deg":91.0,"temperature_c":-4.0,"relative_humidity":85.0,"turbulence_score":0.0,"icing_score":0.452,"convection_score":0.189}},{"type":"Feature","geometry":{"type":"Point","coordinates":[252.0,2.0]},"properties":{"wind_kt":8.6,"wind_from_deg":80.0,"temperature_c":-3.4,"relative_humidity":72.0,"turbulence_score":0.0,"icing_score":0.151,"convection_score":0.223}},{"type":"Feature","geometry":{"type":"Point","coordinates":[256.0,2.0]},"properties":{"wind_kt":4.3,"wind_from_deg":53.0,"temperature_c":-3.7,"relative_humidity":58.0,"turbulence_score":0.0,"icing_score":0.0,"convection_score":0.305}},{"type":"Feature","geometry":{"type":"Point","coordinates":[260.0,2.0]},"properties":{"wind_kt":4.1,"wind_from_deg":34.0,"temperature_c":-4.4,"relative_humidity":59.0,"turbulence_score":0.0,"icing_score":0.0,"convection_score":0.287}},{"type":"Feature","geometry":{"type":"Point","coordinates":[264.0,2.0]},"properties":{"wind_kt":3.2,"wind_from_deg":51.0,"temperature_c":-4.1,"relative_humidity":63.0,"turbulence_score":0.0,"icing_score":0.0,"convection_score":0.238}},{"type":"Feature","geometry":{"type":"Point","coordinates":[268.0,2.0]},"properties":{"wind_kt":7.1,"wind_from_deg":119.0,"temperature_c":-4.1,"relative_humidity":25.0,"turbulence_score":0.0,"icing_score":0.0,"convection_score":0.279}},{"type":"Feature","geometry":{"type":"Point","coordinates":[272.0,2.0]},"properties":{"wind_kt":11.6,"wind_from_deg":115.0,"temperature_c":-4.4,"relative_humidity":27.0,"turbulence_score":0.0,"icing_score":0.0,"convection_score":0.213}},{"type":"Feature","geometry":{"type":"Point","coordinates":[276.0,2.0]},"properties":{"wind_kt":14.0,"wind_from_deg":105.0,"temperature_c":-3.9,"relative_humidity":52.0,"turbulence_score":0.0,"icing_score":0.0,"convection_score":0.306}},{"type":"Feature","geometry":{"type":"Point","coordinates":[280.0,2.0]},"properties":{"wind_kt":9.7,"wind_from_deg":111.0,"temperature_c":-5.4,"relative_humidity":86.0,"turbulence_score":0.0,"icing_score":0.513,"convection_score":0.365}},{"type":"Feature","geometry":{"type":"Point","coordinates":[284.0,2.0]},"properties":{"wind_kt":8.6,"wind_from_deg":105.0,"temperature_c":-5.3,"relative_humidity":89.0,"turbulence_score":0.0,"icing_score":0.594,"convection_score":0.241}},{"type":"Feature","geometry":{"type":"Point","coordinates":[288.0,2.0]},"properties":{"wind_kt":3.9,"wind_from_deg":92.0,"temperature_c":-5.7,"relative_humidity":92.0,"turbulence_score":0.0,"icing_score":0.671,"convection_score":0.521}},{"type":"Feature","geometry":{"type":"Point","coordinates":[292.0,2.0]},"properties":{"wind_kt":4.6,"wind_from_deg":122.0,"temperature_c":-4.8,"relative_humidity":76.0,"turbulence_score":0.0,"icing_score":0.268,"convection_score":0.7}},{"type":"Feature","geometry":{"type":"Point","coordinates":[296.0,2.0]},"properties":{"wind_kt":3.6,"wind_from_deg":59.0,"temperature_c":-4.6,"relative_humidity":32.0,"turbulence_score":0.0,"icing_score":0.0,"convection_score":0.019}},{"type":"Feature","geometry":{"type":"Point","coordinates":[300.0,2.0]},"properties":{"wind_kt":12.7,"wind_from_deg":106.0,"temperature_c":-3.7,"relative_humidity":23.0,"turbulence_score":0.0,"icing_score":0.0,"convection_score":0.0}},{"type":"Feature","geometry":{"type":"Point","coordinates":[304.0,2.0]},"properties":{"wind_kt":4.1,"wind_from_deg":100.0,"temperature_c":-4.2,"relative_humidity":19.0,"turbulence_score":0.0,"icing_score":0.0,"convection_score":0.0}},{"type":"Feature","geometry":{"type":"Point","coordinates":[308.0,2.0]},"properties":{"wind_kt":4.3,"wind_from_deg":151.0,"temperature_c":-3.8,"relative_humidity":17.0,"turbulence_score":0.0,"icing_score":0.0,"convection_score":0.014}},{"type":"Feature","geometry":{"type":"Point","coordinates":[312.0,2.0]},"properties":{"wind_kt":4.3,"wind_from_deg":202.0,"temperature_c":-3.3,"relative_humidity":7.0,"turbulence_score":0.0,"icing_score":0.0,"convection_score":0.342}},{"type":"Feature","geometry":{"type":"Point","coordinates":[316.0,2.0]},"properties":{"wind_kt":6.6,"wind_from_deg":269.0,"temperature_c":-2.6,"relative_humidity":8.0,"turbulence_score":0.0,"icing_score":0.0,"convection_score":0.46}},{"type":"Feature","geometry":{"type":"Point","coordinates":[320.0,2.0]},"properties":{"wind_kt":9.8,"wind_from_deg":301.0,"temperature_c":-3.1,"relative_humidity":10.0,"turbulence_score":0.0,"icing_score":0.0,"convection_score":0.304}},{"type":"Feature","geometry":{"type":"Point","coordinates":[324.0,2.0]},"properties":{"wind_kt":11.4,"wind_from_deg":333.0,"temperature_c":-3.7,"relative_humidity":8.0,"turbulence_score":0.0,"icing_score":0.0,"convection_score":0.213}},{"type":"Feature","geometry":{"type":"Point","coordinates":[328.0,2.0]},"properties":{"wind_kt":17.4,"wind_from_deg":339.0,"temperature_c":-3.7,"relative_humidity":14.0,"turbulence_score":0.0,"icing_score":0.0,"convection_score":0.071}},{"type":"Feature","geometry":{"type":"Point","coordinates":[332.0,2.0]},"properties":{"wind_kt":19.3,"wind_from_deg":310.0,"temperature_c":-3.5,"relative_humidity":12.0,"turbulence_score":0.0,"icing_score":0.0,"convection_score":0.006}},{"type":"Feature","geometry":{"type":"Point","coordinates":[336.0,2.0]},"properties":{"wind_kt":7.9,"wind_from_deg":320.0,"temperature_c":-4.2,"relative_humidity":8.0,"turbulence_score":0.0,"icing_score":0.0,"convection_score":0.0}},{"type":"Feature","geometry":{"type":"Point","coordinates":[340.0,2.0]},"properties":{"wind_kt":13.7,"wind_from_deg":320.0,"temperature_c":-3.4,"relative_humidity":5.0,"turbulence_score":0.0,"icing_score":0.0,"convection_score":0.005}},{"type":"Feature","geometry":{"type":"Point","coordinates":[344.0,2.0]},"properties":{"wind_kt":3.9,"wind_from_deg":137.0,"temperature_c":-3.9,"relative_humidity":9.0,"turbulence_score":0.0,"icing_score":0.0,"convection_score":0.033}},{"type":"Feature","geometry":{"type":"Point","coordinates":[348.0,2.0]},"properties":{"wind_kt":11.8,"wind_from_deg":67.0,"temperature_c":-4.0,"relative_humidity":35.0,"turbulence_score":0.0,"icing_score":0.0,"convection_score":0.003}},{"type":"Feature","geometry":{"type":"Point","coordinates":[352.0,2.0]},"properties":{"wind_kt":9.4,"wind_from_deg":55.0,"temperature_c":-4.6,"relative_humidity":53.0,"turbulence_score":0.0,"icing_score":0.0,"convection_score":0.01}},{"type":"Feature","geometry":{"type":"Point","coordinates":[356.0,2.0]},"properties":{"wind_kt":5.8,"wind_from_deg":63.0,"temperature_c":-5.0,"relative_humidity":82.0,"turbulence_score":0.0,"icing_score":0.401,"convection_score":0.005}},{"type":"Feature","geometry":{"type":"Point","coordinates":[0.0,-2.0]},"properties":{"wind_kt":6.1,"wind_from_deg":20.0,"temperature_c":-4.3,"relative_humidity":16.0,"turbulence_score":0.0,"icing_score":0.0,"convection_score":0.0}},{"type":"Feature","geometry":{"type":"Point","coordinates":[4.0,-2.0]},"properties":{"wind_kt":6.7,"wind_from_deg":328.0,"temperature_c":-4.1,"relative_humidity":32.0,"turbulence_score":0.0,"icing_score":0.0,"convection_score":0.004}},{"type":"Feature","geometry":{"type":"Point","coordinates":[8.0,-2.0]},"properties":{"wind_kt":5.4,"wind_from_deg":12.0,"temperature_c":-4.9,"relative_humidity":27.0,"turbulence_score":0.0,"icing_score":0.0,"convection_score":0.009}},{"type":"Feature","geometry":{"type":"Point","coordinates":[12.0,-2.0]},"properties":{"wind_kt":14.9,"wind_from_deg":70.0,"temperature_c":-4.7,"relative_humidity":60.0,"turbulence_score":0.0,"icing_score":0.0,"convection_score":0.566}},{"type":"Feature","geometry":{"type":"Point","coordinates":[16.0,-2.0]},"properties":{"wind_kt":8.7,"wind_from_deg":70.0,"temperature_c":-4.8,"relative_humidity":88.0,"turbulence_score":0.0,"icing_score":0.549,"convection_score":0.548}},{"type":"Feature","geometry":{"type":"Point","coordinates":[20.0,-2.0]},"properties":{"wind_kt":19.6,"wind_from_deg":101.0,"temperature_c":-4.8,"relative_humidity":86.0,"turbulence_score":0.05,"icing_score":0.501,"convection_score":0.593}},{"type":"Feature","geometry":{"type":"Point","coordinates":[24.0,-2.0]},"properties":{"wind_kt":19.8,"wind_from_deg":89.0,"temperature_c":-3.7,"relative_humidity":64.0,"turbulence_score":0.04,"icing_score":0.0,"convection_score":0.469}},{"type":"Feature","geometry":{"type":"Point","coordinates":[28.0,-2.0]},"properties":{"wind_kt":18.1,"wind_from_deg":92.0,"temperature_c":-4.4,"relative_humidity":82.0,"turbulence_score":0.0,"icing_score":0.385,"convection_score":0.704}},{"type":"Feature","geometry":{"type":"Point","coordinates":[32.0,-2.0]},"properties":{"wind_kt":22.1,"wind_from_deg":79.0,"temperature_c":-4.4,"relative_humidity":61.0,"turbulence_score":0.0,"icing_score":0.0,"convection_score":0.313}},{"type":"Feature","geometry":{"type":"Point","coordinates":[36.0,-2.0]},"properties":{"wind_kt":14.8,"wind_from_deg":84.0,"temperature_c":-5.3,"relative_humidity":45.0,"turbulence_score":0.0,"icing_score":0.0,"convection_score":0.033}},{"type":"Feature","geometry":{"type":"Point","coordinates":[40.0,-2.0]},"properties":{"wind_kt":11.2,"wind_from_deg":104.0,"temperature_c":-5.3,"relative_humidity":57.0,"turbulence_score":0.0,"icing_score":0.0,"convection_score":0.116}},{"type":"Feature","geometry":{"type":"Point","coordinates":[44.0,-2.0]},"properties":{"wind_kt":8.7,"wind_from_deg":108.0,"temperature_c":-4.9,"relative_humidity":69.0,"turbulence_score":0.0,"icing_score":0.104,"convection_score":0.262}},{"type":"Feature","geometry":{"type":"Point","coordinates":[48.0,-2.0]},"properties":{"wind_kt":8.0,"wind_from_deg":96.0,"temperature_c":-4.8,"relative_humidity":82.0,"turbulence_score":0.0,"icing_score":0.387,"convection_score":0.252}},{"type":"Feature","geometry":{"type":"Point","coordinates":[52.0,-2.0]},"properties":{"wind_kt":16.1,"wind_from_deg":88.0,"temperature_c":-4.9,"relative_humidity":74.0,"turbulence_score":0.02,"icing_score":0.208,"convection_score":0.375}},{"type":"Feature","geometry":{"type":"Point","coordinates":[56.0,-2.0]},"properties":{"wind_kt":17.1,"wind_from_deg":77.0,"temperature_c":-4.8,"relative_humidity":66.0,"turbulence_score":0.0,"icing_score":0.03,"convection_score":0.304}},{"type":"Feature","geometry":{"type":"Point","coordinates":[60.0,-2.0]},"properties":{"wind_kt":15.8,"wind_from_deg":83.0,"temperature_c":-4.9,"relative_humidity":74.0,"turbulence_score":0.0,"icing_score":0.21,"convection_score":0.183}},{"type":"Feature","geometry":{"type":"Point","coordinates":[64.0,-2.0]},"properties":{"wind_kt":17.7,"wind_from_deg":84.0,"temperature_c":-4.7,"relative_humidity":91.0,"turbulence_score":0.0,"icing_score":0.61,"convection_score":0.251}},{"type":"Feature","geometry":{"type":"Point","coordinates":[68.0,-2.0]},"properties":{"wind_kt":17.3,"wind_from_deg":100.0,"temperature_c":-4.4,"relative_humidity":74.0,"turbulence_score":0.0,"icing_score":0.205,"convection_score":0.326}},{"type":"Feature","geometry":{"type":"Point","coordinates":[72.0,-2.0]},"properties":{"wind_kt":20.3,"wind_from_deg":95.0,"temperature_c":-5.0,"relative_humidity":62.0,"turbulence_score":0.009,"icing_score":0.0,"convection_score":0.397}},{"type":"Feature","geometry":{"type":"Point","coordinates":[76.0,-2.0]},"properties":{"wind_kt":20.0,"wind_from_deg":120.0,"temperature_c":-5.1,"relative_humidity":57.0,"turbulence_score":0.0,"icing_score":0.0,"convection_score":0.509}},{"type":"Feature","geometry":{"type":"Point","coordinates":[80.0,-2.0]},"properties":{"wind_kt":18.6,"wind_from_deg":114.0,"temperature_c":-5.1,"relative_humidity":82.0,"turbulence_score":0.0,"icing_score":0.416,"convection_score":0.618}},{"type":"Feature","geometry":{"type":"Point","coordinates":[84.0,-2.0]},"properties":{"wind_kt":13.6,"wind_from_deg":88.0,"temperature_c":-4.4,"relative_humidity":73.0,"turbulence_score":0.0,"icing_score":0.185,"convection_score":0.446}},{"type":"Feature","geometry":{"type":"Point","coordinates":[88.0,-2.0]},"properties":{"wind_kt":10.7,"wind_from_deg":115.0,"temperature_c":-5.3,"relative_humidity":89.0,"turbulence_score":0.0,"icing_score":0.587,"convection_score":0.662}},{"type":"Feature","geometry":{"type":"Point","coordinates":[92.0,-2.0]},"properties":{"wind_kt":11.4,"wind_from_deg":69.0,"temperature_c":-5.9,"relative_humidity":79.0,"turbulence_score":0.0,"icing_score":0.357,"convection_score":0.623}},{"type":"Feature","geometry":{"type":"Point","coordinates":[96.0,-2.0]},"properties":{"wind_kt":18.1,"wind_from_deg":53.0,"temperature_c":-5.9,"relative_humidity":60.0,"turbulence_score":0.0,"icing_score":0.0,"convection_score":0.553}},{"type":"Feature","geometry":{"type":"Point","coordinates":[100.0,-2.0]},"properties":{"wind_kt":21.7,"wind_from_deg":60.0,"temperature_c":-5.0,"relative_humidity":58.0,"turbulence_score":0.028,"icing_score":0.0,"convection_score":0.522}},{"type":"Feature","geometry":{"type":"Point","coordinates":[104.0,-2.0]},"properties":{"wind_kt":18.2,"wind_from_deg":56.0,"temperature_c":-5.6,"relative_humidity":73.0,"turbulence_score":0.0,"icing_score":0.194,"convection_score":0.056}},{"type":"Feature","geometry":{"type":"Point","coordinates":[108.0,-2.0]},"properties":{"wind_kt":13.4,"wind_from_deg":55.0,"temperature_c":-5.1,"relative_humidity":69.0,"turbulence_score":0.0,"icing_score":0.086,"convection_score":0.205}},{"type":"Feature","geometry":{"type":"Point","coordinates":[112.0,-2.0]},"properties":{"wind_kt":9.0,"wind_from_deg":47.0,"temperature_c":-5.2,"relative_humidity":74.0,"turbulence_score":0.0,"icing_score":0.219,"convection_score":0.002}},{"type":"Feature","geometry":{"type":"Point","coordinates":[116.0,-2.0]},"properties":{"wind_kt":6.1,"wind_from_deg":37.0,"temperature_c":-5.0,"relative_humidity":35.0,"turbulence_score":0.0,"icing_score":0.0,"convection_score":0.0}},{"type":"Feature","geometry":{"type":"Point","coordinates":[120.0,-2.0]},"properties":{"wind_kt":6.7,"wind_from_deg":13.0,"temperature_c":-5.2,"relative_humidity":37.0,"turbulence_score":0.0,"icing_score":0.0,"convection_score":0.003}},{"type":"Feature","geometry":{"type":"Point","coordinates":[124.0,-2.0]},"properties":{"wind_kt":0.8,"wind_from_deg":70.0,"temperature_c":-4.7,"relative_humidity":13.0,"turbulence_score":0.0,"icing_score":0.0,"convection_score":0.093}},{"type":"Feature","geometry":{"type":"Point","coordinates":[128.0,-2.0]},"properties":{"wind_kt":1.5,"wind_from_deg":233.0,"temperature_c":-5.2,"relative_humidity":16.0,"turbulence_score":0.0,"icing_score":0.0,"convection_score":0.062}},{"type":"Feature","geometry":{"type":"Point","coordinates":[132.0,-2.0]},"properties":{"wind_kt":7.5,"wind_from_deg":132.0,"temperature_c":-5.8,"relative_humidity":26.0,"turbulence_score":0.0,"icing_score":0.0,"convection_score":0.159}},{"type":"Feature","geometry":{"type":"Point","coordinates":[136.0,-2.0]},"properties":{"wind_kt":10.1,"wind_from_deg":118.0,"temperature_c":-5.1,"relative_humidity":63.0,"turbulence_score":0.0,"icing_score":0.0,"convection_score":0.377}},{"type":"Feature","geometry":{"type":"Point","coordinates":[140.0,-2.0]},"properties":{"wind_kt":9.5,"wind_from_deg":135.0,"temperature_c":-5.1,"relative_humidity":47.0,"turbulence_score":0.0,"icing_score":0.0,"convection_score":0.357}},{"type":"Feature","geometry":{"type":"Point","coordinates":[144.0,-2.0]},"properties":{"wind_kt":5.2,"wind_from_deg":104.0,"temperature_c":-4.9,"relative_humidity":32.0,"turbulence_score":0.0,"icing_score":0.0,"convection_score":0.175}},{"type":"Feature","geometry":{"type":"Point","coordinates":[148.0,-2.0]},"properties":{"wind_kt":5.5,"wind_from_deg":123.0,"temperature_c":-5.3,"relative_humidity":41.0,"turbulence_score":0.0,"icing_score":0.0,"convection_score":0.231}},{"type":"Feature","geometry":{"type":"Point","coordinates":[152.0,-2.0]},"properties":{"wind_kt":9.3,"wind_from_deg":178.0,"temperature_c":-5.6,"relative_humidity":40.0,"turbulence_score":0.0,"icing_score":0.0,"convection_score":0.111}},{"type":"Feature","geometry":{"type":"Point","coordinates":[156.0,-2.0]},"properties":{"wind_kt":21.1,"wind_from_deg":168.0,"temperature_c":-6.0,"relative_humidity":41.0,"turbulence_score":0.057,"icing_score":0.0,"convection_score":0.378}},{"type":"Feature","geometry":{"type":"Point","coordinates":[160.0,-2.0]},"properties":{"wind_kt":13.6,"wind_from_deg":173.0,"temperature_c":-6.5,"relative_humidity":48.0,"turbulence_score":0.0,"icing_score":0.0,"convection_score":0.375}},{"type":"Feature","geometry":{"type":"Point","coordinates":[164.0,-2.0]},"properties":{"wind_kt":10.4,"wind_from_deg":155.0,"temperature_c":-6.6,"relative_humidity":74.0,"turbulence_score":0.0,"icing_score":0.24,"convection_score":0.454}},{"type":"Feature","geometry":{"type":"Point","coordinates":[168.0,-2.0]},"properties":{"wind_kt":10.2,"wind_from_deg":168.0,"temperature_c":-6.5,"relative_humidity":86.0,"turbulence_score":0.0,"icing_score":0.557,"convection_score":0.616}},{"type":"Feature","geometry":{"type":"Point","coordinates":[172.0,-2.0]},"properties":{"wind_kt":8.9,"wind_from_deg":205.0,"temperature_c":-6.4,"relative_humidity":96.0,"turbulence_score":0.0,"icing_score":0.794,"convection_score":0.7}},{"type":"Feature","geometry":{"type":"Point","coordinates":[176.0,-2.0]},"properties":{"wind_kt":10.7,"wind_from_deg":281.0,"temperature_c":-5.7,"relative_humidity":95.0,"turbulence_score":0.0,"icing_score":0.744,"convection_score":0.38}},{"type":"Feature","geometry":{"type":"Point","coordinates":[180.0,-2.0]},"properties":{"wind_kt":17.3,"wind_from_deg":293.0,"temperature_c":-5.7,"relative_humidity":97.0,"turbulence_score":0.0,"icing_score":0.793,"convection_score":0.334}},{"type":"Feature","geometry":{"type":"Point","coordinates":[184.0,-2.0]},"properties":{"wind_kt":12.5,"wind_from_deg":210.0,"temperature_c":-5.6,"relative_humidity":97.0,"turbulence_score":0.0,"icing_score":0.795,"convection_score":0.43}},{"type":"Feature","geometry":{"type":"Point","coordinates":[188.0,-2.0]},"properties":{"wind_kt":8.8,"wind_from_deg":209.0,"temperature_c":-3.9,"relative_humidity":77.0,"turbulence_score":0.037,"icing_score":0.273,"convection_score":0.413}},{"type":"Feature","geometry":{"type":"Point","coordinates":[192.0,-2.0]},"properties":{"wind_kt":7.1,"wind_from_deg":174.0,"temperature_c":-4.5,"relative_humidity":90.0,"turbulence_score":0.0,"icing_score":0.58,"convection_score":0.369}},{"type":"Feature","geometry":{"type":"Point","coordinates":[196.0,-2.0]},"properties":{"wind_kt":9.1,"wind_from_deg":111.0,"temperature_c":-4.6,"relative_humidity":34.0,"turbulence_score":0.0,"icing_score":0.0,"convection_score":0.181}},{"type":"Feature","geometry":{"type":"Point","coordinates":[200.0,-2.0]},"properties":{"wind_kt":11.8,"wind_from_deg":117.0,"temperature_c":-4.7,"relative_humidity":28.0,"turbulence_score":0.0,"icing_score":0.0,"convection_score":0.365}},{"type":"Feature","geometry":{"type":"Point","coordinates":[204.0,-2.0]},"properties":{"wind_kt":12.6,"wind_from_deg":67.0,"temperature_c":-4.1,"relative_humidity":46.0,"turbulence_score":0.0,"icing_score":0.0,"convection_score":0.327}},{"type":"Feature","geometry":{"type":"Point","coordinates":[208.0,-2.0]},"properties":{"wind_kt":11.9,"wind_from_deg":107.0,"temperature_c":-5.8,"relative_humidity":76.0,"turbulence_score":0.0,"icing_score":0.288,"convection_score":0.326}},{"type":"Feature","geometry":{"type":"Point","coordinates":[212.0,-2.0]},"properties":{"wind_kt":15.3,"wind_from_deg":81.0,"temperature_c":-5.2,"relative_humidity":88.0,"turbulence_score":0.0,"icing_score":0.556,"convection_score":0.097}},{"type":"Feature","geometry":{"type":"Point","coordinates":[216.0,-2.0]},"properties":{"wind_kt":21.4,"wind_from_deg":67.0,"temperature_c":-4.8,"relative_humidity":87.0,"turbulence_score":0.058,"icing_score":0.52,"convection_score":0.057}},{"type":"Feature","geometry":{"type":"Point","coordinates":[220.0,-2.0]},"properties":{"wind_kt":13.3,"wind_from_deg":18.0,"temperature_c":-4.5,"relative_humidity":72.0,"turbulence_score":0.0,"icing_score":0.17,"convection_score":0.117}},{"type":"Feature","geometry":{"type":"Point","coordinates":[224.0,-2.0]},"properties":{"wind_kt":15.9,"wind_from_deg":16.0,"temperature_c":-5.1,"relative_humidity":90.0,"turbulence_score":0.0,"icing_score":0.6,"convection_score":0.301}},{"type":"Feature","geometry":{"type":"Point","coordinates":[228.0,-2.0]},"properties":{"wind_kt":13.0,"wind_from_deg":32.0,"temperature_c":-5.7,"relative_humidity":88.0,"turbulence_score":0.0,"icing_score":0.581,"convection_score":0.37}},{"type":"Feature","geometry":{"type":"Point","coordinates":[232.0,-2.0]},"properties":{"wind_kt":13.9,"wind_from_deg":63.0,"temperature_c":-5.4,"relative_humidity":80.0,"turbulence_score":0.001,"icing_score":0.367,"convection_score":0.407}},{"type":"Feature","geometry":{"type":"Point","coordinates":[236.0,-2.0]},"properties":{"wind_kt":12.6,"wind_from_deg":55.0,"temperature_c":-3.0,"relative_humidity":10.0,"turbulence_score":0.0,"icing_score":0.0,"convection_score":0.149}},{"type":"Feature","geometry":{"type":"Point","coordinates":[240.0,-2.0]},"properties":{"wind_kt":7.9,"wind_from_deg":65.0,"temperature_c":-3.6,"relative_humidity":9.0,"turbulence_score":0.0,"icing_score":0.0,"convection_score":0.003}},{"type":"Feature","geometry":{"type":"Point","coordinates":[244.0,-2.0]},"properties":{"wind_kt":4.6,"wind_from_deg":180.0,"temperature_c":-3.1,"relative_humidity":6.0,"turbulence_score":0.0,"icing_score":0.0,"convection_score":0.021}},{"type":"Feature","geometry":{"type":"Point","coordinates":[248.0,-2.0]},"properties":{"wind_kt":2.6,"wind_from_deg":202.0,"temperature_c":-4.0,"relative_humidity":36.0,"turbulence_score":0.0,"icing_score":0.0,"convection_score":0.028}},{"type":"Feature","geometry":{"type":"Point","coordinates":[252.0,-2.0]},"properties":{"wind_kt":3.6,"wind_from_deg":359.0,"temperature_c":-5.0,"relative_humidity":60.0,"turbulence_score":0.0,"icing_score":0.0,"convection_score":0.078}},{"type":"Feature","geometry":{"type":"Point","coordinates":[256.0,-2.0]},"properties":{"wind_kt":2.4,"wind_from_deg":220.0,"temperature_c":-5.5,"relative_humidity":43.0,"turbulence_score":0.0,"icing_score":0.0,"convection_score":0.105}},{"type":"Feature","geometry":{"type":"Point","coordinates":[260.0,-2.0]},"properties":{"wind_kt":1.0,"wind_from_deg":133.0,"temperature_c":-6.7,"relative_humidity":27.0,"turbulence_score":0.0,"icing_score":0.0,"convection_score":0.12}},{"type":"Feature","geometry":{"type":"Point","coordinates":[264.0,-2.0]},"properties":{"wind_kt":11.7,"wind_from_deg":65.0,"temperature_c":-6.1,"relative_humidity":28.0,"turbulence_score":0.0,"icing_score":0.0,"convection_score":0.035}},{"type":"Feature","geometry":{"type":"Point","coordinates":[268.0,-2.0]},"properties":{"wind_kt":11.2,"wind_from_deg":47.0,"temperature_c":-4.1,"relative_humidity":18.0,"turbulence_score":0.0,"icing_score":0.0,"convection_score":0.045}},{"type":"Feature","geometry":{"type":"Point","coordinates":[272.0,-2.0]},"properties":{"wind_kt":20.9,"wind_from_deg":99.0,"temperature_c":-3.5,"relative_humidity":18.0,"turbulence_score":0.014,"icing_score":0.0,"convection_score":0.249}},{"type":"Feature","geometry":{"type":"Point","coordinates":[276.0,-2.0]},"properties":{"wind_kt":26.7,"wind_from_deg":99.0,"temperature_c":-3.5,"relative_humidity":24.0,"turbulence_score":0.119,"icing_score":0.0,"convection_score":0.215}},{"type":"Feature","geometry":{"type":"Point","coordinates":[280.0,-2.0]},"properties":{"wind_kt":22.7,"wind_from_deg":90.0,"temperature_c":-4.4,"relative_humidity":28.0,"turbulence_score":0.077,"icing_score":0.0,"convection_score":0.303}},{"type":"Feature","geometry":{"type":"Point","coordinates":[284.0,-2.0]},"properties":{"wind_kt":16.9,"wind_from_deg":91.0,"temperature_c":-5.4,"relative_humidity":31.0,"turbulence_score":0.012,"icing_score":0.0,"convection_score":0.528}},{"type":"Feature","geometry":{"type":"Point","coordinates":[288.0,-2.0]},"properties":{"wind_kt":11.8,"wind_from_deg":104.0,"temperature_c":-6.4,"relative_humidity":66.0,"turbulence_score":0.0,"icing_score":0.039,"convection_score":0.617}},{"type":"Feature","geometry":{"type":"Point","coordinates":[292.0,-2.0]},"properties":{"wind_kt":3.7,"wind_from_deg":149.0,"temperature_c":-6.1,"relative_humidity":87.0,"turbulence_score":0.0,"icing_score":0.565,"convection_score":0.562}},{"type":"Feature","geometry":{"type":"Point","coordinates":[296.0,-2.0]},"properties":{"wind_kt":2.0,"wind_from_deg":283.0,"temperature_c":-4.9,"relative_humidity":58.0,"turbulence_score":0.0,"icing_score":0.0,"convection_score":0.136}},{"type":"Feature","geometry":{"type":"Point","coordinates":[300.0,-2.0]},"properties":{"wind_kt":11.2,"wind_from_deg":82.0,"temperature_c":-3.9,"relative_humidity":50.0,"turbulence_score":0.0,"icing_score":0.0,"convection_score":0.019}},{"type":"Feature","geometry":{"type":"Point","coordinates":[304.0,-2.0]},"properties":{"wind_kt":7.2,"wind_from_deg":134.0,"temperature_c":-4.3,"relative_humidity":32.0,"turbulence_score":0.0,"icing_score":0.0,"convection_score":0.0}},{"type":"Feature","geometry":{"type":"Point","coordinates":[308.0,-2.0]},"properties":{"wind_kt":2.4,"wind_from_deg":63.0,"temperature_c":-2.5,"relative_humidity":20.0,"turbulence_score":0.0,"icing_score":0.0,"convection_score":0.004}},{"type":"Feature","geometry":{"type":"Point","coordinates":[312.0,-2.0]},"properties":{"wind_kt":7.8,"wind_from_deg":113.0,"temperature_c":-2.1,"relative_humidity":4.0,"turbulence_score":0.0,"icing_score":0.0,"convection_score":0.031}},{"type":"Feature","geometry":{"type":"Point","coordinates":[316.0,-2.0]},"properties":{"wind_kt":6.7,"wind_from_deg":103.0,"temperature_c":-2.5,"relative_humidity":2.0,"turbulence_score":0.0,"icing_score":0.0,"convection_score":0.222}},{"type":"Feature","geometry":{"type":"Point","coordinates":[320.0,-2.0]},"properties":{"wind_kt":3.0,"wind_from_deg":30.0,"temperature_c":-4.3,"relative_humidity":3.0,"turbulence_score":0.0,"icing_score":0.0,"convection_score":0.222}},{"type":"Feature","geometry":{"type":"Point","coordinates":[324.0,-2.0]},"properties":{"wind_kt":8.1,"wind_from_deg":15.0,"temperature_c":-3.8,"relative_humidity":3.0,"turbulence_score":0.0,"icing_score":0.0,"convection_score":0.102}},{"type":"Feature","geometry":{"type":"Point","coordinates":[328.0,-2.0]},"properties":{"wind_kt":9.8,"wind_from_deg":1.0,"temperature_c":-3.9,"relative_humidity":2.0,"turbulence_score":0.0,"icing_score":0.0,"convection_score":0.071}},{"type":"Feature","geometry":{"type":"Point","coordinates":[332.0,-2.0]},"properties":{"wind_kt":11.6,"wind_from_deg":4.0,"temperature_c":-3.3,"relative_humidity":4.0,"turbulence_score":0.0,"icing_score":0.0,"convection_score":0.07}},{"type":"Feature","geometry":{"type":"Point","coordinates":[336.0,-2.0]},"properties":{"wind_kt":10.9,"wind_from_deg":14.0,"temperature_c":-3.2,"relative_humidity":4.0,"turbulence_score":0.0,"icing_score":0.0,"convection_score":0.047}},{"type":"Feature","geometry":{"type":"Point","coordinates":[340.0,-2.0]},"properties":{"wind_kt":6.0,"wind_from_deg":31.0,"temperature_c":-2.9,"relative_humidity":3.0,"turbulence_score":0.0,"icing_score":0.0,"convection_score":0.004}},{"type":"Feature","geometry":{"type":"Point","coordinates":[344.0,-2.0]},"properties":{"wind_kt":4.9,"wind_from_deg":78.0,"temperature_c":-3.3,"relative_humidity":3.0,"turbulence_score":0.0,"icing_score":0.0,"convection_score":0.0}},{"type":"Feature","geometry":{"type":"Point","coordinates":[348.0,-2.0]},"properties":{"wind_kt":7.7,"wind_from_deg":35.0,"temperature_c":-4.0,"relative_humidity":9.0,"turbulence_score":0.0,"icing_score":0.0,"convection_score":0.072}},{"type":"Feature","geometry":{"type":"Point","coordinates":[352.0,-2.0]},"properties":{"wind_kt":9.1,"wind_from_deg":8.0,"temperature_c":-3.9,"relative_humidity":24.0,"turbulence_score":0.0,"icing_score":0.0,"convection_score":0.024}},{"type":"Feature","geometry":{"type":"Point","coordinates":[356.0,-2.0]},"properties":{"wind_kt":3.4,"wind_from_deg":281.0,"temperature_c":-4.6,"relative_humidity":3.0,"turbulence_score":0.0,"icing_score":0.0,"convection_score":0.002}},{"type":"Feature","geometry":{"type":"Point","coordinates":[0.0,-6.0]},"properties":{"wind_kt":5.2,"wind_from_deg":67.0,"temperature_c":-5.0,"relative_humidity":5.0,"turbulence_score":0.0,"icing_score":0.0,"convection_score":0.005}},{"type":"Feature","geometry":{"type":"Point","coordinates":[4.0,-6.0]},"properties":{"wind_kt":4.8,"wind_from_deg":34.0,"temperature_c":-4.7,"relative_humidity":5.0,"turbulence_score":0.0,"icing_score":0.0,"convection_score":0.003}},{"type":"Feature","geometry":{"type":"Point","coordinates":[8.0,-6.0]},"properties":{"wind_kt":6.3,"wind_from_deg":340.0,"temperature_c":-5.7,"relative_humidity":9.0,"turbulence_score":0.0,"icing_score":0.0,"convection_score":0.003}},{"type":"Feature","geometry":{"type":"Point","coordinates":[12.0,-6.0]},"properties":{"wind_kt":7.7,"wind_from_deg":35.0,"temperature_c":-6.1,"relative_humidity":41.0,"turbulence_score":0.0,"icing_score":0.0,"convection_score":0.0}},{"type":"Feature","geometry":{"type":"Point","coordinates":[16.0,-6.0]},"properties":{"wind_kt":7.2,"wind_from_deg":47.0,"temperature_c":-4.9,"relative_humidity":71.0,"turbulence_score":0.0,"icing_score":0.14,"convection_score":0.151}},{"type":"Feature","geometry":{"type":"Point","coordinates":[20.0,-6.0]},"properties":{"wind_kt":15.4,"wind_from_deg":59.0,"temperature_c":-3.8,"relative_humidity":40.0,"turbulence_score":0.0,"icing_score":0.0,"convection_score":0.221}},{"type":"Feature","geometry":{"type":"Point","coordinates":[24.0,-6.0]},"properties":{"wind_kt":19.7,"wind_from_deg":101.0,"temperature_c":-3.9,"relative_humidity":44.0,"turbulence_score":0.033,"icing_score":0.0,"convection_score":0.415}},{"type":"Feature","geometry":{"type":"Point","coordinates":[28.0,-6.0]},"properties":{"wind_kt":21.9,"wind_from_deg":97.0,"temperature_c":-3.8,"relative_humidity":28.0,"turbulence_score":0.0,"icing_score":0.0,"convection_score":0.36}},{"type":"Feature","geometry":{"type":"Point","coordinates":[32.0,-6.0]},"properties":{"wind_kt":20.0,"wind_from_deg":91.0,"temperature_c":-4.9,"relative_humidity":63.0,"turbulence_score":0.0,"icing_score":0.0,"convection_score":0.036}},{"type":"Feature","geometry":{"type":"Point","coordinates":[36.0,-6.0]},"properties":{"wind_kt":10.7,"wind_from_deg":77.0,"temperature_c":-4.3,"relative_humidity":45.0,"turbulence_score":0.0,"icing_score":0.0,"convection_score":0.0}},{"type":"Feature","geometry":{"type":"Point","coordinates":[40.0,-6.0]},"properties":{"wind_kt":11.5,"wind_from_deg":106.0,"temperature_c":-4.5,"relative_humidity":50.0,"turbulence_score":0.0,"icing_score":0.0,"convection_score":0.044}},{"type":"Feature","geometry":{"type":"Point","coordinates":[44.0,-6.0]},"properties":{"wind_kt":17.9,"wind_from_deg":88.0,"temperature_c":-4.4,"relative_humidity":47.0,"turbulence_score":0.0,"icing_score":0.0,"convection_score":0.203}},{"type":"Feature","geometry":{"type":"Point","coordinates":[48.0,-6.0]},"properties":{"wind_kt":14.7,"wind_from_deg":90.0,"temperature_c":-5.3,"relative_humidity":70.0,"turbulence_score":0.0,"icing_score":0.114,"convection_score":0.265}},{"type":"Feature","geometry":{"type":"Point","coordinates":[52.0,-6.0]},"properties":{"wind_kt":9.4,"wind_from_deg":109.0,"temperature_c":-5.7,"relative_humidity":70.0,"turbulence_score":0.0,"icing_score":0.137,"convection_score":0.417}},{"type":"Feature","geometry":{"type":"Point","coordinates":[56.0,-6.0]},"properties":{"wind_kt":15.9,"wind_from_deg":74.0,"temperature_c":-5.9,"relative_humidity":89.0,"turbulence_score":0.0,"icing_score":0.616,"convection_score":0.597}},{"type":"Feature","geometry":{"type":"Point","coordinates":[60.0,-6.0]},"properties":{"wind_kt":14.7,"wind_from_deg":81.0,"temperature_c":-5.4,"relative_humidity":62.0,"turbulence_score":0.0,"icing_score":0.0,"convection_score":0.425}},{"type":"Feature","geometry":{"type":"Point","coordinates":[64.0,-6.0]},"properties":{"wind_kt":17.0,"wind_from_deg":64.0,"temperature_c":-5.0,"relative_humidity":60.0,"turbulence_score":0.0,"icing_score":0.0,"convection_score":0.39}},{"type":"Feature","geometry":{"type":"Point","coordinates":[68.0,-6.0]},"properties":{"wind_kt":18.4,"wind_from_deg":74.0,"temperature_c":-5.4,"relative_humidity":89.0,"turbulence_score":0.0,"icing_score":0.593,"convection_score":0.288}},{"type":"Feature","geometry":{"type":"Point","coordinates":[72.0,-6.0]},"properties":{"wind_kt":22.1,"wind_from_deg":89.0,"temperature_c":-4.0,"relative_humidity":76.0,"turbulence_score":0.0,"icing_score":0.244,"convection_score":0.42}},{"type":"Feature","geometry":{"type":"Point","coordinates":[76.0,-6.0]},"properties":{"wind_kt":17.0,"wind_from_deg":97.0,"temperature_c":-4.2,"relative_humidity":36.0,"turbulence_score":0.0,"icing_score":0.0,"convection_score":0.669}},{"type":"Feature","geometry":{"type":"Point","coordinates":[80.0,-6.0]},"properties":{"wind_kt":20.3,"wind_from_deg":103.0,"temperature_c":-4.4,"relative_humidity":8.0,"turbulence_score":0.0,"icing_score":0.0,"convection_score":0.231}},{"type":"Feature","geometry":{"type":"Point","coordinates":[84.0,-6.0]},"properties":{"wind_kt":17.6,"wind_from_deg":98.0,"temperature_c":-4.2,"relative_humidity":16.0,"turbulence_score":0.0,"icing_score":0.0,"convection_score":0.562}},{"type":"Feature","geometry":{"type":"Point","coordinates":[88.0,-6.0]},"properties":{"wind_kt":18.8,"wind_from_deg":98.0,"temperature_c":-4.9,"relative_humidity":12.0,"turbulence_score":0.0,"icing_score":0.0,"convection_score":0.521}},{"type":"Feature","geometry":{"type":"Point","coordinates":[92.0,-6.0]},"properties":{"wind_kt":14.8,"wind_from_deg":100.0,"temperature_c":-5.0,"relative_humidity":5.0,"turbulence_score":0.0,"icing_score":0.0,"convection_score":0.471}},{"type":"Feature","geometry":{"type":"Point","coordinates":[96.0,-6.0]},"properties":{"wind_kt":16.7,"wind_from_deg":71.0,"temperature_c":-5.8,"relative_humidity":32.0,"turbulence_score":0.0,"icing_score":0.0,"convection_score":0.409}},{"type":"Feature","geometry":{"type":"Point","coordinates":[100.0,-6.0]},"properties":{"wind_kt":22.2,"wind_from_deg":78.0,"temperature_c":-4.9,"relative_humidity":23.0,"turbulence_score":0.044,"icing_score":0.0,"convection_score":0.243}},{"type":"Feature","geometry":{"type":"Point","coordinates":[104.0,-6.0]},"properties":{"wind_kt":18.7,"wind_from_deg":56.0,"temperature_c":-5.1,"relative_humidity":36.0,"turbulence_score":0.017,"icing_score":0.0,"convection_score":0.249}},{"type":"Feature","geometry":{"type":"Point","coordinates":[108.0,-6.0]},"properties":{"wind_kt":17.2,"wind_from_deg":74.0,"temperature_c":-4.8,"relative_humidity":12.0,"turbulence_score":0.016,"icing_score":0.0,"convection_score":0.278}},{"type":"Feature","geometry":{"type":"Point","coordinates":[112.0,-6.0]},"properties":{"wind_kt":12.3,"wind_from_deg":84.0,"temperature_c":-4.6,"relative_humidity":10.0,"turbulence_score":0.0,"icing_score":0.0,"convection_score":0.341}},{"type":"Feature","geometry":{"type":"Point","coordinates":[116.0,-6.0]},"properties":{"wind_kt":6.4,"wind_from_deg":42.0,"temperature_c":-4.5,"relative_humidity":10.0,"turbulence_score":0.0,"icing_score":0.0,"convection_score":0.144}},{"type":"Feature","geometry":{"type":"Point","coordinates":[120.0,-6.0]},"properties":{"wind_kt":7.3,"wind_from_deg":74.0,"temperature_c":-3.7,"relative_humidity":10.0,"turbulence_score":0.0,"icing_score":0.0,"convection_score":0.148}},{"type":"Feature","geometry":{"type":"Point","coordinates":[124.0,-6.0]},"properties":{"wind_kt":6.6,"wind_from_deg":88.0,"temperature_c":-3.9,"relative_humidity":19.0,"turbulence_score":0.0,"icing_score":0.0,"convection_score":0.032}},{"type":"Feature","geometry":{"type":"Point","coordinates":[128.0,-6.0]},"properties":{"wind_kt":5.2,"wind_from_deg":76.0,"temperature_c":-4.6,"relative_humidity":21.0,"turbulence_score":0.0,"icing_score":0.0,"convection_score":0.012}},{"type":"Feature","geometry":{"type":"Point","coordinates":[132.0,-6.0]},"properties":{"wind_kt":4.3,"wind_from_deg":84.0,"temperature_c":-4.6,"relative_humidity":24.0,"turbulence_score":0.0,"icing_score":0.0,"convection_score":0.0}},{"type":"Feature","geometry":{"type":"Point","coordinates":[136.0,-6.0]},"properties":{"wind_kt":0.4,"wind_from_deg":77.0,"temperature_c":-4.2,"relative_humidity":29.0,"turbulence_score":0.0,"icing_score":0.0,"convection_score":0.001}},{"type":"Feature","geometry":{"type":"Point","coordinates":[140.0,-6.0]},"properties":{"wind_kt":5.4,"wind_from_deg":353.0,"temperature_c":-3.8,"relative_humidity":32.0,"turbulence_score":0.0,"icing_score":0.0,"convection_score":0.002}},{"type":"Feature","geometry":{"type":"Point","coordinates":[144.0,-6.0]},"properties":{"wind_kt":3.9,"wind_from_deg":271.0,"temperature_c":-4.2,"relative_humidity":47.0,"turbulence_score":0.0,"icing_score":0.0,"convection_score":0.0}},{"type":"Feature","geometry":{"type":"Point","coordinates":[148.0,-6.0]},"properties":{"wind_kt":7.8,"wind_from_deg":273.0,"temperature_c":-4.6,"relative_humidity":26.0,"turbulence_score":0.0,"icing_score":0.0,"convection_score":0.014}},{"type":"Feature","geometry":{"type":"Point","coordinates":[152.0,-6.0]},"properties":{"wind_kt":5.9,"wind_from_deg":216.0,"temperature_c":-5.2,"relative_humidity":40.0,"turbulence_score":0.0,"icing_score":0.0,"convection_score":0.04}},{"type":"Feature","geometry":{"type":"Point","coordinates":[156.0,-6.0]},"properties":{"wind_kt":12.1,"wind_from_deg":189.0,"temperature_c":-5.1,"relative_humidity":34.0,"turbulence_score":0.0,"icing_score":0.0,"convection_score":0.112}},{"type":"Feature","geometry":{"type":"Point","coordinates":[160.0,-6.0]},"properties":{"wind_kt":8.7,"wind_from_deg":198.0,"temperature_c":-5.6,"relative_humidity":41.0,"turbulence_score":0.0,"icing_score":0.0,"convection_score":0.318}},{"type":"Feature","geometry":{"type":"Point","coordinates":[164.0,-6.0]},"properties":{"wind_kt":8.4,"wind_from_deg":160.0,"temperature_c":-6.3,"relative_humidity":64.0,"turbulence_score":0.0,"icing_score":0.0,"convection_score":0.446}},{"type":"Feature","geometry":{"type":"Point","coordinates":[168.0,-6.0]},"properties":{"wind_kt":8.9,"wind_from_deg":158.0,"temperature_c":-6.0,"relative_humidity":69.0,"turbulence_score":0.0,"icing_score":0.096,"convection_score":0.407}},{"type":"Feature","geometry":{"type":"Point","coordinates":[172.0,-6.0]},"properties":{"wind_kt":19.0,"wind_from_deg":153.0,"temperature_c":-5.6,"relative_humidity":34.0,"turbulence_score":0.02,"icing_score":0.0,"convection_score":0.398}},{"type":"Feature","geometry":{"type":"Point","coordinates":[176.0,-6.0]},"properties":{"wind_kt":26.8,"wind_from_deg":147.0,"temperature_c":-4.9,"relative_humidity":36.0,"turbulence_score":0.082,"icing_score":0.0,"convection_score":0.409}},{"type":"Feature","geometry":{"type":"Point","coordinates":[180.0,-6.0]},"properties":{"wind_kt":11.5,"wind_from_deg":163.0,"temperature_c":-5.0,"relative_humidity":97.0,"turbulence_score":0.015,"icing_score":0.767,"convection_score":0.296}},{"type":"Feature","geometry":{"type":"Point","coordinates":[184.0,-6.0]},"properties":{"wind_kt":8.1,"wind_from_deg":168.0,"temperature_c":-4.6,"relative_humidity":95.0,"turbulence_score":0.0,"icing_score":0.696,"convection_score":0.187}},{"type":"Feature","geometry":{"type":"Point","coordinates":[188.0,-6.0]},"properties":{"wind_kt":6.7,"wind_from_deg":225.0,"temperature_c":-5.5,"relative_humidity":98.0,"turbulence_score":0.0,"icing_score":0.824,"convection_score":0.075}},{"type":"Feature","geometry":{"type":"Point","coordinates":[192.0,-6.0]},"properties":{"wind_kt":5.7,"wind_from_deg":54.0,"temperature_c":-4.4,"relative_humidity":97.0,"turbulence_score":0.0,"icing_score":0.739,"convection_score":0.228}},{"type":"Feature","geometry":{"type":"Point","coordinates":[196.0,-6.0]},"properties":{"wind_kt":9.9,"wind_from_deg":70.0,"temperature_c":-4.7,"relative_humidity":74.0,"turbulence_score":0.0,"icing_score":0.212,"convection_score":0.133}},{"type":"Feature","geometry":{"type":"Point","coordinates":[200.0,-6.0]},"properties":{"wind_kt":13.8,"wind_from_deg":87.0,"temperature_c":-3.9,"relative_humidity":57.0,"turbulence_score":0.0,"icing_score":0.0,"convection_score":0.445}},{"type":"Feature","geometry":{"type":"Point","coordinates":[204.0,-6.0]},"properties":{"wind_kt":13.0,"wind_from_deg":94.0,"temperature_c":-4.7,"relative_humidity":67.0,"turbulence_score":0.0,"icing_score":0.037,"convection_score":0.099}},{"type":"Feature","geometry":{"type":"Point","coordinates":[208.0,-6.0]},"properties":{"wind_kt":13.9,"wind_from_deg":102.0,"temperature_c":-4.2,"relative_humidity":35.0,"turbulence_score":0.0,"icing_score":0.0,"convection_score":0.168}},{"type":"Feature","geometry":{"type":"Point","coordinates":[212.0,-6.0]},"properties":{"wind_kt":8.9,"wind_from_deg":78.0,"temperature_c":-4.1,"relative_humidity":4.0,"turbulence_score":0.0,"icing_score":0.0,"convection_score":0.0}},{"type":"Feature","geometry":{"type":"Point","coordinates":[216.0,-6.0]},"properties":{"wind_kt":16.3,"wind_from_deg":44.0,"temperature_c":-4.4,"relative_humidity":46.0,"turbulence_score":0.003,"icing_score":0.0,"convection_score":0.223}},{"type":"Feature","geometry":{"type":"Point","coordinates":[220.0,-6.0]},"properties":{"wind_kt":15.5,"wind_from_deg":11.0,"temperature_c":-5.0,"relative_humidity":12.0,"turbulence_score":0.004,"icing_score":0.0,"convection_score":0.043}},{"type":"Feature","geometry":{"type":"Point","coordinates":[224.0,-6.0]},"properties":{"wind_kt":17.5,"wind_from_deg":23.0,"temperature_c":-7.0,"relative_humidity":44.0,"turbulence_score":0.044,"icing_score":0.0,"convection_score":0.026}},{"type":"Feature","geometry":{"type":"Point","coordinates":[228.0,-6.0]},"properties":{"wind_kt":14.2,"wind_from_deg":27.0,"temperature_c":-6.2,"relative_humidity":52.0,"turbulence_score":0.0,"icing_score":0.0,"convection_score":0.365}},{"type":"Feature","geometry":{"type":"Point","coordinates":[232.0,-6.0]},"properties":{"wind_kt":11.6,"wind_from_deg":12.0,"temperature_c":-5.5,"relative_humidity":28.0,"turbulence_score":0.0,"icing_score":0.0,"convection_score":0.082}},{"type":"Feature","geometry":{"type":"Point","coordinates":[236.0,-6.0]},"properties":{"wind_kt":8.8,"wind_from_deg":4.0,"temperature_c":-4.6,"relative_humidity":13.0,"turbulence_score":0.0,"icing_score":0.0,"convection_score":0.016}},{"type":"Feature","geometry":{"type":"Point","coordinates":[240.0,-6.0]},"properties":{"wind_kt":6.5,"wind_from_deg":5.0,"temperature_c":-3.5,"relative_humidity":7.0,"turbulence_score":0.0,"icing_score":0.0,"convection_score":0.0}},{"type":"Feature","geometry":{"type":"Point","coordinates":[244.0,-6.0]},"properties":{"wind_kt":2.9,"wind_from_deg":192.0,"temperature_c":-3.6,"relative_humidity":3.0,"turbulence_score":0.0,"icing_score":0.0,"convection_score":0.072}},{"type":"Feature","geometry":{"type":"Point","coordinates":[248.0,-6.0]},"properties":{"wind_kt":5.2,"wind_from_deg":258.0,"temperature_c":-3.9,"relative_humidity":3.0,"turbulence_score":0.0,"icing_score":0.0,"convection_score":0.152}},{"type":"Feature","geometry":{"type":"Point","coordinates":[252.0,-6.0]},"properties":{"wind_kt":2.7,"wind_from_deg":347.0,"temperature_c":-5.7,"relative_humidity":38.0,"turbulence_score":0.0,"icing_score":0.0,"convection_score":0.054}},{"type":"Feature","geometry":{"type":"Point","coordinates":[256.0,-6.0]},"properties":{"wind_kt":4.9,"wind_from_deg":96.0,"temperature_c":-5.2,"relative_humidity":10.0,"turbulence_score":0.0,"icing_score":0.0,"convection_score":0.311}},{"type":"Feature","geometry":{"type":"Point","coordinates":[260.0,-6.0]},"properties":{"wind_kt":12.0,"wind_from_deg":81.0,"temperature_c":-5.7,"relative_humidity":7.0,"turbulence_score":0.0,"icing_score":0.0,"convection_score":0.002}},{"type":"Feature","geometry":{"type":"Point","coordinates":[264.0,-6.0]},"properties":{"wind_kt":21.4,"wind_from_deg":62.0,"temperature_c":-6.6,"relative_humidity":25.0,"turbulence_score":0.017,"icing_score":0.0,"convection_score":0.003}},{"type":"Feature","geometry":{"type":"Point","coordinates":[268.0,-6.0]},"properties":{"wind_kt":19.5,"wind_from_deg":71.0,"temperature_c":-5.4,"relative_humidity":16.0,"turbulence_score":0.009,"icing_score":0.0,"convection_score":0.002}},{"type":"Feature","geometry":{"type":"Point","coordinates":[272.0,-6.0]},"properties":{"wind_kt":22.5,"wind_from_deg":89.0,"temperature_c":-4.5,"relative_humidity":10.0,"turbulence_score":0.049,"icing_score":0.0,"convection_score":0.004}},{"type":"Feature","geometry":{"type":"Point","coordinates":[276.0,-6.0]},"properties":{"wind_kt":18.5,"wind_from_deg":107.0,"temperature_c":-4.5,"relative_humidity":27.0,"turbulence_score":0.042,"icing_score":0.0,"convection_score":0.003}},{"type":"Feature","geometry":{"type":"Point","coordinates":[280.0,-6.0]},"properties":{"wind_kt":14.2,"wind_from_deg":121.0,"temperature_c":-4.5,"relative_humidity":34.0,"turbulence_score":0.0,"icing_score":0.0,"convection_score":0.0}},{"type":"Feature","geometry":{"type":"Point","coordinates":[284.0,-6.0]},"properties":{"wind_kt":16.1,"wind_from_deg":102.0,"temperature_c":-4.9,"relative_humidity":10.0,"turbulence_score":0.008,"icing_score":0.0,"convection_score":0.277}},{"type":"Feature","geometry":{"type":"Point","coordinates":[288.0,-6.0]},"properties":{"wind_kt":17.3,"wind_from_deg":96.0,"temperature_c":-5.5,"relative_humidity":29.0,"turbulence_score":0.023,"icing_score":0.0,"convection_score":0.455}},{"type":"Feature","geometry":{"type":"Point","coordinates":[292.0,-6.0]},"properties":{"wind_kt":7.6,"wind_from_deg":120.0,"temperature_c":-6.3,"relative_humidity":85.0,"turbulence_score":0.0,"icing_score":0.519,"convection_score":0.443}},{"type":"Feature","geometry":{"type":"Point","coordinates":[296.0,-6.0]},"properties":{"wind_kt":9.9,"wind_from_deg":123.0,"temperature_c":-5.4,"relative_humidity":34.0,"turbulence_score":0.0,"icing_score":0.0,"convection_score":0.261}},{"type":"Feature","geometry":{"type":"Point","coordinates":[300.0,-6.0]},"properties":{"wind_kt":6.0,"wind_from_deg":35.0,"temperature_c":-4.3,"relative_humidity":46.0,"turbulence_score":0.0,"icing_score":0.0,"convection_score":0.11}},{"type":"Feature","geometry":{"type":"Point","coordinates":[304.0,-6.0]},"properties":{"wind_kt":2.5,"wind_from_deg":70.0,"temperature_c":-3.6,"relative_humidity":26.0,"turbulence_score":0.0,"icing_score":0.0,"convection_score":0.004}},{"type":"Feature","geometry":{"type":"Point","coordinates":[308.0,-6.0]},"properties":{"wind_kt":6.0,"wind_from_deg":153.0,"temperature_c":-2.9,"relative_humidity":4.0,"turbulence_score":0.0,"icing_score":0.0,"convection_score":0.0}},{"type":"Feature","geometry":{"type":"Point","coordinates":[312.0,-6.0]},"properties":{"wind_kt":10.4,"wind_from_deg":69.0,"temperature_c":-3.3,"relative_humidity":2.0,"turbulence_score":0.0,"icing_score":0.0,"convection_score":0.001}},{"type":"Feature","geometry":{"type":"Point","coordinates":[316.0,-6.0]},"properties":{"wind_kt":15.5,"wind_from_deg":75.0,"temperature_c":-3.9,"relative_humidity":2.0,"turbulence_score":0.0,"icing_score":0.0,"convection_score":0.0}},{"type":"Feature","geometry":{"type":"Point","coordinates":[320.0,-6.0]},"properties":{"wind_kt":8.8,"wind_from_deg":70.0,"temperature_c":-4.2,"relative_humidity":2.0,"turbulence_score":0.0,"icing_score":0.0,"convection_score":0.0}},{"type":"Feature","geometry":{"type":"Point","coordinates":[324.0,-6.0]},"properties":{"wind_kt":10.0,"wind_from_deg":38.0,"temperature_c":-4.1,"relative_humidity":2.0,"turbulence_score":0.0,"icing_score":0.0,"convection_score":0.005}},{"type":"Feature","geometry":{"type":"Point","coordinates":[328.0,-6.0]},"properties":{"wind_kt":13.2,"wind_from_deg":21.0,"temperature_c":-4.5,"relative_humidity":2.0,"turbulence_score":0.0,"icing_score":0.0,"convection_score":0.036}},{"type":"Feature","geometry":{"type":"Point","coordinates":[332.0,-6.0]},"properties":{"wind_kt":10.1,"wind_from_deg":39.0,"temperature_c":-4.2,"relative_humidity":3.0,"turbulence_score":0.0,"icing_score":0.0,"convection_score":0.002}},{"type":"Feature","geometry":{"type":"Point","coordinates":[336.0,-6.0]},"properties":{"wind_kt":4.2,"wind_from_deg":18.0,"temperature_c":-4.0,"relative_humidity":2.0,"turbulence_score":0.0,"icing_score":0.0,"convection_score":0.01}},{"type":"Feature","geometry":{"type":"Point","coordinates":[340.0,-6.0]},"properties":{"wind_kt":5.9,"wind_from_deg":52.0,"temperature_c":-3.5,"relative_humidity":2.0,"turbulence_score":0.0,"icing_score":0.0,"convection_score":0.021}},{"type":"Feature","geometry":{"type":"Point","coordinates":[344.0,-6.0]},"properties":{"wind_kt":9.3,"wind_from_deg":88.0,"temperature_c":-3.9,"relative_humidity":2.0,"turbulence_score":0.0,"icing_score":0.0,"convection_score":0.172}},{"type":"Feature","geometry":{"type":"Point","coordinates":[348.0,-6.0]},"properties":{"wind_kt":5.3,"wind_from_deg":70.0,"temperature_c":-4.5,"relative_humidity":2.0,"turbulence_score":0.0,"icing_score":0.0,"convection_score":0.007}},{"type":"Feature","geometry":{"type":"Point","coordinates":[352.0,-6.0]},"properties":{"wind_kt":5.8,"wind_from_deg":35.0,"temperature_c":-4.8,"relative_humidity":3.0,"turbulence_score":0.0,"icing_score":0.0,"convection_score":0.006}},{"type":"Feature","geometry":{"type":"Point","coordinates":[356.0,-6.0]},"properties":{"wind_kt":8.0,"wind_from_deg":60.0,"temperature_c":-4.8,"relative_humidity":3.0,"turbulence_score":0.0,"icing_score":0.0,"convection_score":0.003}},{"type":"Feature","geometry":{"type":"Point","coordinates":[0.0,-10.0]},"properties":{"wind_kt":9.9,"wind_from_deg":92.0,"temperature_c":-4.9,"relative_humidity":7.0,"turbulence_score":0.0,"icing_score":0.0,"convection_score":0.003}},{"type":"Feature","geometry":{"type":"Point","coordinates":[4.0,-10.0]},"properties":{"wind_kt":13.0,"wind_from_deg":79.0,"temperature_c":-5.0,"relative_humidity":7.0,"turbulence_score":0.0,"icing_score":0.0,"convection_score":0.0}},{"type":"Feature","geometry":{"type":"Point","coordinates":[8.0,-10.0]},"properties":{"wind_kt":8.1,"wind_from_deg":73.0,"temperature_c":-5.9,"relative_humidity":25.0,"turbulence_score":0.0,"icing_score":0.0,"convection_score":0.001}},{"type":"Feature","geometry":{"type":"Point","coordinates":[12.0,-10.0]},"properties":{"wind_kt":11.9,"wind_from_deg":1.0,"temperature_c":-6.5,"relative_humidity":12.0,"turbulence_score":0.0,"icing_score":0.0,"convection_score":0.0}},{"type":"Feature","geometry":{"type":"Point","coordinates":[16.0,-10.0]},"properties":{"wind_kt":10.2,"wind_from_deg":104.0,"temperature_c":-5.2,"relative_humidity":76.0,"turbulence_score":0.0,"icing_score":0.269,"convection_score":0.285}},{"type":"Feature","geometry":{"type":"Point","coordinates":[20.0,-10.0]},"properties":{"wind_kt":15.4,"wind_from_deg":79.0,"temperature_c":-4.5,"relative_humidity":70.0,"turbulence_score":0.0,"icing_score":0.118,"convection_score":0.205}},{"type":"Feature","geometry":{"type":"Point","coordinates":[24.0,-10.0]},"properties":{"wind_kt":10.7,"wind_from_deg":87.0,"temperature_c":-4.9,"relative_humidity":98.0,"turbulence_score":0.0,"icing_score":0.783,"convection_score":0.017}},{"type":"Feature","geometry":{"type":"Point","coordinates":[28.0,-10.0]},"properties":{"wind_kt":11.5,"wind_from_deg":59.0,"temperature_c":-5.5,"relative_humidity":69.0,"turbulence_score":0.0,"icing_score":0.103,"convection_score":0.042}},{"type":"Feature","geometry":{"type":"Point","coordinates":[32.0,-10.0]},"properties":{"wind_kt":2.2,"wind_from_deg":32.0,"temperature_c":-5.2,"relative_humidity":56.0,"turbulence_score":0.001,"icing_score":0.0,"convection_score":0.008}},{"type":"Feature","geometry":{"type":"Point","coordinates":[36.0,-10.0]},"properties":{"wind_kt":5.3,"wind_from_deg":265.0,"temperature_c":-5.3,"relative_humidity":27.0,"turbulence_score":0.0,"icing_score":0.0,"convection_score":0.0}},{"type":"Feature","geometry":{"type":"Point","coordinates":[40.0,-10.0]},"properties":{"wind_kt":1.8,"wind_from_deg":200.0,"temperature_c":-5.1,"relative_humidity":21.0,"turbulence_score":0.0,"icing_score":0.0,"convection_score":0.063}},{"type":"Feature","geometry":{"type":"Point","coordinates":[44.0,-10.0]},"properties":{"wind_kt":2.0,"wind_from_deg":110.0,"temperature_c":-4.7,"relative_humidity":34.0,"turbulence_score":0.0,"icing_score":0.0,"convection_score":0.0}},{"type":"Feature","geometry":{"type":"Point","coordinates":[48.0,-10.0]},"properties":{"wind_kt":3.8,"wind_from_deg":172.0,"temperature_c":-5.6,"relative_humidity":59.0,"turbulence_score":0.0,"icing_score":0.0,"convection_score":0.003}},{"type":"Feature","geometry":{"type":"Point","coordinates":[52.0,-10.0]},"properties":{"wind_kt":8.9,"wind_from_deg":61.0,"temperature_c":-4.6,"relative_humidity":26.0,"turbulence_score":0.0,"icing_score":0.0,"convection_score":0.003}},{"type":"Feature","geometry":{"type":"Point","coordinates":[56.0,-10.0]},"properties":{"wind_kt":9.4,"wind_from_deg":50.0,"temperature_c":-4.6,"relative_humidity":58.0,"turbulence_score":0.0,"icing_score":0.0,"convection_score":0.407}},{"type":"Feature","geometry":{"type":"Point","coordinates":[60.0,-10.0]},"properties":{"wind_kt":8.5,"wind_from_deg":92.0,"temperature_c":-5.0,"relative_humidity":22.0,"turbulence_score":0.0,"icing_score":0.0,"convection_score":0.711}},{"type":"Feature","geometry":{"type":"Point","coordinates":[64.0,-10.0]},"properties":{"wind_kt":11.2,"wind_from_deg":82.0,"temperature_c":-5.1,"relative_humidity":18.0,"turbulence_score":0.0,"icing_score":0.0,"convection_score":0.143}},{"type":"Feature","geometry":{"type":"Point","coordinates":[68.0,-10.0]},"properties":{"wind_kt":12.3,"wind_from_deg":81.0,"temperature_c":-5.8,"relative_humidity":27.0,"turbulence_score":0.0,"icing_score":0.0,"convection_score":0.54}},{"type":"Feature","geometry":{"type":"Point","coordinates":[72.0,-10.0]},"properties":{"wind_kt":11.7,"wind_from_deg":98.0,"temperature_c":-5.0,"relative_humidity":21.0,"turbulence_score":0.0,"icing_score":0.0,"convection_score":0.576}},{"type":"Feature","geometry":{"type":"Point","coordinates":[76.0,-10.0]},"properties":{"wind_kt":14.4,"wind_from_deg":92.0,"temperature_c":-3.7,"relative_humidity":9.0,"turbulence_score":0.0,"icing_score":0.0,"convection_score":0.52}},{"type":"Feature","geometry":{"type":"Point","coordinates":[80.0,-10.0]},"properties":{"wind_kt":20.2,"wind_from_deg":89.0,"temperature_c":-3.7,"relative_humidity":12.0,"turbulence_score":0.0,"icing_score":0.0,"convection_score":0.415}},{"type":"Feature","geometry":{"type":"Point","coordinates":[84.0,-10.0]},"properties":{"wind_kt":18.0,"wind_from_deg":91.0,"temperature_c":-3.8,"relative_humidity":11.0,"turbulence_score":0.0,"icing_score":0.0,"convection_score":0.555}},{"type":"Feature","geometry":{"type":"Point","coordinates":[88.0,-10.0]},"properties":{"wind_kt":17.8,"wind_from_deg":106.0,"temperature_c":-4.0,"relative_humidity":5.0,"turbulence_score":0.0,"icing_score":0.0,"convection_score":0.17}},{"type":"Feature","geometry":{"type":"Point","coordinates":[92.0,-10.0]},"properties":{"wind_kt":17.3,"wind_from_deg":111.0,"temperature_c":-3.9,"relative_humidity":5.0,"turbulence_score":0.0,"icing_score":0.0,"convection_score":0.228}},{"type":"Feature","geometry":{"type":"Point","coordinates":[96.0,-10.0]},"properties":{"wind_kt":13.3,"wind_from_deg":99.0,"temperature_c":-4.3,"relative_humidity":3.0,"turbulence_score":0.0,"icing_score":0.0,"convection_score":0.062}},{"type":"Feature","geometry":{"type":"Point","coordinates":[100.0,-10.0]},"properties":{"wind_kt":11.0,"wind_from_deg":90.0,"temperature_c":-4.0,"relative_humidity":3.0,"turbulence_score":0.0,"icing_score":0.0,"convection_score":0.011}},{"type":"Feature","geometry":{"type":"Point","coordinates":[104.0,-10.0]},"properties":{"wind_kt":10.0,"wind_from_deg":100.0,"temperature_c":-3.5,"relative_humidity":3.0,"turbulence_score":0.0,"icing_score":0.0,"convection_score":0.01}},{"type":"Feature","geometry":{"type":"Point","coordinates":[108.0,-10.0]},"properties":{"wind_kt":8.1,"wind_from_deg":123.0,"temperature_c":-2.9,"relative_humidity":2.0,"turbulence_score":0.0,"icing_score":0.0,"convection_score":0.005}},{"type":"Feature","geometry":{"type":"Point","coordinates":[112.0,-10.0]},"properties":{"wind_kt":6.0,"wind_from_deg":104.0,"temperature_c":-3.4,"relative_humidity":3.0,"turbulence_score":0.0,"icing_score":0.0,"convection_score":0.004}},{"type":"Feature","geometry":{"type":"Point","coordinates":[116.0,-10.0]},"properties":{"wind_kt":1.7,"wind_from_deg":87.0,"temperature_c":-3.2,"relative_humidity":2.0,"turbulence_score":0.0,"icing_score":0.0,"convection_score":0.063}},{"type":"Feature","geometry":{"type":"Point","coordinates":[120.0,-10.0]},"properties":{"wind_kt":1.7,"wind_from_deg":188.0,"temperature_c":-3.6,"relative_humidity":3.0,"turbulence_score":0.0,"icing_score":0.0,"convection_score":0.0}},{"type":"Feature","geometry":{"type":"Point","coordinates":[124.0,-10.0]},"properties":{"wind_kt":1.6,"wind_from_deg":203.0,"temperature_c":-3.8,"relative_humidity":3.0,"turbulence_score":0.0,"icing_score":0.0,"convection_score":0.0}},{"type":"Feature","geometry":{"type":"Point","coordinates":[128.0,-10.0]},"properties":{"wind_kt":2.5,"wind_from_deg":249.0,"temperature_c":-3.8,"relative_humidity":4.0,"turbulence_score":0.0,"icing_score":0.0,"convection_score":0.013}},{"type":"Feature","geometry":{"type":"Point","coordinates":[132.0,-10.0]},"properties":{"wind_kt":13.7,"wind_from_deg":285.0,"temperature_c":-4.8,"relative_humidity":19.0,"turbulence_score":0.0,"icing_score":0.0,"convection_score":0.0}},{"type":"Feature","geometry":{"type":"Point","coordinates":[136.0,-10.0]},"properties":{"wind_kt":10.8,"wind_from_deg":278.0,"temperature_c":-5.1,"relative_humidity":19.0,"turbulence_score":0.0,"icing_score":0.0,"convection_score":0.0}},{"type":"Feature","geometry":{"type":"Point","coordinates":[140.0,-10.0]},"properties":{"wind_kt":11.9,"wind_from_deg":272.0,"temperature_c":-4.7,"relative_humidity":19.0,"turbulence_score":0.0,"icing_score":0.0,"convection_score":0.0}},{"type":"Feature","geometry":{"type":"Point","coordinates":[144.0,-10.0]},"properties":{"wind_kt":16.2,"wind_from_deg":270.0,"temperature_c":-4.3,"relative_humidity":19.0,"turbulence_score":0.0,"icing_score":0.0,"convection_score":0.003}},{"type":"Feature","geometry":{"type":"Point","coordinates":[148.0,-10.0]},"properties":{"wind_kt":17.2,"wind_from_deg":273.0,"temperature_c":-4.6,"relative_humidity":22.0,"turbulence_score":0.0,"icing_score":0.0,"convection_score":0.098}},{"type":"Feature","geometry":{"type":"Point","coordinates":[152.0,-10.0]},"properties":{"wind_kt":15.1,"wind_from_deg":265.0,"temperature_c":-4.8,"relative_humidity":26.0,"turbulence_score":0.0,"icing_score":0.0,"convection_score":0.0}},{"type":"Feature","geometry":{"type":"Point","coordinates":[156.0,-10.0]},"properties":{"wind_kt":15.4,"wind_from_deg":247.0,"temperature_c":-4.9,"relative_humidity":27.0,"turbulence_score":0.0,"icing_score":0.0,"convection_score":0.17}},{"type":"Feature","geometry":{"type":"Point","coordinates":[160.0,-10.0]},"properties":{"wind_kt":12.7,"wind_from_deg":253.0,"temperature_c":-5.0,"relative_humidity":29.0,"turbulence_score":0.0,"icing_score":0.0,"convection_score":0.213}},{"type":"Feature","geometry":{"type":"Point","coordinates":[164.0,-10.0]},"properties":{"wind_kt":9.3,"wind_from_deg":224.0,"temperature_c":-5.5,"relative_humidity":48.0,"turbulence_score":0.0,"icing_score":0.0,"convection_score":0.365}},{"type":"Feature","geometry":{"type":"Point","coordinates":[168.0,-10.0]},"properties":{"wind_kt":4.4,"wind_from_deg":198.0,"temperature_c":-5.1,"relative_humidity":27.0,"turbulence_score":0.0,"icing_score":0.0,"convection_score":0.404}},{"type":"Feature","geometry":{"type":"Point","coordinates":[172.0,-10.0]},"properties":{"wind_kt":11.2,"wind_from_deg":145.0,"temperature_c":-5.3,"relative_humidity":26.0,"turbulence_score":0.0,"icing_score":0.0,"convection_score":0.399}},{"type":"Feature","geometry":{"type":"Point","coordinates":[176.0,-10.0]},"properties":{"wind_kt":17.7,"wind_from_deg":148.0,"temperature_c":-5.2,"relative_humidity":34.0,"turbulence_score":0.0,"icing_score":0.0,"convection_score":0.321}},{"type":"Feature","geometry":{"type":"Point","coordinates":[180.0,-10.0]},"properties":{"wind_kt":20.5,"wind_from_deg":141.0,"temperature_c":-5.0,"relative_humidity":50.0,"turbulence_score":0.0,"icing_score":0.0,"convection_score":0.222}},{"type":"Feature","geometry":{"type":"Point","coordinates":[184.0,-10.0]},"properties":{"wind_kt":15.8,"wind_from_deg":139.0,"temperature_c":-4.7,"relative_humidity":69.0,"turbulence_score":0.0,"icing_score":0.103,"convection_score":0.239}},{"type":"Feature","geometry":{"type":"Point","coordinates":[188.0,-10.0]},"properties":{"wind_kt":5.6,"wind_from_deg":224.0,"temperature_c":-5.1,"relative_humidity":99.0,"turbulence_score":0.0,"icing_score":0.808,"convection_score":0.258}},{"type":"Feature","geometry":{"type":"Point","coordinates":[192.0,-10.0]},"properties":{"wind_kt":11.3,"wind_from_deg":93.0,"temperature_c":-4.5,"relative_humidity":47.0,"turbulence_score":0.0,"icing_score":0.0,"convection_score":0.121}},{"type":"Feature","geometry":{"type":"Point","coordinates":[196.0,-10.0]},"properties":{"wind_kt":9.0,"wind_from_deg":81.0,"temperature_c":-3.8,"relative_humidity":48.0,"turbulence_score":0.0,"icing_score":0.0,"convection_score":0.32}},{"type":"Feature","geometry":{"type":"Point","coordinates":[200.0,-10.0]},"properties":{"wind_kt":2.2,"wind_from_deg":32.0,"temperature_c":-3.9,"relative_humidity":7.0,"turbulence_score":0.0,"icing_score":0.0,"convection_score":0.007}},{"type":"Feature","geometry":{"type":"Point","coordinates":[204.0,-10.0]},"properties":{"wind_kt":4.6,"wind_from_deg":114.0,"temperature_c":-3.8,"relative_humidity":5.0,"turbulence_score":0.0,"icing_score":0.0,"convection_score":0.294}},{"type":"Feature","geometry":{"type":"Point","coordinates":[208.0,-10.0]},"properties":{"wind_kt":6.4,"wind_from_deg":95.0,"temperature_c":-4.0,"relative_humidity":10.0,"turbulence_score":0.0,"icing_score":0.0,"convection_score":0.121}},{"type":"Feature","geometry":{"type":"Point","coordinates":[212.0,-10.0]},"properties":{"wind_kt":2.6,"wind_from_deg":46.0,"temperature_c":-4.4,"relative_humidity":57.0,"turbulence_score":0.0,"icing_score":0.0,"convection_score":0.175}},{"type":"Feature","geometry":{"type":"Point","coordinates":[216.0,-10.0]},"properties":{"wind_kt":2.6,"wind_from_deg":351.0,"temperature_c":-4.5,"relative_humidity":15.0,"turbulence_score":0.0,"icing_score":0.0,"convection_score":0.003}},{"type":"Feature","geometry":{"type":"Point","coordinates":[220.0,-10.0]},"properties":{"wind_kt":2.3,"wind_from_deg":316.0,"temperature_c":-4.2,"relative_humidity":3.0,"turbulence_score":0.0,"icing_score":0.0,"convection_score":0.095}},{"type":"Feature","geometry":{"type":"Point","coordinates":[224.0,-10.0]},"properties":{"wind_kt":1.9,"wind_from_deg":17.0,"temperature_c":-4.1,"relative_humidity":3.0,"turbulence_score":0.0,"icing_score":0.0,"convection_score":0.003}},{"type":"Feature","geometry":{"type":"Point","coordinates":[228.0,-10.0]},"properties":{"wind_kt":3.7,"wind_from_deg":347.0,"temperature_c":-5.0,"relative_humidity":4.0,"turbulence_score":0.0,"icing_score":0.0,"convection_score":0.001}},{"type":"Feature","geometry":{"type":"Point","coordinates":[232.0,-10.0]},"properties":{"wind_kt":5.1,"wind_from_deg":337.0,"temperature_c":-5.4,"relative_humidity":6.0,"turbulence_score":0.0,"icing_score":0.0,"convection_score":0.01}},{"type":"Feature","geometry":{"type":"Point","coordinates":[236.0,-10.0]},"properties":{"wind_kt":8.7,"wind_from_deg":9.0,"temperature_c":-4.1,"relative_humidity":3.0,"turbulence_score":0.0,"icing_score":0.0,"convection_score":0.057}},{"type":"Feature","geometry":{"type":"Point","coordinates":[240.0,-10.0]},"properties":{"wind_kt":11.1,"wind_from_deg":34.0,"temperature_c":-3.0,"relative_humidity":2.0,"turbulence_score":0.0,"icing_score":0.0,"convection_score":0.022}},{"type":"Feature","geometry":{"type":"Point","coordinates":[244.0,-10.0]},"properties":{"wind_kt":11.3,"wind_from_deg":61.0,"temperature_c":-2.4,"relative_humidity":1.0,"turbulence_score":0.0,"icing_score":0.0,"convection_score":0.012}},{"type":"Feature","geometry":{"type":"Point","coordinates":[248.0,-10.0]},"properties":{"wind_kt":11.0,"wind_from_deg":75.0,"temperature_c":-2.4,"relative_humidity":2.0,"turbulence_score":0.0,"icing_score":0.0,"convection_score":0.307}},{"type":"Feature","geometry":{"type":"Point","coordinates":[252.0,-10.0]},"properties":{"wind_kt":12.6,"wind_from_deg":93.0,"temperature_c":-3.4,"relative_humidity":2.0,"turbulence_score":0.0,"icing_score":0.0,"convection_score":0.012}},{"type":"Feature","geometry":{"type":"Point","coordinates":[256.0,-10.0]},"properties":{"wind_kt":12.3,"wind_from_deg":102.0,"temperature_c":-3.7,"relative_humidity":4.0,"turbulence_score":0.0,"icing_score":0.0,"convection_score":0.019}},{"type":"Feature","geometry":{"type":"Point","coordinates":[260.0,-10.0]},"properties":{"wind_kt":16.5,"wind_from_deg":82.0,"temperature_c":-4.9,"relative_humidity":8.0,"turbulence_score":0.0,"icing_score":0.0,"convection_score":0.007}},{"type":"Feature","geometry":{"type":"Point","coordinates":[264.0,-10.0]},"properties":{"wind_kt":16.6,"wind_from_deg":82.0,"temperature_c":-6.5,"relative_humidity":14.0,"turbulence_score":0.0,"icing_score":0.0,"convection_score":0.008}},{"type":"Feature","geometry":{"type":"Point","coordinates":[268.0,-10.0]},"properties":{"wind_kt":15.5,"wind_from_deg":70.0,"temperature_c":-6.0,"relative_humidity":24.0,"turbulence_score":0.0,"icing_score":0.0,"convection_score":0.007}},{"type":"Feature","geometry":{"type":"Point","coordinates":[272.0,-10.0]},"properties":{"wind_kt":13.0,"wind_from_deg":89.0,"temperature_c":-5.3,"relative_humidity":25.0,"turbulence_score":0.0,"icing_score":0.0,"convection_score":0.005}},{"type":"Feature","geometry":{"type":"Point","coordinates":[276.0,-10.0]},"properties":{"wind_kt":10.1,"wind_from_deg":122.0,"temperature_c":-4.2,"relative_humidity":9.0,"turbulence_score":0.0,"icing_score":0.0,"convection_score":0.001}},{"type":"Feature","geometry":{"type":"Point","coordinates":[280.0,-10.0]},"properties":{"wind_kt":12.0,"wind_from_deg":123.0,"temperature_c":-3.7,"relative_humidity":4.0,"turbulence_score":0.0,"icing_score":0.0,"convection_score":0.003}},{"type":"Feature","geometry":{"type":"Point","coordinates":[284.0,-10.0]},"properties":{"wind_kt":3.9,"wind_from_deg":109.0,"temperature_c":-4.9,"relative_humidity":61.0,"turbulence_score":0.0,"icing_score":0.0,"convection_score":0.067}},{"type":"Feature","geometry":{"type":"Point","coordinates":[288.0,-10.0]},"properties":{"wind_kt":12.2,"wind_from_deg":111.0,"temperature_c":-4.9,"relative_humidity":48.0,"turbulence_score":0.0,"icing_score":0.0,"convection_score":0.177}},{"type":"Feature","geometry":{"type":"Point","coordinates":[292.0,-10.0]},"properties":{"wind_kt":6.7,"wind_from_deg":112.0,"temperature_c":-5.1,"relative_humidity":24.0,"turbulence_score":0.0,"icing_score":0.0,"convection_score":0.299}},{"type":"Feature","geometry":{"type":"Point","coordinates":[296.0,-10.0]},"properties":{"wind_kt":9.8,"wind_from_deg":103.0,"temperature_c":-5.8,"relative_humidity":42.0,"turbulence_score":0.0,"icing_score":0.0,"convection_score":0.134}},{"type":"Feature","geometry":{"type":"Point","coordinates":[300.0,-10.0]},"properties":{"wind_kt":6.3,"wind_from_deg":80.0,"temperature_c":-5.5,"relative_humidity":24.0,"turbulence_score":0.0,"icing_score":0.0,"convection_score":0.144}},{"type":"Feature","geometry":{"type":"Point","coordinates":[304.0,-10.0]},"properties":{"wind_kt":10.2,"wind_from_deg":332.0,"temperature_c":-4.8,"relative_humidity":58.0,"turbulence_score":0.0,"icing_score":0.0,"convection_score":0.089}},{"type":"Feature","geometry":{"type":"Point","coordinates":[308.0,-10.0]},"properties":{"wind_kt":8.8,"wind_from_deg":303.0,"temperature_c":-3.2,"relative_humidity":37.0,"turbulence_score":0.0,"icing_score":0.0,"convection_score":0.018}},{"type":"Feature","geometry":{"type":"Point","coordinates":[312.0,-10.0]},"properties":{"wind_kt":8.8,"wind_from_deg":54.0,"temperature_c":-3.6,"relative_humidity":2.0,"turbulence_score":0.0,"icing_score":0.0,"convection_score":0.002}},{"type":"Feature","geometry":{"type":"Point","coordinates":[316.0,-10.0]},"properties":{"wind_kt":12.3,"wind_from_deg":68.0,"temperature_c":-3.2,"relative_humidity":2.0,"turbulence_score":0.0,"icing_score":0.0,"convection_score":0.005}},{"type":"Feature","geometry":{"type":"Point","coordinates":[320.0,-10.0]},"properties":{"wind_kt":10.1,"wind_from_deg":95.0,"temperature_c":-4.3,"relative_humidity":2.0,"turbulence_score":0.0,"icing_score":0.0,"convection_score":0.0}},{"type":"Feature","geometry":{"type":"Point","coordinates":[324.0,-10.0]},"properties":{"wind_kt":19.3,"wind_from_deg":84.0,"temperature_c":-5.6,"relative_humidity":3.0,"turbulence_score":0.0,"icing_score":0.0,"convection_score":0.026}},{"type":"Feature","geometry":{"type":"Point","coordinates":[328.0,-10.0]},"properties":{"wind_kt":14.9,"wind_from_deg":67.0,"temperature_c":-4.6,"relative_humidity":2.0,"turbulence_score":0.0,"icing_score":0.0,"convection_score":0.019}},{"type":"Feature","geometry":{"type":"Point","coordinates":[332.0,-10.0]},"properties":{"wind_kt":17.8,"wind_from_deg":74.0,"temperature_c":-4.9,"relative_humidity":2.0,"turbulence_score":0.0,"icing_score":0.0,"convection_score":0.003}},{"type":"Feature","geometry":{"type":"Point","coordinates":[336.0,-10.0]},"properties":{"wind_kt":19.9,"wind_from_deg":75.0,"temperature_c":-4.5,"relative_humidity":3.0,"turbulence_score":0.0,"icing_score":0.0,"convection_score":0.005}},{"type":"Feature","geometry":{"type":"Point","coordinates":[340.0,-10.0]},"properties":{"wind_kt":13.5,"wind_from_deg":82.0,"temperature_c":-4.1,"relative_humidity":3.0,"turbulence_score":0.0,"icing_score":0.0,"convection_score":0.268}},{"type":"Feature","geometry":{"type":"Point","coordinates":[344.0,-10.0]},"properties":{"wind_kt":9.7,"wind_from_deg":96.0,"temperature_c":-4.4,"relative_humidity":4.0,"turbulence_score":0.0,"icing_score":0.0,"convection_score":0.009}},{"type":"Feature","geometry":{"type":"Point","coordinates":[348.0,-10.0]},"properties":{"wind_kt":9.6,"wind_from_deg":98.0,"temperature_c":-5.0,"relative_humidity":5.0,"turbulence_score":0.0,"icing_score":0.0,"convection_score":0.005}},{"type":"Feature","geometry":{"type":"Point","coordinates":[352.0,-10.0]},"properties":{"wind_kt":7.7,"wind_from_deg":65.0,"temperature_c":-5.3,"relative_humidity":3.0,"turbulence_score":0.0,"icing_score":0.0,"convection_score":0.005}},{"type":"Feature","geometry":{"type":"Point","coordinates":[356.0,-10.0]},"properties":{"wind_kt":7.6,"wind_from_deg":82.0,"temperature_c":-5.2,"relative_humidity":4.0,"turbulence_score":0.0,"icing_score":0.0,"convection_score":0.004}},{"type":"Feature","geometry":{"type":"Point","coordinates":[0.0,-14.0]},"properties":{"wind_kt":7.5,"wind_from_deg":103.0,"temperature_c":-5.5,"relative_humidity":7.0,"turbulence_score":0.0,"icing_score":0.0,"convection_score":0.001}},{"type":"Feature","geometry":{"type":"Point","coordinates":[4.0,-14.0]},"properties":{"wind_kt":11.6,"wind_from_deg":88.0,"temperature_c":-5.2,"relative_humidity":10.0,"turbulence_score":0.0,"icing_score":0.0,"convection_score":0.001}},{"type":"Feature","geometry":{"type":"Point","coordinates":[8.0,-14.0]},"properties":{"wind_kt":12.4,"wind_from_deg":81.0,"temperature_c":-5.1,"relative_humidity":8.0,"turbulence_score":0.0,"icing_score":0.0,"convection_score":0.001}},{"type":"Feature","geometry":{"type":"Point","coordinates":[12.0,-14.0]},"properties":{"wind_kt":13.2,"wind_from_deg":46.0,"temperature_c":-5.5,"relative_humidity":20.0,"turbulence_score":0.0,"icing_score":0.0,"convection_score":0.0}},{"type":"Feature","geometry":{"type":"Point","coordinates":[16.0,-14.0]},"properties":{"wind_kt":7.2,"wind_from_deg":88.0,"temperature_c":-8.6,"relative_humidity":98.0,"turbulence_score":0.0,"icing_score":0.905,"convection_score":0.0}},{"type":"Feature","geometry":{"type":"Point","coordinates":[20.0,-14.0]},"properties":{"wind_kt":8.9,"wind_from_deg":74.0,"temperature_c":-5.9,"relative_humidity":64.0,"turbulence_score":0.0,"icing_score":0.0,"convection_score":0.139}},{"type":"Feature","geometry":{"type":"Point","coordinates":[24.0,-14.0]},"properties":{"wind_kt":2.5,"wind_from_deg":115.0,"temperature_c":-5.7,"relative_humidity":78.0,"turbulence_score":0.0,"icing_score":0.331,"convection_score":0.116}},{"type":"Feature","geometry":{"type":"Point","coordinates":[28.0,-14.0]},"properties":{"wind_kt":11.3,"wind_from_deg":93.0,"temperature_c":-5.5,"relative_humidity":59.0,"turbulence_score":0.0,"icing_score":0.0,"convection_score":0.016}},{"type":"Feature","geometry":{"type":"Point","coordinates":[32.0,-14.0]},"properties":{"wind_kt":7.1,"wind_from_deg":234.0,"temperature_c":-5.6,"relative_humidity":32.0,"turbulence_score":0.0,"icing_score":0.0,"convection_score":0.006}},{"type":"Feature","geometry":{"type":"Point","coordinates":[36.0,-14.0]},"properties":{"wind_kt":14.5,"wind_from_deg":232.0,"temperature_c":-6.2,"relative_humidity":28.0,"turbulence_score":0.0,"icing_score":0.0,"convection_score":0.016}},{"type":"Feature","geometry":{"type":"Point","coordinates":[40.0,-14.0]},"properties":{"wind_kt":11.3,"wind_from_deg":252.0,"temperature_c":-5.6,"relative_humidity":42.0,"turbulence_score":0.0,"icing_score":0.0,"convection_score":0.096}},{"type":"Feature","geometry":{"type":"Point","coordinates":[44.0,-14.0]},"properties":{"wind_kt":6.5,"wind_from_deg":267.0,"temperature_c":-6.7,"relative_humidity":38.0,"turbulence_score":0.0,"icing_score":0.0,"convection_score":0.074}},{"type":"Feature","geometry":{"type":"Point","coordinates":[48.0,-14.0]},"properties":{"wind_kt":10.7,"wind_from_deg":299.0,"temperature_c":-6.8,"relative_humidity":25.0,"turbulence_score":0.0,"icing_score":0.0,"convection_score":0.063}},{"type":"Feature","geometry":{"type":"Point","coordinates":[52.0,-14.0]},"properties":{"wind_kt":8.5,"wind_from_deg":296.0,"temperature_c":-7.1,"relative_humidity":28.0,"turbulence_score":0.0,"icing_score":0.0,"convection_score":0.145}},{"type":"Feature","geometry":{"type":"Point","coordinates":[56.0,-14.0]},"properties":{"wind_kt":6.9,"wind_from_deg":294.0,"temperature_c":-5.4,"relative_humidity":14.0,"turbulence_score":0.0,"icing_score":0.0,"convection_score":0.0}},{"type":"Feature","geometry":{"type":"Point","coordinates":[60.0,-14.0]},"properties":{"wind_kt":9.5,"wind_from_deg":290.0,"temperature_c":-5.3,"relative_humidity":22.0,"turbulence_score":0.0,"icing_score":0.0,"convection_score":0.139}},{"type":"Feature","geometry":{"type":"Point","coordinates":[64.0,-14.0]},"properties":{"wind_kt":7.0,"wind_from_deg":293.0,"temperature_c":-5.6,"relative_humidity":37.0,"turbulence_score":0.0,"icing_score":0.0,"convection_score":0.098}},{"type":"Feature","geometry":{"type":"Point","coordinates":[68.0,-14.0]},"properties":{"wind_kt":4.5,"wind_from_deg":276.0,"temperature_c":-6.5,"relative_humidity":47.0,"turbulence_score":0.0,"icing_score":0.0,"convection_score":0.179}},{"type":"Feature","geometry":{"type":"Point","coordinates":[72.0,-14.0]},"properties":{"wind_kt":1.7,"wind_from_deg":94.0,"temperature_c":-6.4,"relative_humidity":41.0,"turbulence_score":0.0,"icing_score":0.0,"convection_score":0.352}},{"type":"Feature","geometry":{"type":"Point","coordinates":[76.0,-14.0]},"properties":{"wind_kt":3.0,"wind_from_deg":115.0,"temperature_c":-4.9,"relative_humidity":12.0,"turbulence_score":0.0,"icing_score":0.0,"convection_score":0.373}},{"type":"Feature","geometry":{"type":"Point","coordinates":[80.0,-14.0]},"properties":{"wind_kt":3.3,"wind_from_deg":82.0,"temperature_c":-4.4,"relative_humidity":12.0,"turbulence_score":0.0,"icing_score":0.0,"convection_score":0.304}},{"type":"Feature","geometry":{"type":"Point","coordinates":[84.0,-14.0]},"properties":{"wind_kt":8.1,"wind_from_deg":47.0,"temperature_c":-4.1,"relative_humidity":48.0,"turbulence_score":0.0,"icing_score":0.0,"convection_score":0.261}},{"type":"Feature","geometry":{"type":"Point","coordinates":[88.0,-14.0]},"properties":{"wind_kt":9.4,"wind_from_deg":134.0,"temperature_c":-3.6,"relative_humidity":4.0,"turbulence_score":0.0,"icing_score":0.0,"convection_score":0.038}},{"type":"Feature","geometry":{"type":"Point","coordinates":[92.0,-14.0]},"properties":{"wind_kt":9.0,"wind_from_deg":133.0,"temperature_c":-3.3,"relative_humidity":6.0,"turbulence_score":0.0,"icing_score":0.0,"convection_score":0.019}},{"type":"Feature","geometry":{"type":"Point","coordinates":[96.0,-14.0]},"properties":{"wind_kt":12.6,"wind_from_deg":129.0,"temperature_c":-3.3,"relative_humidity":8.0,"turbulence_score":0.0,"icing_score":0.0,"convection_score":0.003}},{"type":"Feature","geometry":{"type":"Point","coordinates":[100.0,-14.0]},"properties":{"wind_kt":10.5,"wind_from_deg":131.0,"temperature_c":-3.1,"relative_humidity":6.0,"turbulence_score":0.0,"icing_score":0.0,"convection_score":0.016}},{"type":"Feature","geometry":{"type":"Point","coordinates":[104.0,-14.0]},"properties":{"wind_kt":7.8,"wind_from_deg":130.0,"temperature_c":-3.2,"relative_humidity":5.0,"turbulence_score":0.0,"icing_score":0.0,"convection_score":0.074}},{"type":"Feature","geometry":{"type":"Point","coordinates":[108.0,-14.0]},"properties":{"wind_kt":5.6,"wind_from_deg":133.0,"temperature_c":-2.8,"relative_humidity":5.0,"turbulence_score":0.0,"icing_score":0.0,"convection_score":0.002}},{"type":"Feature","geometry":{"type":"Point","coordinates":[112.0,-14.0]},"properties":{"wind_kt":11.9,"wind_from_deg":173.0,"temperature_c":-2.5,"relative_humidity":4.0,"turbulence_score":0.0,"icing_score":0.0,"convection_score":0.011}},{"type":"Feature","geometry":{"type":"Point","coordinates":[116.0,-14.0]},"properties":{"wind_kt":16.5,"wind_from_deg":167.0,"temperature_c":-1.9,"relative_humidity":4.0,"turbulence_score":0.0,"icing_score":0.0,"convection_score":0.044}},{"type":"Feature","geometry":{"type":"Point","coordinates":[120.0,-14.0]},"properties":{"wind_kt":17.5,"wind_from_deg":174.0,"temperature_c":-2.4,"relative_humidity":4.0,"turbulence_score":0.0,"icing_score":0.0,"convection_score":0.058}},{"type":"Feature","geometry":{"type":"Point","coordinates":[124.0,-14.0]},"properties":{"wind_kt":19.9,"wind_from_deg":195.0,"temperature_c":-3.0,"relative_humidity":4.0,"turbulence_score":0.0,"icing_score":0.0,"convection_score":0.079}},{"type":"Feature","geometry":{"type":"Point","coordinates":[128.0,-14.0]},"properties":{"wind_kt":11.7,"wind_from_deg":201.0,"temperature_c":-3.9,"relative_humidity":8.0,"turbulence_score":0.0,"icing_score":0.0,"convection_score":0.279}},{"type":"Feature","geometry":{"type":"Point","coordinates":[132.0,-14.0]},"properties":{"wind_kt":14.3,"wind_from_deg":243.0,"temperature_c":-2.4,"relative_humidity":4.0,"turbulence_score":0.0,"icing_score":0.0,"convection_score":0.024}},{"type":"Feature","geometry":{"type":"Point","coordinates":[136.0,-14.0]},"properties":{"wind_kt":22.8,"wind_from_deg":285.0,"temperature_c":-5.1,"relative_humidity":4.0,"turbulence_score":0.0,"icing_score":0.0,"convection_score":0.074}},{"type":"Feature","geometry":{"type":"Point","coordinates":[140.0,-14.0]},"properties":{"wind_kt":23.4,"wind_from_deg":290.0,"temperature_c":-5.0,"relative_humidity":4.0,"turbulence_score":0.003,"icing_score":0.0,"convection_score":0.088}},{"type":"Feature","geometry":{"type":"Point","coordinates":[144.0,-14.0]},"properties":{"wind_kt":26.7,"wind_from_deg":285.0,"temperature_c":-5.4,"relative_humidity":4.0,"turbulence_score":0.015,"icing_score":0.0,"convection_score":0.026}},{"type":"Feature","geometry":{"type":"Point","coordinates":[148.0,-14.0]},"properties":{"wind_kt":29.7,"wind_from_deg":275.0,"temperature_c":-5.0,"relative_humidity":5.0,"turbulence_score":0.08,"icing_score":0.0,"convection_score":0.009}},{"type":"Feature","geometry":{"type":"Point","coordinates":[152.0,-14.0]},"properties":{"wind_kt":31.6,"wind_from_deg":275.0,"temperature_c":-5.3,"relative_humidity":9.0,"turbulence_score":0.113,"icing_score":0.0,"convection_score":0.017}},{"type":"Feature","geometry":{"type":"Point","coordinates":[156.0,-14.0]},"properties":{"wind_kt":27.9,"wind_from_deg":274.0,"temperature_c":-5.6,"relative_humidity":12.0,"turbulence_score":0.048,"icing_score":0.0,"convection_score":0.032}},{"type":"Feature","geometry":{"type":"Point","coordinates":[160.0,-14.0]},"properties":{"wind_kt":20.8,"wind_from_deg":283.0,"temperature_c":-5.9,"relative_humidity":13.0,"turbulence_score":0.029,"icing_score":0.0,"convection_score":0.091}},{"type":"Feature","geometry":{"type":"Point","coordinates":[164.0,-14.0]},"properties":{"wind_kt":15.8,"wind_from_deg":293.0,"temperature_c":-4.8,"relative_humidity":13.0,"turbulence_score":0.02,"icing_score":0.0,"convection_score":0.086}},{"type":"Feature","geometry":{"type":"Point","coordinates":[168.0,-14.0]},"properties":{"wind_kt":9.4,"wind_from_deg":276.0,"temperature_c":-4.4,"relative_humidity":5.0,"turbulence_score":0.0,"icing_score":0.0,"convection_score":0.105}},{"type":"Feature","geometry":{"type":"Point","coordinates":[172.0,-14.0]},"properties":{"wind_kt":7.4,"wind_from_deg":230.0,"temperature_c":-4.9,"relative_humidity":5.0,"turbulence_score":0.0,"icing_score":0.0,"convection_score":0.165}},{"type":"Feature","geometry":{"type":"Point","coordinates":[176.0,-14.0]},"properties":{"wind_kt":9.7,"wind_from_deg":217.0,"temperature_c":-5.5,"relative_humidity":5.0,"turbulence_score":0.0,"icing_score":0.0,"convection_score":0.136}},{"type":"Feature","geometry":{"type":"Point","coordinates":[180.0,-14.0]},"properties":{"wind_kt":7.4,"wind_from_deg":205.0,"temperature_c":-5.3,"relative_humidity":5.0,"turbulence_score":0.0,"icing_score":0.0,"convection_score":0.082}},{"type":"Feature","geometry":{"type":"Point","coordinates":[184.0,-14.0]},"properties":{"wind_kt":3.5,"wind_from_deg":203.0,"temperature_c":-4.3,"relative_humidity":5.0,"turbulence_score":0.0,"icing_score":0.0,"convection_score":0.031}},{"type":"Feature","geometry":{"type":"Point","coordinates":[188.0,-14.0]},"properties":{"wind_kt":6.9,"wind_from_deg":279.0,"temperature_c":-4.1,"relative_humidity":28.0,"turbulence_score":0.0,"icing_score":0.0,"convection_score":0.018}},{"type":"Feature","geometry":{"type":"Point","coordinates":[192.0,-14.0]},"properties":{"wind_kt":4.9,"wind_from_deg":278.0,"temperature_c":-2.6,"relative_humidity":37.0,"turbulence_score":0.0,"icing_score":0.0,"convection_score":0.028}},{"type":"Feature","geometry":{"type":"Point","coordinates":[196.0,-14.0]},"properties":{"wind_kt":6.5,"wind_from_deg":266.0,"temperature_c":-3.1,"relative_humidity":37.0,"turbulence_score":0.0,"icing_score":0.0,"convection_score":0.016}},{"type":"Feature","geometry":{"type":"Point","coordinates":[200.0,-14.0]},"properties":{"wind_kt":12.7,"wind_from_deg":291.0,"temperature_c":-2.6,"relative_humidity":32.0,"turbulence_score":0.0,"icing_score":0.0,"convection_score":0.048}},{"type":"Feature","geometry":{"type":"Point","coordinates":[204.0,-14.0]},"properties":{"wind_kt":19.3,"wind_from_deg":269.0,"temperature_c":-2.7,"relative_humidity":31.0,"turbulence_score":0.035,"icing_score":0.0,"convection_score":0.03}},{"type":"Feature","geometry":{"type":"Point","coordinates":[208.0,-14.0]},"properties":{"wind_kt":17.9,"wind_from_deg":272.0,"temperature_c":-2.6,"relative_humidity":17.0,"turbulence_score":0.004,"icing_score":0.0,"convection_score":0.037}},{"type":"Feature","geometry":{"type":"Point","coordinates":[212.0,-14.0]},"properties":{"wind_kt":17.3,"wind_from_deg":270.0,"temperature_c":-3.7,"relative_humidity":16.0,"turbulence_score":0.0,"icing_score":0.0,"convection_score":0.003}},{"type":"Feature","geometry":{"type":"Point","coordinates":[216.0,-14.0]},"properties":{"wind_kt":18.7,"wind_from_deg":271.0,"temperature_c":-3.9,"relative_humidity":18.0,"turbulence_score":0.018,"icing_score":0.0,"convection_score":0.075}},{"type":"Feature","geometry":{"type":"Point","coordinates":[220.0,-14.0]},"properties":{"wind_kt":17.7,"wind_from_deg":278.0,"temperature_c":-3.7,"relative_humidity":14.0,"turbulence_score":0.0,"icing_score":0.0,"convection_score":0.316}},{"type":"Feature","geometry":{"type":"Point","coordinates":[224.0,-14.0]},"properties":{"wind_kt":16.4,"wind_from_deg":290.0,"temperature_c":-4.0,"relative_humidity":13.0,"turbulence_score":0.0,"icing_score":0.0,"convection_score":0.053}},{"type":"Feature","geometry":{"type":"Point","coordinates":[228.0,-14.0]},"properties":{"wind_kt":14.4,"wind_from_deg":293.0,"temperature_c":-3.6,"relative_humidity":12.0,"turbulence_score":0.0,"icing_score":0.0,"convection_score":0.025}},{"type":"Feature","geometry":{"type":"Point","coordinates":[232.0,-14.0]},"properties":{"wind_kt":11.4,"wind_from_deg":297.0,"temperature_c":-4.6,"relative_humidity":12.0,"turbulence_score":0.0,"icing_score":0.0,"convection_score":0.003}},{"type":"Feature","geometry":{"type":"Point","coordinates":[236.0,-14.0]},"properties":{"wind_kt":8.5,"wind_from_deg":331.0,"temperature_c":-4.5,"relative_humidity":3.0,"turbulence_score":0.0,"icing_score":0.0,"convection_score":0.0}},{"type":"Feature","geometry":{"type":"Point","coordinates":[240.0,-14.0]},"properties":{"wind_kt":7.7,"wind_from_deg":312.0,"temperature_c":-4.0,"relative_humidity":2.0,"turbulence_score":0.0,"icing_score":0.0,"convection_score":0.023}},{"type":"Feature","geometry":{"type":"Point","coordinates":[244.0,-14.0]},"properties":{"wind_kt":7.1,"wind_from_deg":1.0,"temperature_c":-3.4,"relative_humidity":1.0,"turbulence_score":0.0,"icing_score":0.0,"convection_score":0.083}},{"type":"Feature","geometry":{"type":"Point","coordinates":[248.0,-14.0]},"properties":{"wind_kt":6.8,"wind_from_deg":56.0,"temperature_c":-3.1,"relative_humidity":1.0,"turbulence_score":0.0,"icing_score":0.0,"convection_score":0.307}},{"type":"Feature","geometry":{"type":"Point","coordinates":[252.0,-14.0]},"properties":{"wind_kt":7.4,"wind_from_deg":85.0,"temperature_c":-3.3,"relative_humidity":2.0,"turbulence_score":0.0,"icing_score":0.0,"convection_score":0.3}},{"type":"Feature","geometry":{"type":"Point","coordinates":[256.0,-14.0]},"properties":{"wind_kt":2.7,"wind_from_deg":88.0,"temperature_c":-3.8,"relative_humidity":2.0,"turbulence_score":0.0,"icing_score":0.0,"convection_score":0.278}},{"type":"Feature","geometry":{"type":"Point","coordinates":[260.0,-14.0]},"properties":{"wind_kt":7.4,"wind_from_deg":63.0,"temperature_c":-4.1,"relative_humidity":4.0,"turbulence_score":0.0,"icing_score":0.0,"convection_score":0.006}},{"type":"Feature","geometry":{"type":"Point","coordinates":[264.0,-14.0]},"properties":{"wind_kt":4.6,"wind_from_deg":49.0,"temperature_c":-4.6,"relative_humidity":6.0,"turbulence_score":0.0,"icing_score":0.0,"convection_score":0.005}},{"type":"Feature","geometry":{"type":"Point","coordinates":[268.0,-14.0]},"properties":{"wind_kt":3.1,"wind_from_deg":345.0,"temperature_c":-4.7,"relative_humidity":6.0,"turbulence_score":0.0,"icing_score":0.0,"convection_score":0.004}},{"type":"Feature","geometry":{"type":"Point","coordinates":[272.0,-14.0]},"properties":{"wind_kt":4.5,"wind_from_deg":264.0,"temperature_c":-4.8,"relative_humidity":7.0,"turbulence_score":0.0,"icing_score":0.0,"convection_score":0.003}},{"type":"Feature","geometry":{"type":"Point","coordinates":[276.0,-14.0]},"properties":{"wind_kt":6.1,"wind_from_deg":240.0,"temperature_c":-4.9,"relative_humidity":6.0,"turbulence_score":0.0,"icing_score":0.0,"convection_score":0.002}},{"type":"Feature","geometry":{"type":"Point","coordinates":[280.0,-14.0]},"properties":{"wind_kt":6.8,"wind_from_deg":234.0,"temperature_c":-4.7,"relative_humidity":6.0,"turbulence_score":0.0,"icing_score":0.0,"convection_score":0.002}},{"type":"Feature","geometry":{"type":"Point","coordinates":[284.0,-14.0]},"properties":{"wind_kt":8.9,"wind_from_deg":183.0,"temperature_c":-4.6,"relative_humidity":5.0,"turbulence_score":0.0,"icing_score":0.0,"convection_score":0.0}},{"type":"Feature","geometry":{"type":"Point","coordinates":[288.0,-14.0]},"properties":{"wind_kt":2.6,"wind_from_deg":198.0,"temperature_c":-4.5,"relative_humidity":6.0,"turbulence_score":0.0,"icing_score":0.0,"convection_score":0.014}},{"type":"Feature","geometry":{"type":"Point","coordinates":[292.0,-14.0]},"properties":{"wind_kt":5.7,"wind_from_deg":118.0,"temperature_c":-4.1,"relative_humidity":14.0,"turbulence_score":0.035,"icing_score":0.0,"convection_score":0.433}},{"type":"Feature","geometry":{"type":"Point","coordinates":[296.0,-14.0]},"properties":{"wind_kt":8.1,"wind_from_deg":89.0,"temperature_c":-4.9,"relative_humidity":10.0,"turbulence_score":0.0,"icing_score":0.0,"convection_score":0.245}},{"type":"Feature","geometry":{"type":"Point","coordinates":[300.0,-14.0]},"properties":{"wind_kt":13.9,"wind_from_deg":78.0,"temperature_c":-4.1,"relative_humidity":9.0,"turbulence_score":0.0,"icing_score":0.0,"convection_score":0.183}},{"type":"Feature","geometry":{"type":"Point","coordinates":[304.0,-14.0]},"properties":{"wind_kt":8.9,"wind_from_deg":94.0,"temperature_c":-4.8,"relative_humidity":23.0,"turbulence_score":0.0,"icing_score":0.0,"convection_score":0.21}},{"type":"Feature","geometry":{"type":"Point","coordinates":[308.0,-14.0]},"properties":{"wind_kt":10.6,"wind_from_deg":304.0,"temperature_c":-4.5,"relative_humidity":42.0,"turbulence_score":0.0,"icing_score":0.0,"convection_score":0.042}},{"type":"Feature","geometry":{"type":"Point","coordinates":[312.0,-14.0]},"properties":{"wind_kt":0.7,"wind_from_deg":132.0,"temperature_c":-4.6,"relative_humidity":24.0,"turbulence_score":0.0,"icing_score":0.0,"convection_score":0.0}},{"type":"Feature","geometry":{"type":"Point","coordinates":[316.0,-14.0]},"properties":{"wind_kt":8.3,"wind_from_deg":31.0,"temperature_c":-4.5,"relative_humidity":4.0,"turbulence_score":0.0,"icing_score":0.0,"convection_score":0.0}},{"type":"Feature","geometry":{"type":"Point","coordinates":[320.0,-14.0]},"properties":{"wind_kt":16.3,"wind_from_deg":59.0,"temperature_c":-4.5,"relative_humidity":2.0,"turbulence_score":0.0,"icing_score":0.0,"convection_score":0.009}},{"type":"Feature","geometry":{"type":"Point","coordinates":[324.0,-14.0]},"properties":{"wind_kt":16.7,"wind_from_deg":70.0,"temperature_c":-5.3,"relative_humidity":3.0,"turbulence_score":0.0,"icing_score":0.0,"convection_score":0.003}},{"type":"Feature","geometry":{"type":"Point","coordinates":[328.0,-14.0]},"properties":{"wind_kt":14.0,"wind_from_deg":76.0,"temperature_c":-5.2,"relative_humidity":3.0,"turbulence_score":0.0,"icing_score":0.0,"convection_score":0.022}},{"type":"Feature","geometry":{"type":"Point","coordinates":[332.0,-14.0]},"properties":{"wind_kt":9.7,"wind_from_deg":90.0,"temperature_c":-4.9,"relative_humidity":3.0,"turbulence_score":0.0,"icing_score":0.0,"convection_score":0.002}},{"type":"Feature","geometry":{"type":"Point","coordinates":[336.0,-14.0]},"properties":{"wind_kt":5.6,"wind_from_deg":85.0,"temperature_c":-5.0,"relative_humidity":5.0,"turbulence_score":0.0,"icing_score":0.0,"convection_score":0.165}},{"type":"Feature","geometry":{"type":"Point","coordinates":[340.0,-14.0]},"properties":{"wind_kt":6.2,"wind_from_deg":93.0,"temperature_c":-4.8,"relative_humidity":5.0,"turbulence_score":0.0,"icing_score":0.0,"convection_score":0.006}},{"type":"Feature","geometry":{"type":"Point","coordinates":[344.0,-14.0]},"properties":{"wind_kt":6.1,"wind_from_deg":100.0,"temperature_c":-5.2,"relative_humidity":6.0,"turbulence_score":0.0,"icing_score":0.0,"convection_score":0.007}},{"type":"Feature","geometry":{"type":"Point","coordinates":[348.0,-14.0]},"properties":{"wind_kt":8.8,"wind_from_deg":116.0,"temperature_c":-5.2,"relative_humidity":5.0,"turbulence_score":0.0,"icing_score":0.0,"convection_score":0.009}},{"type":"Feature","geometry":{"type":"Point","coordinates":[352.0,-14.0]},"properties":{"wind_kt":7.4,"wind_from_deg":126.0,"temperature_c":-5.5,"relative_humidity":5.0,"turbulence_score":0.0,"icing_score":0.0,"convection_score":0.006}},{"type":"Feature","geometry":{"type":"Point","coordinates":[356.0,-14.0]},"properties":{"wind_kt":6.2,"wind_from_deg":96.0,"temperature_c":-5.4,"relative_humidity":6.0,"turbulence_score":0.0,"icing_score":0.0,"convection_score":0.004}},{"type":"Feature","geometry":{"type":"Point","coordinates":[0.0,-18.0]},"properties":{"wind_kt":4.2,"wind_from_deg":8.0,"temperature_c":-5.4,"relative_humidity":5.0,"turbulence_score":0.0,"icing_score":0.0,"convection_score":0.007}},{"type":"Feature","geometry":{"type":"Point","coordinates":[4.0,-18.0]},"properties":{"wind_kt":3.7,"wind_from_deg":15.0,"temperature_c":-5.5,"relative_humidity":7.0,"turbulence_score":0.0,"icing_score":0.0,"convection_score":0.005}},{"type":"Feature","geometry":{"type":"Point","coordinates":[8.0,-18.0]},"properties":{"wind_kt":4.2,"wind_from_deg":10.0,"temperature_c":-6.0,"relative_humidity":10.0,"turbulence_score":0.0,"icing_score":0.0,"convection_score":0.001}},{"type":"Feature","geometry":{"type":"Point","coordinates":[12.0,-18.0]},"properties":{"wind_kt":6.3,"wind_from_deg":38.0,"temperature_c":-5.4,"relative_humidity":10.0,"turbulence_score":0.0,"icing_score":0.0,"convection_score":0.0}},{"type":"Feature","geometry":{"type":"Point","coordinates":[16.0,-18.0]},"properties":{"wind_kt":5.2,"wind_from_deg":74.0,"temperature_c":-5.7,"relative_humidity":11.0,"turbulence_score":0.0,"icing_score":0.0,"convection_score":0.0}},{"type":"Feature","geometry":{"type":"Point","coordinates":[20.0,-18.0]},"properties":{"wind_kt":5.8,"wind_from_deg":32.0,"temperature_c":-6.4,"relative_humidity":14.0,"turbulence_score":0.0,"icing_score":0.0,"convection_score":0.0}},{"type":"Feature","geometry":{"type":"Point","coordinates":[24.0,-18.0]},"properties":{"wind_kt":3.5,"wind_from_deg":288.0,"temperature_c":-4.5,"relative_humidity":8.0,"turbulence_score":0.0,"icing_score":0.0,"convection_score":0.052}},{"type":"Feature","geometry":{"type":"Point","coordinates":[28.0,-18.0]},"properties":{"wind_kt":7.0,"wind_from_deg":256.0,"temperature_c":-5.6,"relative_humidity":65.0,"turbulence_score":0.0,"icing_score":0.007,"convection_score":0.111}},{"type":"Feature","geometry":{"type":"Point","coordinates":[32.0,-18.0]},"properties":{"wind_kt":9.1,"wind_from_deg":292.0,"temperature_c":-6.5,"relative_humidity":89.0,"turbulence_score":0.0,"icing_score":0.617,"convection_score":0.094}},{"type":"Feature","geometry":{"type":"Point","coordinates":[36.0,-18.0]},"properties":{"wind_kt":12.9,"wind_from_deg":243.0,"temperature_c":-6.3,"relative_humidity":11.0,"turbulence_score":0.0,"icing_score":0.0,"convection_score":0.269}},{"type":"Feature","geometry":{"type":"Point","coordinates":[40.0,-18.0]},"properties":{"wind_kt":19.7,"wind_from_deg":275.0,"temperature_c":-8.0,"relative_humidity":80.0,"turbulence_score":0.022,"icing_score":0.443,"convection_score":0.488}},{"type":"Feature","geometry":{"type":"Point","coordinates":[44.0,-18.0]},"properties":{"wind_kt":26.9,"wind_from_deg":268.0,"temperature_c":-8.8,"relative_humidity":82.0,"turbulence_score":0.09,"icing_score":0.45,"convection_score":0.467}},{"type":"Feature","geometry":{"type":"Point","coordinates":[48.0,-18.0]},"properties":{"wind_kt":28.2,"wind_from_deg":270.0,"temperature_c":-7.5,"relative_humidity":92.0,"turbulence_score":0.143,"icing_score":0.746,"convection_score":0.029}},{"type":"Feature","geometry":{"type":"Point","coordinates":[52.0,-18.0]},"properties":{"wind_kt":22.4,"wind_from_deg":277.0,"temperature_c":-8.2,"relative_humidity":37.0,"turbulence_score":0.03,"icing_score":0.0,"convection_score":0.012}},{"type":"Feature","geometry":{"type":"Point","coordinates":[56.0,-18.0]},"properties":{"wind_kt":19.8,"wind_from_deg":264.0,"temperature_c":-6.1,"relative_humidity":2.0,"turbulence_score":0.009,"icing_score":0.0,"convection_score":0.007}},{"type":"Feature","geometry":{"type":"Point","coordinates":[60.0,-18.0]},"properties":{"wind_kt":20.5,"wind_from_deg":282.0,"temperature_c":-5.6,"relative_humidity":6.0,"turbulence_score":0.0,"icing_score":0.0,"convection_score":0.007}},{"type":"Feature","geometry":{"type":"Point","coordinates":[64.0,-18.0]},"properties":{"wind_kt":23.4,"wind_from_deg":278.0,"temperature_c":-6.3,"relative_humidity":10.0,"turbulence_score":0.023,"icing_score":0.0,"convection_score":0.0}},{"type":"Feature","geometry":{"type":"Point","coordinates":[68.0,-18.0]},"properties":{"wind_kt":24.4,"wind_from_deg":281.0,"temperature_c":-7.0,"relative_humidity":13.0,"turbulence_score":0.041,"icing_score":0.0,"convection_score":0.0}},{"type":"Feature","geometry":{"type":"Point","coordinates":[72.0,-18.0]},"properties":{"wind_kt":22.4,"wind_from_deg":289.0,"temperature_c":-7.2,"relative_humidity":18.0,"turbulence_score":0.033,"icing_score":0.0,"convection_score":0.045}},{"type":"Feature","geometry":{"type":"Point","coordinates":[76.0,-18.0]},"properties":{"wind_kt":18.9,"wind_from_deg":291.0,"temperature_c":-7.1,"relative_humidity":18.0,"turbulence_score":0.019,"icing_score":0.0,"convection_score":0.087}},{"type":"Feature","geometry":{"type":"Point","coordinates":[80.0,-18.0]},"properties":{"wind_kt":18.2,"wind_from_deg":290.0,"temperature_c":-6.7,"relative_humidity":28.0,"turbulence_score":0.005,"icing_score":0.0,"convection_score":0.0}},{"type":"Feature","geometry":{"type":"Point","coordinates":[84.0,-18.0]},"properties":{"wind_kt":17.9,"wind_from_deg":282.0,"temperature_c":-4.8,"relative_humidity":22.0,"turbulence_score":0.0,"icing_score":0.0,"convection_score":0.006}},{"type":"Feature","geometry":{"type":"Point","coordinates":[88.0,-18.0]},"properties":{"wind_kt":16.1,"wind_from_deg":258.0,"temperature_c":-5.1,"relative_humidity":14.0,"turbulence_score":0.0,"icing_score":0.0,"convection_score":0.0}},{"type":"Feature","geometry":{"type":"Point","coordinates":[92.0,-18.0]},"properties":{"wind_kt":17.5,"wind_from_deg":253.0,"temperature_c":-3.0,"relative_humidity":18.0,"turbulence_score":0.0,"icing_score":0.0,"convection_score":0.019}},{"type":"Feature","geometry":{"type":"Point","coordinates":[96.0,-18.0]},"properties":{"wind_kt":16.3,"wind_from_deg":238.0,"temperature_c":-3.2,"relative_humidity":8.0,"turbulence_score":0.0,"icing_score":0.0,"convection_score":0.003}},{"type":"Feature","geometry":{"type":"Point","coordinates":[100.0,-18.0]},"properties":{"wind_kt":14.7,"wind_from_deg":234.0,"temperature_c":-3.5,"relative_humidity":7.0,"turbulence_score":0.0,"icing_score":0.0,"convection_score":0.003}},{"type":"Feature","geometry":{"type":"Point","coordinates":[104.0,-18.0]},"properties":{"wind_kt":9.9,"wind_from_deg":245.0,"temperature_c":-3.0,"relative_humidity":9.0,"turbulence_score":0.0,"icing_score":0.0,"convection_score":0.003}},{"type":"Feature","geometry":{"type":"Point","coordinates":[108.0,-18.0]},"properties":{"wind_kt":8.8,"wind_from_deg":227.0,"temperature_c":-2.4,"relative_humidity":9.0,"turbulence_score":0.0,"icing_score":0.0,"convection_score":0.003}},{"type":"Feature","geometry":{"type":"Point","coordinates":[112.0,-18.0]},"properties":{"wind_kt":9.1,"wind_from_deg":244.0,"temperature_c":-1.8,"relative_humidity":8.0,"turbulence_score":0.0,"icing_score":0.0,"convection_score":0.001}},{"type":"Feature","geometry":{"type":"Point","coordinates":[116.0,-18.0]},"properties":{"wind_kt":12.7,"wind_from_deg":241.0,"temperature_c":-2.0,"relative_humidity":7.0,"turbulence_score":0.0,"icing_score":0.0,"convection_score":0.017}},{"type":"Feature","geometry":{"type":"Point","coordinates":[120.0,-18.0]},"properties":{"wind_kt":20.0,"wind_from_deg":236.0,"temperature_c":-3.0,"relative_humidity":6.0,"turbulence_score":0.0,"icing_score":0.0,"convection_score":0.143}},{"type":"Feature","geometry":{"type":"Point","coordinates":[124.0,-18.0]},"properties":{"wind_kt":15.9,"wind_from_deg":226.0,"temperature_c":-5.3,"relative_humidity":6.0,"turbulence_score":0.0,"icing_score":0.0,"convection_score":0.009}},{"type":"Feature","geometry":{"type":"Point","coordinates":[128.0,-18.0]},"properties":{"wind_kt":16.1,"wind_from_deg":207.0,"temperature_c":-6.2,"relative_humidity":7.0,"turbulence_score":0.006,"icing_score":0.0,"convection_score":0.026}},{"type":"Feature","geometry":{"type":"Point","coordinates":[132.0,-18.0]},"properties":{"wind_kt":16.8,"wind_from_deg":209.0,"temperature_c":-7.3,"relative_humidity":5.0,"turbulence_score":0.0,"icing_score":0.0,"convection_score":0.013}},{"type":"Feature","geometry":{"type":"Point","coordinates":[136.0,-18.0]},"properties":{"wind_kt":15.8,"wind_from_deg":252.0,"temperature_c":-6.8,"relative_humidity":7.0,"turbulence_score":0.0,"icing_score":0.0,"convection_score":0.026}},{"type":"Feature","geometry":{"type":"Point","coordinates":[140.0,-18.0]},"properties":{"wind_kt":20.6,"wind_from_deg":285.0,"temperature_c":-6.2,"relative_humidity":7.0,"turbulence_score":0.0,"icing_score":0.0,"convection_score":0.366}},{"type":"Feature","geometry":{"type":"Point","coordinates":[144.0,-18.0]},"properties":{"wind_kt":17.8,"wind_from_deg":265.0,"temperature_c":-6.4,"relative_humidity":8.0,"turbulence_score":0.022,"icing_score":0.0,"convection_score":0.0}},{"type":"Feature","geometry":{"type":"Point","coordinates":[148.0,-18.0]},"properties":{"wind_kt":31.5,"wind_from_deg":262.0,"temperature_c":-6.8,"relative_humidity":5.0,"turbulence_score":0.076,"icing_score":0.0,"convection_score":0.037}},{"type":"Feature","geometry":{"type":"Point","coordinates":[152.0,-18.0]},"properties":{"wind_kt":42.5,"wind_from_deg":279.0,"temperature_c":-6.4,"relative_humidity":4.0,"turbulence_score":0.228,"icing_score":0.0,"convection_score":0.072}},{"type":"Feature","geometry":{"type":"Point","coordinates":[156.0,-18.0]},"properties":{"wind_kt":50.3,"wind_from_deg":288.0,"temperature_c":-5.6,"relative_humidity":5.0,"turbulence_score":0.307,"icing_score":0.0,"convection_score":0.092}},{"type":"Feature","geometry":{"type":"Point","coordinates":[160.0,-18.0]},"properties":{"wind_kt":38.7,"wind_from_deg":280.0,"temperature_c":-6.4,"relative_humidity":5.0,"turbulence_score":0.171,"icing_score":0.0,"convection_score":0.059}},{"type":"Feature","geometry":{"type":"Point","coordinates":[164.0,-18.0]},"properties":{"wind_kt":27.8,"wind_from_deg":283.0,"temperature_c":-5.5,"relative_humidity":2.0,"turbulence_score":0.101,"icing_score":0.0,"convection_score":0.094}},{"type":"Feature","geometry":{"type":"Point","coordinates":[168.0,-18.0]},"properties":{"wind_kt":23.6,"wind_from_deg":273.0,"temperature_c":-5.7,"relative_humidity":5.0,"turbulence_score":0.032,"icing_score":0.0,"convection_score":0.232}},{"type":"Feature","geometry":{"type":"Point","coordinates":[172.0,-18.0]},"properties":{"wind_kt":20.0,"wind_from_deg":262.0,"temperature_c":-6.0,"relative_humidity":5.0,"turbulence_score":0.017,"icing_score":0.0,"convection_score":0.121}},{"type":"Feature","geometry":{"type":"Point","coordinates":[176.0,-18.0]},"properties":{"wind_kt":17.5,"wind_from_deg":251.0,"temperature_c":-5.6,"relative_humidity":4.0,"turbulence_score":0.004,"icing_score":0.0,"convection_score":0.094}},{"type":"Feature","geometry":{"type":"Point","coordinates":[180.0,-18.0]},"properties":{"wind_kt":12.2,"wind_from_deg":248.0,"temperature_c":-7.4,"relative_humidity":6.0,"turbulence_score":0.0,"icing_score":0.0,"convection_score":0.021}},{"type":"Feature","geometry":{"type":"Point","coordinates":[184.0,-18.0]},"properties":{"wind_kt":17.9,"wind_from_deg":251.0,"temperature_c":-7.7,"relative_humidity":8.0,"turbulence_score":0.009,"icing_score":0.0,"convection_score":0.024}},{"type":"Feature","geometry":{"type":"Point","coordinates":[188.0,-18.0]},"properties":{"wind_kt":26.7,"wind_from_deg":269.0,"temperature_c":-7.2,"relative_humidity":8.0,"turbulence_score":0.047,"icing_score":0.0,"convection_score":0.005}},{"type":"Feature","geometry":{"type":"Point","coordinates":[192.0,-18.0]},"properties":{"wind_kt":31.2,"wind_from_deg":267.0,"temperature_c":-6.7,"relative_humidity":20.0,"turbulence_score":0.11,"icing_score":0.0,"convection_score":0.021}},{"type":"Feature","geometry":{"type":"Point","coordinates":[196.0,-18.0]},"properties":{"wind_kt":29.3,"wind_from_deg":262.0,"temperature_c":-7.2,"relative_humidity":48.0,"turbulence_score":0.093,"icing_score":0.0,"convection_score":0.009}},{"type":"Feature","geometry":{"type":"Point","coordinates":[200.0,-18.0]},"properties":{"wind_kt":27.0,"wind_from_deg":265.0,"temperature_c":-6.3,"relative_humidity":40.0,"turbulence_score":0.073,"icing_score":0.0,"convection_score":0.004}},{"type":"Feature","geometry":{"type":"Point","coordinates":[204.0,-18.0]},"properties":{"wind_kt":29.4,"wind_from_deg":270.0,"temperature_c":-6.2,"relative_humidity":52.0,"turbulence_score":0.11,"icing_score":0.0,"convection_score":0.002}},{"type":"Feature","geometry":{"type":"Point","coordinates":[208.0,-18.0]},"properties":{"wind_kt":33.1,"wind_from_deg":268.0,"temperature_c":-6.0,"relative_humidity":46.0,"turbulence_score":0.129,"icing_score":0.0,"convection_score":0.011}},{"type":"Feature","geometry":{"type":"Point","coordinates":[212.0,-18.0]},"properties":{"wind_kt":39.9,"wind_from_deg":269.0,"temperature_c":-5.7,"relative_humidity":50.0,"turbulence_score":0.162,"icing_score":0.0,"convection_score":0.012}},{"type":"Feature","geometry":{"type":"Point","coordinates":[216.0,-18.0]},"properties":{"wind_kt":44.4,"wind_from_deg":276.0,"temperature_c":-6.0,"relative_humidity":60.0,"turbulence_score":0.18,"icing_score":0.0,"convection_score":0.053}},{"type":"Feature","geometry":{"type":"Point","coordinates":[220.0,-18.0]},"properties":{"wind_kt":48.2,"wind_from_deg":280.0,"temperature_c":-5.7,"relative_humidity":42.0,"turbulence_score":0.179,"icing_score":0.0,"convection_score":0.017}},{"type":"Feature","geometry":{"type":"Point","coordinates":[224.0,-18.0]},"properties":{"wind_kt":48.2,"wind_from_deg":289.0,"temperature_c":-5.5,"relative_humidity":29.0,"turbulence_score":0.133,"icing_score":0.0,"convection_score":0.297}},{"type":"Feature","geometry":{"type":"Point","coordinates":[228.0,-18.0]},"properties":{"wind_kt":44.0,"wind_from_deg":296.0,"temperature_c":-4.6,"relative_humidity":23.0,"turbulence_score":0.107,"icing_score":0.0,"convection_score":0.008}},{"type":"Feature","geometry":{"type":"Point","coordinates":[232.0,-18.0]},"properties":{"wind_kt":39.6,"wind_from_deg":297.0,"temperature_c":-4.4,"relative_humidity":23.0,"turbulence_score":0.088,"icing_score":0.0,"convection_score":0.003}},{"type":"Feature","geometry":{"type":"Point","coordinates":[236.0,-18.0]},"properties":{"wind_kt":34.0,"wind_from_deg":297.0,"temperature_c":-3.9,"relative_humidity":20.0,"turbulence_score":0.085,"icing_score":0.0,"convection_score":0.027}},{"type":"Feature","geometry":{"type":"Point","coordinates":[240.0,-18.0]},"properties":{"wind_kt":24.4,"wind_from_deg":285.0,"temperature_c":-5.1,"relative_humidity":28.0,"turbulence_score":0.029,"icing_score":0.0,"convection_score":0.0}},{"type":"Feature","geometry":{"type":"Point","coordinates":[244.0,-18.0]},"properties":{"wind_kt":17.0,"wind_from_deg":280.0,"temperature_c":-4.5,"relative_humidity":18.0,"turbulence_score":0.0,"icing_score":0.0,"convection_score":0.002}},{"type":"Feature","geometry":{"type":"Point","coordinates":[248.0,-18.0]},"properties":{"wind_kt":9.8,"wind_from_deg":282.0,"temperature_c":-4.6,"relative_humidity":17.0,"turbulence_score":0.0,"icing_score":0.0,"convection_score":0.004}},{"type":"Feature","geometry":{"type":"Point","coordinates":[252.0,-18.0]},"properties":{"wind_kt":8.2,"wind_from_deg":296.0,"temperature_c":-4.0,"relative_humidity":2.0,"turbulence_score":0.0,"icing_score":0.0,"convection_score":0.002}},{"type":"Feature","geometry":{"type":"Point","coordinates":[256.0,-18.0]},"properties":{"wind_kt":10.8,"wind_from_deg":284.0,"temperature_c":-4.4,"relative_humidity":3.0,"turbulence_score":0.0,"icing_score":0.0,"convection_score":0.002}},{"type":"Feature","geometry":{"type":"Point","coordinates":[260.0,-18.0]},"properties":{"wind_kt":14.5,"wind_from_deg":292.0,"temperature_c":-4.2,"relative_humidity":2.0,"turbulence_score":0.0,"icing_score":0.0,"convection_score":0.002}},{"type":"Feature","geometry":{"type":"Point","coordinates":[264.0,-18.0]},"properties":{"wind_kt":18.2,"wind_from_deg":281.0,"temperature_c":-5.1,"relative_humidity":4.0,"turbulence_score":0.0,"icing_score":0.0,"convection_score":0.0}},{"type":"Feature","geometry":{"type":"Point","coordinates":[268.0,-18.0]},"properties":{"wind_kt":24.0,"wind_from_deg":272.0,"temperature_c":-5.1,"relative_humidity":5.0,"turbulence_score":0.024,"icing_score":0.0,"convection_score":0.001}},{"type":"Feature","geometry":{"type":"Point","coordinates":[272.0,-18.0]},"properties":{"wind_kt":30.0,"wind_from_deg":269.0,"temperature_c":-5.5,"relative_humidity":6.0,"turbulence_score":0.053,"icing_score":0.0,"convection_score":0.003}},{"type":"Feature","geometry":{"type":"Point","coordinates":[276.0,-18.0]},"properties":{"wind_kt":32.1,"wind_from_deg":269.0,"temperature_c":-5.7,"relative_humidity":6.0,"turbulence_score":0.076,"icing_score":0.0,"convection_score":0.001}},{"type":"Feature","geometry":{"type":"Point","coordinates":[280.0,-18.0]},"properties":{"wind_kt":32.3,"wind_from_deg":261.0,"temperature_c":-5.9,"relative_humidity":6.0,"turbulence_score":0.092,"icing_score":0.0,"convection_score":0.001}},{"type":"Feature","geometry":{"type":"Point","coordinates":[284.0,-18.0]},"properties":{"wind_kt":27.5,"wind_from_deg":263.0,"temperature_c":-5.8,"relative_humidity":4.0,"turbulence_score":0.062,"icing_score":0.0,"convection_score":0.001}},{"type":"Feature","geometry":{"type":"Point","coordinates":[288.0,-18.0]},"properties":{"wind_kt":23.8,"wind_from_deg":262.0,"temperature_c":-5.7,"relative_humidity":4.0,"turbulence_score":0.032,"icing_score":0.0,"convection_score":0.0}},{"type":"Feature","geometry":{"type":"Point","coordinates":[292.0,-18.0]},"properties":{"wind_kt":15.8,"wind_from_deg":257.0,"temperature_c":-5.3,"relative_humidity":4.0,"turbulence_score":0.018,"icing_score":0.0,"convection_score":0.0}},{"type":"Feature","geometry":{"type":"Point","coordinates":[296.0,-18.0]},"properties":{"wind_kt":13.8,"wind_from_deg":270.0,"temperature_c":-3.5,"relative_humidity":2.0,"turbulence_score":0.0,"icing_score":0.0,"convection_score":0.465}},{"type":"Feature","geometry":{"type":"Point","coordinates":[300.0,-18.0]},"properties":{"wind_kt":8.5,"wind_from_deg":40.0,"temperature_c":-4.2,"relative_humidity":3.0,"turbulence_score":0.04,"icing_score":0.0,"convection_score":0.408}},{"type":"Feature","geometry":{"type":"Point","coordinates":[304.0,-18.0]},"properties":{"wind_kt":3.4,"wind_from_deg":58.0,"temperature_c":-4.5,"relative_humidity":5.0,"turbulence_score":0.0,"icing_score":0.0,"convection_score":0.338}},{"type":"Feature","geometry":{"type":"Point","coordinates":[308.0,-18.0]},"properties":{"wind_kt":5.8,"wind_from_deg":231.0,"temperature_c":-5.3,"relative_humidity":6.0,"turbulence_score":0.0,"icing_score":0.0,"convection_score":0.164}},{"type":"Feature","geometry":{"type":"Point","coordinates":[312.0,-18.0]},"properties":{"wind_kt":14.8,"wind_from_deg":294.0,"temperature_c":-5.4,"relative_humidity":35.0,"turbulence_score":0.0,"icing_score":0.0,"convection_score":0.321}},{"type":"Feature","geometry":{"type":"Point","coordinates":[316.0,-18.0]},"properties":{"wind_kt":14.9,"wind_from_deg":322.0,"temperature_c":-6.0,"relative_humidity":5.0,"turbulence_score":0.004,"icing_score":0.0,"convection_score":0.0}},{"type":"Feature","geometry":{"type":"Point","coordinates":[320.0,-18.0]},"properties":{"wind_kt":15.3,"wind_from_deg":357.0,"temperature_c":-5.3,"relative_humidity":3.0,"turbulence_score":0.0,"icing_score":0.0,"convection_score":0.0}},{"type":"Feature","geometry":{"type":"Point","coordinates":[324.0,-18.0]},"properties":{"wind_kt":12.6,"wind_from_deg":21.0,"temperature_c":-5.6,"relative_humidity":27.0,"turbulence_score":0.0,"icing_score":0.0,"convection_score":0.001}},{"type":"Feature","geometry":{"type":"Point","coordinates":[328.0,-18.0]},"properties":{"wind_kt":13.1,"wind_from_deg":56.0,"temperature_c":-5.7,"relative_humidity":37.0,"turbulence_score":0.0,"icing_score":0.0,"convection_score":0.008}},{"type":"Feature","geometry":{"type":"Point","coordinates":[332.0,-18.0]},"properties":{"wind_kt":8.9,"wind_from_deg":134.0,"temperature_c":-6.0,"relative_humidity":40.0,"turbulence_score":0.0,"icing_score":0.0,"convection_score":0.229}},{"type":"Feature","geometry":{"type":"Point","coordinates":[336.0,-18.0]},"properties":{"wind_kt":4.9,"wind_from_deg":199.0,"temperature_c":-6.1,"relative_humidity":32.0,"turbulence_score":0.0,"icing_score":0.0,"convection_score":0.017}},{"type":"Feature","geometry":{"type":"Point","coordinates":[340.0,-18.0]},"properties":{"wind_kt":5.6,"wind_from_deg":242.0,"temperature_c":-5.2,"relative_humidity":10.0,"turbulence_score":0.0,"icing_score":0.0,"convection_score":0.01}},{"type":"Feature","geometry":{"type":"Point","coordinates":[344.0,-18.0]},"properties":{"wind_kt":3.5,"wind_from_deg":329.0,"temperature_c":-5.1,"relative_humidity":3.0,"turbulence_score":0.0,"icing_score":0.0,"convection_score":0.003}},{"type":"Feature","geometry":{"type":"Point","coordinates":[348.0,-18.0]},"properties":{"wind_kt":1.0,"wind_from_deg":238.0,"temperature_c":-5.2,"relative_humidity":9.0,"turbulence_score":0.0,"icing_score":0.0,"convection_score":0.066}},{"type":"Feature","geometry":{"type":"Point","coordinates":[352.0,-18.0]},"properties":{"wind_kt":4.0,"wind_from_deg":180.0,"temperature_c":-5.7,"relative_humidity":6.0,"turbulence_score":0.0,"icing_score":0.0,"convection_score":0.261}},{"type":"Feature","geometry":{"type":"Point","coordinates":[356.0,-18.0]},"properties":{"wind_kt":4.2,"wind_from_deg":329.0,"temperature_c":-5.4,"relative_humidity":9.0,"turbulence_score":0.0,"icing_score":0.0,"convection_score":0.234}},{"type":"Feature","geometry":{"type":"Point","coordinates":[0.0,-22.0]},"properties":{"wind_kt":3.7,"wind_from_deg":145.0,"temperature_c":-4.6,"relative_humidity":2.0,"turbulence_score":0.0,"icing_score":0.0,"convection_score":0.001}},{"type":"Feature","geometry":{"type":"Point","coordinates":[4.0,-22.0]},"properties":{"wind_kt":1.5,"wind_from_deg":295.0,"temperature_c":-5.4,"relative_humidity":2.0,"turbulence_score":0.0,"icing_score":0.0,"convection_score":0.002}},{"type":"Feature","geometry":{"type":"Point","coordinates":[8.0,-22.0]},"properties":{"wind_kt":0.5,"wind_from_deg":334.0,"temperature_c":-5.6,"relative_humidity":2.0,"turbulence_score":0.0,"icing_score":0.0,"convection_score":0.001}},{"type":"Feature","geometry":{"type":"Point","coordinates":[12.0,-22.0]},"properties":{"wind_kt":5.1,"wind_from_deg":357.0,"temperature_c":-5.2,"relative_humidity":2.0,"turbulence_score":0.0,"icing_score":0.0,"convection_score":0.0}},{"type":"Feature","geometry":{"type":"Point","coordinates":[16.0,-22.0]},"properties":{"wind_kt":1.5,"wind_from_deg":316.0,"temperature_c":-5.3,"relative_humidity":2.0,"turbulence_score":0.0,"icing_score":0.0,"convection_score":0.0}},{"type":"Feature","geometry":{"type":"Point","coordinates":[20.0,-22.0]},"properties":{"wind_kt":6.8,"wind_from_deg":300.0,"temperature_c":-5.6,"relative_humidity":2.0,"turbulence_score":0.0,"icing_score":0.0,"convection_score":0.001}},{"type":"Feature","geometry":{"type":"Point","coordinates":[24.0,-22.0]},"properties":{"wind_kt":7.0,"wind_from_deg":269.0,"temperature_c":-4.9,"relative_humidity":2.0,"turbulence_score":0.0,"icing_score":0.0,"convection_score":0.0}},{"type":"Feature","geometry":{"type":"Point","coordinates":[28.0,-22.0]},"properties":{"wind_kt":9.8,"wind_from_deg":218.0,"temperature_c":-5.5,"relative_humidity":2.0,"turbulence_score":0.0,"icing_score":0.0,"convection_score":0.003}},{"type":"Feature","geometry":{"type":"Point","coordinates":[32.0,-22.0]},"properties":{"wind_kt":12.7,"wind_from_deg":163.0,"temperature_c":-5.8,"relative_humidity":2.0,"turbulence_score":0.0,"icing_score":0.0,"convection_score":0.096}},{"type":"Feature","geometry":{"type":"Point","coordinates":[36.0,-22.0]},"properties":{"wind_kt":17.5,"wind_from_deg":190.0,"temperature_c":-5.6,"relative_humidity":30.0,"turbulence_score":0.0,"icing_score":0.0,"convection_score":0.428}},{"type":"Feature","geometry":{"type":"Point","coordinates":[40.0,-22.0]},"properties":{"wind_kt":15.2,"wind_from_deg":232.0,"temperature_c":-7.5,"relative_humidity":70.0,"turbulence_score":0.0,"icing_score":0.133,"convection_score":0.17}},{"type":"Feature","geometry":{"type":"Point","coordinates":[44.0,-22.0]},"properties":{"wind_kt":17.0,"wind_from_deg":260.0,"temperature_c":-8.4,"relative_humidity":59.0,"turbulence_score":0.0,"icing_score":0.0,"convection_score":0.07}},{"type":"Feature","geometry":{"type":"Point","coordinates":[48.0,-22.0]},"properties":{"wind_kt":31.1,"wind_from_deg":271.0,"temperature_c":-9.8,"relative_humidity":74.0,"turbulence_score":0.073,"icing_score":0.229,"convection_score":0.094}},{"type":"Feature","geometry":{"type":"Point","coordinates":[52.0,-22.0]},"properties":{"wind_kt":15.3,"wind_from_deg":287.0,"temperature_c":-9.4,"relative_humidity":50.0,"turbulence_score":0.0,"icing_score":0.0,"convection_score":0.016}},{"type":"Feature","geometry":{"type":"Point","coordinates":[56.0,-22.0]},"properties":{"wind_kt":15.8,"wind_from_deg":313.0,"temperature_c":-8.1,"relative_humidity":27.0,"turbulence_score":0.0,"icing_score":0.0,"convection_score":0.03}},{"type":"Feature","geometry":{"type":"Point","coordinates":[60.0,-22.0]},"properties":{"wind_kt":18.7,"wind_from_deg":267.0,"temperature_c":-7.7,"relative_humidity":23.0,"turbulence_score":0.029,"icing_score":0.0,"convection_score":0.027}},{"type":"Feature","geometry":{"type":"Point","coordinates":[64.0,-22.0]},"properties":{"wind_kt":32.4,"wind_from_deg":265.0,"temperature_c":-7.4,"relative_humidity":17.0,"turbulence_score":0.144,"icing_score":0.0,"convection_score":0.036}},{"type":"Feature","geometry":{"type":"Point","coordinates":[68.0,-22.0]},"properties":{"wind_kt":35.2,"wind_from_deg":272.0,"temperature_c":-7.8,"relative_humidity":12.0,"turbulence_score":0.173,"icing_score":0.0,"convection_score":0.011}},{"type":"Feature","geometry":{"type":"Point","coordinates":[72.0,-22.0]},"properties":{"wind_kt":40.3,"wind_from_deg":283.0,"temperature_c":-8.7,"relative_humidity":22.0,"turbulence_score":0.175,"icing_score":0.0,"convection_score":0.011}},{"type":"Feature","geometry":{"type":"Point","coordinates":[76.0,-22.0]},"properties":{"wind_kt":40.9,"wind_from_deg":287.0,"temperature_c":-9.2,"relative_humidity":27.0,"turbulence_score":0.132,"icing_score":0.0,"convection_score":0.002}},{"type":"Feature","geometry":{"type":"Point","coordinates":[80.0,-22.0]},"properties":{"wind_kt":35.1,"wind_from_deg":285.0,"temperature_c":-9.0,"relative_humidity":31.0,"turbulence_score":0.07,"icing_score":0.0,"convection_score":0.0}},{"type":"Feature","geometry":{"type":"Point","coordinates":[84.0,-22.0]},"properties":{"wind_kt":36.3,"wind_from_deg":274.0,"temperature_c":-7.7,"relative_humidity":21.0,"turbulence_score":0.09,"icing_score":0.0,"convection_score":0.043}},{"type":"Feature","geometry":{"type":"Point","coordinates":[88.0,-22.0]},"properties":{"wind_kt":34.8,"wind_from_deg":265.0,"temperature_c":-7.3,"relative_humidity":15.0,"turbulence_score":0.11,"icing_score":0.0,"convection_score":0.034}},{"type":"Feature","geometry":{"type":"Point","coordinates":[92.0,-22.0]},"properties":{"wind_kt":38.9,"wind_from_deg":264.0,"temperature_c":-5.9,"relative_humidity":9.0,"turbulence_score":0.157,"icing_score":0.0,"convection_score":0.0}},{"type":"Feature","geometry":{"type":"Point","coordinates":[96.0,-22.0]},"properties":{"wind_kt":42.8,"wind_from_deg":264.0,"temperature_c":-5.9,"relative_humidity":14.0,"turbulence_score":0.178,"icing_score":0.0,"convection_score":0.003}},{"type":"Feature","geometry":{"type":"Point","coordinates":[100.0,-22.0]},"properties":{"wind_kt":43.0,"wind_from_deg":267.0,"temperature_c":-5.0,"relative_humidity":20.0,"turbulence_score":0.176,"icing_score":0.0,"convection_score":0.0}},{"type":"Feature","geometry":{"type":"Point","coordinates":[104.0,-22.0]},"properties":{"wind_kt":45.2,"wind_from_deg":262.0,"temperature_c":-3.9,"relative_humidity":15.0,"turbulence_score":0.2,"icing_score":0.0,"convection_score":0.0}},{"type":"Feature","geometry":{"type":"Point","coordinates":[108.0,-22.0]},"properties":{"wind_kt":43.6,"wind_from_deg":265.0,"temperature_c":-4.3,"relative_humidity":11.0,"turbulence_score":0.198,"icing_score":0.0,"convection_score":0.003}},{"type":"Feature","geometry":{"type":"Point","coordinates":[112.0,-22.0]},"properties":{"wind_kt":40.4,"wind_from_deg":266.0,"temperature_c":-5.0,"relative_humidity":13.0,"turbulence_score":0.174,"icing_score":0.0,"convection_score":0.002}},{"type":"Feature","geometry":{"type":"Point","coordinates":[116.0,-22.0]},"properties":{"wind_kt":33.5,"wind_from_deg":264.0,"temperature_c":-5.3,"relative_humidity":13.0,"turbulence_score":0.071,"icing_score":0.0,"convection_score":0.0}},{"type":"Feature","geometry":{"type":"Point","coordinates":[120.0,-22.0]},"properties":{"wind_kt":26.7,"wind_from_deg":273.0,"temperature_c":-6.8,"relative_humidity":11.0,"turbulence_score":0.12,"icing_score":0.0,"convection_score":0.0}},{"type":"Feature","geometry":{"type":"Point","coordinates":[124.0,-22.0]},"properties":{"wind_kt":22.6,"wind_from_deg":257.0,"temperature_c":-7.9,"relative_humidity":17.0,"turbulence_score":0.031,"icing_score":0.0,"convection_score":0.0}},{"type":"Feature","geometry":{"type":"Point","coordinates":[128.0,-22.0]},"properties":{"wind_kt":18.5,"wind_from_deg":241.0,"temperature_c":-9.9,"relative_humidity":12.0,"turbulence_score":0.003,"icing_score":0.0,"convection_score":0.009}},{"type":"Feature","geometry":{"type":"Point","coordinates":[132.0,-22.0]},"properties":{"wind_kt":22.7,"wind_from_deg":244.0,"temperature_c":-9.8,"relative_humidity":9.0,"turbulence_score":0.033,"icing_score":0.0,"convection_score":0.0}},{"type":"Feature","geometry":{"type":"Point","coordinates":[136.0,-22.0]},"properties":{"wind_kt":15.2,"wind_from_deg":260.0,"temperature_c":-10.6,"relative_humidity":14.0,"turbulence_score":0.0,"icing_score":0.0,"convection_score":0.0}},{"type":"Feature","geometry":{"type":"Point","coordinates":[140.0,-22.0]},"properties":{"wind_kt":20.1,"wind_from_deg":261.0,"temperature_c":-10.2,"relative_humidity":7.0,"turbulence_score":0.0,"icing_score":0.0,"convection_score":0.0}},{"type":"Feature","geometry":{"type":"Point","coordinates":[144.0,-22.0]},"properties":{"wind_kt":9.3,"wind_from_deg":251.0,"temperature_c":-12.1,"relative_humidity":57.0,"turbulence_score":0.0,"icing_score":0.0,"convection_score":0.006}},{"type":"Feature","geometry":{"type":"Point","coordinates":[148.0,-22.0]},"properties":{"wind_kt":21.3,"wind_from_deg":235.0,"temperature_c":-12.4,"relative_humidity":55.0,"turbulence_score":0.029,"icing_score":0.0,"convection_score":0.003}},{"type":"Feature","geometry":{"type":"Point","coordinates":[152.0,-22.0]},"properties":{"wind_kt":23.1,"wind_from_deg":261.0,"temperature_c":-13.2,"relative_humidity":49.0,"turbulence_score":0.061,"icing_score":0.0,"convection_score":0.115}},{"type":"Feature","geometry":{"type":"Point","coordinates":[156.0,-22.0]},"properties":{"wind_kt":22.1,"wind_from_deg":275.0,"temperature_c":-11.9,"relative_humidity":17.0,"turbulence_score":0.046,"icing_score":0.0,"convection_score":0.013}},{"type":"Feature","geometry":{"type":"Point","coordinates":[160.0,-22.0]},"properties":{"wind_kt":32.5,"wind_from_deg":286.0,"temperature_c":-11.3,"relative_humidity":10.0,"turbulence_score":0.141,"icing_score":0.0,"convection_score":0.0}},{"type":"Feature","geometry":{"type":"Point","coordinates":[164.0,-22.0]},"properties":{"wind_kt":29.4,"wind_from_deg":296.0,"temperature_c":-9.9,"relative_humidity":8.0,"turbulence_score":0.063,"icing_score":0.0,"convection_score":0.0}},{"type":"Feature","geometry":{"type":"Point","coordinates":[168.0,-22.0]},"properties":{"wind_kt":21.7,"wind_from_deg":296.0,"temperature_c":-9.9,"relative_humidity":8.0,"turbulence_score":0.006,"icing_score":0.0,"convection_score":0.004}},{"type":"Feature","geometry":{"type":"Point","coordinates":[172.0,-22.0]},"properties":{"wind_kt":23.6,"wind_from_deg":278.0,"temperature_c":-9.5,"relative_humidity":8.0,"turbulence_score":0.004,"icing_score":0.0,"convection_score":0.001}},{"type":"Feature","geometry":{"type":"Point","coordinates":[176.0,-22.0]},"properties":{"wind_kt":20.1,"wind_from_deg":295.0,"temperature_c":-9.3,"relative_humidity":10.0,"turbulence_score":0.0,"icing_score":0.0,"convection_score":0.27}},{"type":"Feature","geometry":{"type":"Point","coordinates":[180.0,-22.0]},"properties":{"wind_kt":15.0,"wind_from_deg":251.0,"temperature_c":-10.1,"relative_humidity":16.0,"turbulence_score":0.0,"icing_score":0.0,"convection_score":0.025}},{"type":"Feature","geometry":{"type":"Point","coordinates":[184.0,-22.0]},"properties":{"wind_kt":19.5,"wind_from_deg":229.0,"temperature_c":-10.0,"relative_humidity":14.0,"turbulence_score":0.0,"icing_score":0.0,"convection_score":0.074}},{"type":"Feature","geometry":{"type":"Point","coordinates":[188.0,-22.0]},"properties":{"wind_kt":27.0,"wind_from_deg":240.0,"temperature_c":-9.5,"relative_humidity":11.0,"turbulence_score":0.054,"icing_score":0.0,"convection_score":0.002}},{"type":"Feature","geometry":{"type":"Point","coordinates":[192.0,-22.0]},"properties":{"wind_kt":26.7,"wind_from_deg":240.0,"temperature_c":-8.7,"relative_humidity":4.0,"turbulence_score":0.066,"icing_score":0.0,"convection_score":0.031}},{"type":"Feature","geometry":{"type":"Point","coordinates":[196.0,-22.0]},"properties":{"wind_kt":30.0,"wind_from_deg":244.0,"temperature_c":-9.5,"relative_humidity":4.0,"turbulence_score":0.111,"icing_score":0.0,"convection_score":0.04}},{"type":"Feature","geometry":{"type":"Point","coordinates":[200.0,-22.0]},"properties":{"wind_kt":31.3,"wind_from_deg":262.0,"temperature_c":-9.6,"relative_humidity":9.0,"turbulence_score":0.12,"icing_score":0.0,"convection_score":0.007}},{"type":"Feature","geometry":{"type":"Point","coordinates":[204.0,-22.0]},"properties":{"wind_kt":34.5,"wind_from_deg":256.0,"temperature_c":-9.2,"relative_humidity":6.0,"turbulence_score":0.156,"icing_score":0.0,"convection_score":0.058}},{"type":"Feature","geometry":{"type":"Point","coordinates":[208.0,-22.0]},"properties":{"wind_kt":38.9,"wind_from_deg":247.0,"temperature_c":-9.2,"relative_humidity":6.0,"turbulence_score":0.185,"icing_score":0.0,"convection_score":0.063}},{"type":"Feature","geometry":{"type":"Point","coordinates":[212.0,-22.0]},"properties":{"wind_kt":40.7,"wind_from_deg":251.0,"temperature_c":-10.6,"relative_humidity":9.0,"turbulence_score":0.196,"icing_score":0.0,"convection_score":0.141}},{"type":"Feature","geometry":{"type":"Point","coordinates":[216.0,-22.0]},"properties":{"wind_kt":52.0,"wind_from_deg":268.0,"temperature_c":-9.9,"relative_humidity":10.0,"turbulence_score":0.282,"icing_score":0.0,"convection_score":0.221}},{"type":"Feature","geometry":{"type":"Point","coordinates":[220.0,-22.0]},"properties":{"wind_kt":57.5,"wind_from_deg":274.0,"temperature_c":-9.7,"relative_humidity":5.0,"turbulence_score":0.299,"icing_score":0.0,"convection_score":0.022}},{"type":"Feature","geometry":{"type":"Point","coordinates":[224.0,-22.0]},"properties":{"wind_kt":61.5,"wind_from_deg":277.0,"temperature_c":-8.9,"relative_humidity":6.0,"turbulence_score":0.317,"icing_score":0.0,"convection_score":0.019}},{"type":"Feature","geometry":{"type":"Point","coordinates":[228.0,-22.0]},"properties":{"wind_kt":62.5,"wind_from_deg":283.0,"temperature_c":-8.3,"relative_humidity":8.0,"turbulence_score":0.28,"icing_score":0.0,"convection_score":0.005}},{"type":"Feature","geometry":{"type":"Point","coordinates":[232.0,-22.0]},"properties":{"wind_kt":66.2,"wind_from_deg":285.0,"temperature_c":-7.0,"relative_humidity":58.0,"turbulence_score":0.317,"icing_score":0.0,"convection_score":0.0}},{"type":"Feature","geometry":{"type":"Point","coordinates":[236.0,-22.0]},"properties":{"wind_kt":63.6,"wind_from_deg":286.0,"temperature_c":-6.5,"relative_humidity":56.0,"turbulence_score":0.264,"icing_score":0.0,"convection_score":0.015}},{"type":"Feature","geometry":{"type":"Point","coordinates":[240.0,-22.0]},"properties":{"wind_kt":53.7,"wind_from_deg":285.0,"temperature_c":-5.8,"relative_humidity":51.0,"turbulence_score":0.181,"icing_score":0.0,"convection_score":0.068}},{"type":"Feature","geometry":{"type":"Point","coordinates":[244.0,-22.0]},"properties":{"wind_kt":43.8,"wind_from_deg":285.0,"temperature_c":-5.2,"relative_humidity":43.0,"turbulence_score":0.158,"icing_score":0.0,"convection_score":0.034}},{"type":"Feature","geometry":{"type":"Point","coordinates":[248.0,-22.0]},"properties":{"wind_kt":37.5,"wind_from_deg":275.0,"temperature_c":-5.0,"relative_humidity":36.0,"turbulence_score":0.165,"icing_score":0.0,"convection_score":0.021}},{"type":"Feature","geometry":{"type":"Point","coordinates":[252.0,-22.0]},"properties":{"wind_kt":33.1,"wind_from_deg":263.0,"temperature_c":-5.4,"relative_humidity":44.0,"turbulence_score":0.132,"icing_score":0.0,"convection_score":0.007}},{"type":"Feature","geometry":{"type":"Point","coordinates":[256.0,-22.0]},"properties":{"wind_kt":33.4,"wind_from_deg":258.0,"temperature_c":-5.3,"relative_humidity":32.0,"turbulence_score":0.149,"icing_score":0.0,"convection_score":0.175}},{"type":"Feature","geometry":{"type":"Point","coordinates":[260.0,-22.0]},"properties":{"wind_kt":35.4,"wind_from_deg":268.0,"temperature_c":-5.4,"relative_humidity":24.0,"turbulence_score":0.121,"icing_score":0.0,"convection_score":0.231}},{"type":"Feature","geometry":{"type":"Point","coordinates":[264.0,-22.0]},"properties":{"wind_kt":41.7,"wind_from_deg":264.0,"temperature_c":-5.5,"relative_humidity":17.0,"turbulence_score":0.125,"icing_score":0.0,"convection_score":0.002}},{"type":"Feature","geometry":{"type":"Point","coordinates":[268.0,-22.0]},"properties":{"wind_kt":49.8,"wind_from_deg":257.0,"temperature_c":-5.9,"relative_humidity":20.0,"turbulence_score":0.169,"icing_score":0.0,"convection_score":0.045}},{"type":"Feature","geometry":{"type":"Point","coordinates":[272.0,-22.0]},"properties":{"wind_kt":57.1,"wind_from_deg":261.0,"temperature_c":-6.8,"relative_humidity":12.0,"turbulence_score":0.267,"icing_score":0.0,"convection_score":0.022}},{"type":"Feature","geometry":{"type":"Point","coordinates":[276.0,-22.0]},"properties":{"wind_kt":57.5,"wind_from_deg":266.0,"temperature_c":-7.1,"relative_humidity":5.0,"turbulence_score":0.279,"icing_score":0.0,"convection_score":0.0}},{"type":"Feature","geometry":{"type":"Point","coordinates":[280.0,-22.0]},"properties":{"wind_kt":53.8,"wind_from_deg":266.0,"temperature_c":-6.6,"relative_humidity":8.0,"turbulence_score":0.242,"icing_score":0.0,"convection_score":0.001}},{"type":"Feature","geometry":{"type":"Point","coordinates":[284.0,-22.0]},"properties":{"wind_kt":48.3,"wind_from_deg":269.0,"temperature_c":-6.7,"relative_humidity":19.0,"turbulence_score":0.188,"icing_score":0.0,"convection_score":0.0}},{"type":"Feature","geometry":{"type":"Point","coordinates":[288.0,-22.0]},"properties":{"wind_kt":40.5,"wind_from_deg":270.0,"temperature_c":-7.4,"relative_humidity":25.0,"turbulence_score":0.142,"icing_score":0.0,"convection_score":0.0}},{"type":"Feature","geometry":{"type":"Point","coordinates":[292.0,-22.0]},"properties":{"wind_kt":21.7,"wind_from_deg":278.0,"temperature_c":-8.1,"relative_humidity":7.0,"turbulence_score":0.024,"icing_score":0.0,"convection_score":0.0}},{"type":"Feature","geometry":{"type":"Point","coordinates":[296.0,-22.0]},"properties":{"wind_kt":20.7,"wind_from_deg":273.0,"temperature_c":-4.6,"relative_humidity":4.0,"turbulence_score":0.038,"icing_score":0.0,"convection_score":0.282}},{"type":"Feature","geometry":{"type":"Point","coordinates":[300.0,-22.0]},"properties":{"wind_kt":17.8,"wind_from_deg":300.0,"temperature_c":-6.0,"relative_humidity":21.0,"turbulence_score":0.071,"icing_score":0.0,"convection_score":0.588}},{"type":"Feature","geometry":{"type":"Point","coordinates":[304.0,-22.0]},"properties":{"wind_kt":7.5,"wind_from_deg":260.0,"temperature_c":-5.5,"relative_humidity":11.0,"turbulence_score":0.0,"icing_score":0.0,"convection_score":0.536}},{"type":"Feature","geometry":{"type":"Point","coordinates":[308.0,-22.0]},"properties":{"wind_kt":7.5,"wind_from_deg":277.0,"temperature_c":-8.2,"relative_humidity":14.0,"turbulence_score":0.0,"icing_score":0.0,"convection_score":0.388}},{"type":"Feature","geometry":{"type":"Point","coordinates":[312.0,-22.0]},"properties":{"wind_kt":17.9,"wind_from_deg":271.0,"temperature_c":-8.3,"relative_humidity":18.0,"turbulence_score":0.0,"icing_score":0.0,"convection_score":0.262}},{"type":"Feature","geometry":{"type":"Point","coordinates":[316.0,-22.0]},"properties":{"wind_kt":31.5,"wind_from_deg":282.0,"temperature_c":-8.6,"relative_humidity":84.0,"turbulence_score":0.043,"icing_score":0.523,"convection_score":0.251}},{"type":"Feature","geometry":{"type":"Point","coordinates":[320.0,-22.0]},"properties":{"wind_kt":26.9,"wind_from_deg":315.0,"temperature_c":-5.7,"relative_humidity":5.0,"turbulence_score":0.06,"icing_score":0.0,"convection_score":0.102}},{"type":"Feature","geometry":{"type":"Point","coordinates":[324.0,-22.0]},"properties":{"wind_kt":23.5,"wind_from_deg":320.0,"temperature_c":-5.6,"relative_humidity":19.0,"turbulence_score":0.044,"icing_score":0.0,"convection_score":0.007}},{"type":"Feature","geometry":{"type":"Point","coordinates":[328.0,-22.0]},"properties":{"wind_kt":14.6,"wind_from_deg":291.0,"temperature_c":-5.2,"relative_humidity":22.0,"turbulence_score":0.004,"icing_score":0.0,"convection_score":0.003}},{"type":"Feature","geometry":{"type":"Point","coordinates":[332.0,-22.0]},"properties":{"wind_kt":11.7,"wind_from_deg":236.0,"temperature_c":-5.6,"relative_humidity":6.0,"turbulence_score":0.0,"icing_score":0.0,"convection_score":0.017}},{"type":"Feature","geometry":{"type":"Point","coordinates":[336.0,-22.0]},"properties":{"wind_kt":12.9,"wind_from_deg":167.0,"temperature_c":-5.9,"relative_humidity":57.0,"turbulence_score":0.0,"icing_score":0.0,"convection_score":0.003}},{"type":"Feature","geometry":{"type":"Point","coordinates":[340.0,-22.0]},"properties":{"wind_kt":11.9,"wind_from_deg":197.0,"temperature_c":-6.0,"relative_humidity":14.0,"turbulence_score":0.0,"icing_score":0.0,"convection_score":0.0}},{"type":"Feature","geometry":{"type":"Point","coordinates":[344.0,-22.0]},"properties":{"wind_kt":5.2,"wind_from_deg":284.0,"temperature_c":-5.8,"relative_humidity":3.0,"turbulence_score":0.0,"icing_score":0.0,"convection_score":0.003}},{"type":"Feature","geometry":{"type":"Point","coordinates":[348.0,-22.0]},"properties":{"wind_kt":9.2,"wind_from_deg":263.0,"temperature_c":-5.0,"relative_humidity":28.0,"turbulence_score":0.0,"icing_score":0.0,"convection_score":0.003}},{"type":"Feature","geometry":{"type":"Point","coordinates":[352.0,-22.0]},"properties":{"wind_kt":7.8,"wind_from_deg":302.0,"temperature_c":-6.6,"relative_humidity":20.0,"turbulence_score":0.0,"icing_score":0.0,"convection_score":0.0}},{"type":"Feature","geometry":{"type":"Point","coordinates":[356.0,-22.0]},"properties":{"wind_kt":9.4,"wind_from_deg":357.0,"temperature_c":-5.1,"relative_humidity":2.0,"turbulence_score":0.0,"icing_score":0.0,"convection_score":0.007}},{"type":"Feature","geometry":{"type":"Point","coordinates":[0.0,-26.0]},"properties":{"wind_kt":14.8,"wind_from_deg":296.0,"temperature_c":-7.3,"relative_humidity":10.0,"turbulence_score":0.0,"icing_score":0.0,"convection_score":0.001}},{"type":"Feature","geometry":{"type":"Point","coordinates":[4.0,-26.0]},"properties":{"wind_kt":15.5,"wind_from_deg":275.0,"temperature_c":-6.9,"relative_humidity":9.0,"turbulence_score":0.0,"icing_score":0.0,"convection_score":0.001}},{"type":"Feature","geometry":{"type":"Point","coordinates":[8.0,-26.0]},"properties":{"wind_kt":15.9,"wind_from_deg":247.0,"temperature_c":-6.6,"relative_humidity":14.0,"turbulence_score":0.0,"icing_score":0.0,"convection_score":0.001}},{"type":"Feature","geometry":{"type":"Point","coordinates":[12.0,-26.0]},"properties":{"wind_kt":15.2,"wind_from_deg":275.0,"temperature_c":-6.7,"relative_humidity":19.0,"turbulence_score":0.0,"icing_score":0.0,"convection_score":0.0}},{"type":"Feature","geometry":{"type":"Point","coordinates":[16.0,-26.0]},"properties":{"wind_kt":15.8,"wind_from_deg":272.0,"temperature_c":-5.6,"relative_humidity":10.0,"turbulence_score":0.0,"icing_score":0.0,"convection_score":0.0}},{"type":"Feature","geometry":{"type":"Point","coordinates":[20.0,-26.0]},"properties":{"wind_kt":19.6,"wind_from_deg":281.0,"temperature_c":-6.0,"relative_humidity":8.0,"turbulence_score":0.0,"icing_score":0.0,"convection_score":0.0}},{"type":"Feature","geometry":{"type":"Point","coordinates":[24.0,-26.0]},"properties":{"wind_kt":21.3,"wind_from_deg":264.0,"temperature_c":-6.6,"relative_humidity":12.0,"turbulence_score":0.013,"icing_score":0.0,"convection_score":0.005}},{"type":"Feature","geometry":{"type":"Point","coordinates":[28.0,-26.0]},"properties":{"wind_kt":24.6,"wind_from_deg":256.0,"temperature_c":-7.3,"relative_humidity":7.0,"turbulence_score":0.079,"icing_score":0.0,"convection_score":0.007}},{"type":"Feature","geometry":{"type":"Point","coordinates":[32.0,-26.0]},"properties":{"wind_kt":19.0,"wind_from_deg":242.0,"temperature_c":-7.0,"relative_humidity":2.0,"turbulence_score":0.0,"icing_score":0.0,"convection_score":0.053}},{"type":"Feature","geometry":{"type":"Point","coordinates":[36.0,-26.0]},"properties":{"wind_kt":26.4,"wind_from_deg":227.0,"temperature_c":-7.2,"relative_humidity":3.0,"turbulence_score":0.05,"icing_score":0.0,"convection_score":0.285}},{"type":"Feature","geometry":{"type":"Point","coordinates":[40.0,-26.0]},"properties":{"wind_kt":23.3,"wind_from_deg":239.0,"temperature_c":-9.8,"relative_humidity":29.0,"turbulence_score":0.0,"icing_score":0.0,"convection_score":0.198}},{"type":"Feature","geometry":{"type":"Point","coordinates":[44.0,-26.0]},"properties":{"wind_kt":19.4,"wind_from_deg":250.0,"temperature_c":-9.2,"relative_humidity":70.0,"turbulence_score":0.002,"icing_score":0.146,"convection_score":0.21}},{"type":"Feature","geometry":{"type":"Point","coordinates":[48.0,-26.0]},"properties":{"wind_kt":26.5,"wind_from_deg":267.0,"temperature_c":-9.9,"relative_humidity":90.0,"turbulence_score":0.054,"icing_score":0.632,"convection_score":0.074}},{"type":"Feature","geometry":{"type":"Point","coordinates":[52.0,-26.0]},"properties":{"wind_kt":24.8,"wind_from_deg":276.0,"temperature_c":-10.0,"relative_humidity":95.0,"turbulence_score":0.078,"icing_score":0.768,"convection_score":0.022}},{"type":"Feature","geometry":{"type":"Point","coordinates":[56.0,-26.0]},"properties":{"wind_kt":21.7,"wind_from_deg":275.0,"temperature_c":-9.1,"relative_humidity":32.0,"turbulence_score":0.041,"icing_score":0.0,"convection_score":0.027}},{"type":"Feature","geometry":{"type":"Point","coordinates":[60.0,-26.0]},"properties":{"wind_kt":27.5,"wind_from_deg":251.0,"temperature_c":-9.6,"relative_humidity":10.0,"turbulence_score":0.108,"icing_score":0.0,"convection_score":0.033}},{"type":"Feature","geometry":{"type":"Point","coordinates":[64.0,-26.0]},"properties":{"wind_kt":24.4,"wind_from_deg":248.0,"temperature_c":-10.3,"relative_humidity":3.0,"turbulence_score":0.074,"icing_score":0.0,"convection_score":0.066}},{"type":"Feature","geometry":{"type":"Point","coordinates":[68.0,-26.0]},"properties":{"wind_kt":20.4,"wind_from_deg":263.0,"temperature_c":-12.2,"relative_humidity":6.0,"turbulence_score":0.025,"icing_score":0.0,"convection_score":0.063}},{"type":"Feature","geometry":{"type":"Point","coordinates":[72.0,-26.0]},"properties":{"wind_kt":23.3,"wind_from_deg":258.0,"temperature_c":-13.3,"relative_humidity":15.0,"turbulence_score":0.071,"icing_score":0.0,"convection_score":0.042}},{"type":"Feature","geometry":{"type":"Point","coordinates":[76.0,-26.0]},"properties":{"wind_kt":28.0,"wind_from_deg":301.0,"temperature_c":-13.8,"relative_humidity":26.0,"turbulence_score":0.108,"icing_score":0.0,"convection_score":0.241}},{"type":"Feature","geometry":{"type":"Point","coordinates":[80.0,-26.0]},"properties":{"wind_kt":28.0,"wind_from_deg":286.0,"temperature_c":-11.7,"relative_humidity":74.0,"turbulence_score":0.124,"icing_score":0.207,"convection_score":0.221}},{"type":"Feature","geometry":{"type":"Point","coordinates":[84.0,-26.0]},"properties":{"wind_kt":34.7,"wind_from_deg":274.0,"temperature_c":-10.8,"relative_humidity":66.0,"turbulence_score":0.16,"icing_score":0.031,"convection_score":0.296}},{"type":"Feature","geometry":{"type":"Point","coordinates":[88.0,-26.0]},"properties":{"wind_kt":37.6,"wind_from_deg":269.0,"temperature_c":-10.2,"relative_humidity":47.0,"turbulence_score":0.142,"icing_score":0.0,"convection_score":0.021}},{"type":"Feature","geometry":{"type":"Point","coordinates":[92.0,-26.0]},"properties":{"wind_kt":45.5,"wind_from_deg":263.0,"temperature_c":-9.9,"relative_humidity":45.0,"turbulence_score":0.211,"icing_score":0.0,"convection_score":0.097}},{"type":"Feature","geometry":{"type":"Point","coordinates":[96.0,-26.0]},"properties":{"wind_kt":48.6,"wind_from_deg":260.0,"temperature_c":-9.7,"relative_humidity":32.0,"turbulence_score":0.216,"icing_score":0.0,"convection_score":0.016}},{"type":"Feature","geometry":{"type":"Point","coordinates":[100.0,-26.0]},"properties":{"wind_kt":54.1,"wind_from_deg":260.0,"temperature_c":-10.1,"relative_humidity":32.0,"turbulence_score":0.238,"icing_score":0.0,"convection_score":0.152}},{"type":"Feature","geometry":{"type":"Point","coordinates":[104.0,-26.0]},"properties":{"wind_kt":52.9,"wind_from_deg":256.0,"temperature_c":-9.7,"relative_humidity":16.0,"turbulence_score":0.217,"icing_score":0.0,"convection_score":0.0}},{"type":"Feature","geometry":{"type":"Point","coordinates":[108.0,-26.0]},"properties":{"wind_kt":51.4,"wind_from_deg":271.0,"temperature_c":-9.0,"relative_humidity":15.0,"turbulence_score":0.193,"icing_score":0.0,"convection_score":0.0}},{"type":"Feature","geometry":{"type":"Point","coordinates":[112.0,-26.0]},"properties":{"wind_kt":42.7,"wind_from_deg":279.0,"temperature_c":-9.8,"relative_humidity":32.0,"turbulence_score":0.171,"icing_score":0.0,"convection_score":0.0}},{"type":"Feature","geometry":{"type":"Point","coordinates":[116.0,-26.0]},"properties":{"wind_kt":40.2,"wind_from_deg":284.0,"temperature_c":-9.3,"relative_humidity":32.0,"turbulence_score":0.091,"icing_score":0.0,"convection_score":0.0}},{"type":"Feature","geometry":{"type":"Point","coordinates":[120.0,-26.0]},"properties":{"wind_kt":34.5,"wind_from_deg":278.0,"temperature_c":-9.9,"relative_humidity":25.0,"turbulence_score":0.014,"icing_score":0.0,"convection_score":0.0}},{"type":"Feature","geometry":{"type":"Point","coordinates":[124.0,-26.0]},"properties":{"wind_kt":33.0,"wind_from_deg":264.0,"temperature_c":-9.6,"relative_humidity":26.0,"turbulence_score":0.051,"icing_score":0.0,"convection_score":0.0}},{"type":"Feature","geometry":{"type":"Point","coordinates":[128.0,-26.0]},"properties":{"wind_kt":27.2,"wind_from_deg":259.0,"temperature_c":-9.9,"relative_humidity":15.0,"turbulence_score":0.038,"icing_score":0.0,"convection_score":0.0}},{"type":"Feature","geometry":{"type":"Point","coordinates":[132.0,-26.0]},"properties":{"wind_kt":27.5,"wind_from_deg":275.0,"temperature_c":-11.4,"relative_humidity":16.0,"turbulence_score":0.023,"icing_score":0.0,"convection_score":0.0}},{"type":"Feature","geometry":{"type":"Point","coordinates":[136.0,-26.0]},"properties":{"wind_kt":19.1,"wind_from_deg":272.0,"temperature_c":-11.7,"relative_humidity":25.0,"turbulence_score":0.0,"icing_score":0.0,"convection_score":0.0}},{"type":"Feature","geometry":{"type":"Point","coordinates":[140.0,-26.0]},"properties":{"wind_kt":5.7,"wind_from_deg":287.0,"temperature_c":-12.2,"relative_humidity":2.0,"turbulence_score":0.0,"icing_score":0.0,"convection_score":0.0}},{"type":"Feature","geometry":{"type":"Point","coordinates":[144.0,-26.0]},"properties":{"wind_kt":9.7,"wind_from_deg":234.0,"temperature_c":-12.6,"relative_humidity":5.0,"turbulence_score":0.0,"icing_score":0.0,"convection_score":0.0}},{"type":"Feature","geometry":{"type":"Point","coordinates":[148.0,-26.0]},"properties":{"wind_kt":19.2,"wind_from_deg":224.0,"temperature_c":-13.6,"relative_humidity":5.0,"turbulence_score":0.0,"icing_score":0.0,"convection_score":0.0}},{"type":"Feature","geometry":{"type":"Point","coordinates":[152.0,-26.0]},"properties":{"wind_kt":13.9,"wind_from_deg":210.0,"temperature_c":-14.0,"relative_humidity":7.0,"turbulence_score":0.0,"icing_score":0.0,"convection_score":0.001}},{"type":"Feature","geometry":{"type":"Point","coordinates":[156.0,-26.0]},"properties":{"wind_kt":19.9,"wind_from_deg":279.0,"temperature_c":-13.6,"relative_humidity":82.0,"turbulence_score":0.0,"icing_score":0.329,"convection_score":0.303}},{"type":"Feature","geometry":{"type":"Point","coordinates":[160.0,-26.0]},"properties":{"wind_kt":23.0,"wind_from_deg":281.0,"temperature_c":-13.9,"relative_humidity":79.0,"turbulence_score":0.011,"icing_score":0.261,"convection_score":0.0}},{"type":"Feature","geometry":{"type":"Point","coordinates":[164.0,-26.0]},"properties":{"wind_kt":31.0,"wind_from_deg":294.0,"temperature_c":-13.2,"relative_humidity":19.0,"turbulence_score":0.094,"icing_score":0.0,"convection_score":0.0}},{"type":"Feature","geometry":{"type":"Point","coordinates":[168.0,-26.0]},"properties":{"wind_kt":28.0,"wind_from_deg":297.0,"temperature_c":-13.2,"relative_humidity":35.0,"turbulence_score":0.061,"icing_score":0.0,"convection_score":0.0}},{"type":"Feature","geometry":{"type":"Point","coordinates":[172.0,-26.0]},"properties":{"wind_kt":21.7,"wind_from_deg":300.0,"temperature_c":-13.2,"relative_humidity":48.0,"turbulence_score":0.004,"icing_score":0.0,"convection_score":0.0}},{"type":"Feature","geometry":{"type":"Point","coordinates":[176.0,-26.0]},"properties":{"wind_kt":24.8,"wind_from_deg":287.0,"temperature_c":-12.0,"relative_humidity":25.0,"turbulence_score":0.022,"icing_score":0.0,"convection_score":0.137}},{"type":"Feature","geometry":{"type":"Point","coordinates":[180.0,-26.0]},"properties":{"wind_kt":23.9,"wind_from_deg":251.0,"temperature_c":-11.9,"relative_humidity":34.0,"turbulence_score":0.01,"icing_score":0.0,"convection_score":0.214}},{"type":"Feature","geometry":{"type":"Point","coordinates":[184.0,-26.0]},"properties":{"wind_kt":19.1,"wind_from_deg":245.0,"temperature_c":-10.9,"relative_humidity":28.0,"turbulence_score":0.007,"icing_score":0.0,"convection_score":0.054}},{"type":"Feature","geometry":{"type":"Point","coordinates":[188.0,-26.0]},"properties":{"wind_kt":19.8,"wind_from_deg":246.0,"temperature_c":-11.3,"relative_humidity":1.0,"turbulence_score":0.008,"icing_score":0.0,"convection_score":0.092}},{"type":"Feature","geometry":{"type":"Point","coordinates":[192.0,-26.0]},"properties":{"wind_kt":26.9,"wind_from_deg":207.0,"temperature_c":-11.7,"relative_humidity":6.0,"turbulence_score":0.068,"icing_score":0.0,"convection_score":0.004}},{"type":"Feature","geometry":{"type":"Point","coordinates":[196.0,-26.0]},"properties":{"wind_kt":17.4,"wind_from_deg":213.0,"temperature_c":-13.5,"relative_humidity":13.0,"turbulence_score":0.011,"icing_score":0.0,"convection_score":0.164}},{"type":"Feature","geometry":{"type":"Point","coordinates":[200.0,-26.0]},"properties":{"wind_kt":17.0,"wind_from_deg":235.0,"temperature_c":-13.6,"relative_humidity":26.0,"turbulence_score":0.0,"icing_score":0.0,"convection_score":0.249}},{"type":"Feature","geometry":{"type":"Point","coordinates":[204.0,-26.0]},"properties":{"wind_kt":24.6,"wind_from_deg":248.0,"temperature_c":-13.1,"relative_humidity":10.0,"turbulence_score":0.034,"icing_score":0.0,"convection_score":0.176}},{"type":"Feature","geometry":{"type":"Point","coordinates":[208.0,-26.0]},"properties":{"wind_kt":26.0,"wind_from_deg":246.0,"temperature_c":-14.9,"relative_humidity":1.0,"turbulence_score":0.06,"icing_score":0.0,"convection_score":0.075}},{"type":"Feature","geometry":{"type":"Point","coordinates":[212.0,-26.0]},"properties":{"wind_kt":16.3,"wind_from_deg":223.0,"temperature_c":-16.7,"relative_humidity":4.0,"turbulence_score":0.0,"icing_score":0.0,"convection_score":0.101}},{"type":"Feature","geometry":{"type":"Point","coordinates":[216.0,-26.0]},"properties":{"wind_kt":27.7,"wind_from_deg":238.0,"temperature_c":-17.4,"relative_humidity":7.0,"turbulence_score":0.031,"icing_score":0.0,"convection_score":0.052}},{"type":"Feature","geometry":{"type":"Point","coordinates":[220.0,-26.0]},"properties":{"wind_kt":34.1,"wind_from_deg":251.0,"temperature_c":-18.4,"relative_humidity":4.0,"turbulence_score":0.082,"icing_score":0.0,"convection_score":0.027}},{"type":"Feature","geometry":{"type":"Point","coordinates":[224.0,-26.0]},"properties":{"wind_kt":47.9,"wind_from_deg":268.0,"temperature_c":-17.5,"relative_humidity":3.0,"turbulence_score":0.215,"icing_score":0.0,"convection_score":0.177}},{"type":"Feature","geometry":{"type":"Point","coordinates":[228.0,-26.0]},"properties":{"wind_kt":71.2,"wind_from_deg":280.0,"temperature_c":-15.0,"relative_humidity":1.0,"turbulence_score":0.427,"icing_score":0.0,"convection_score":0.308}},{"type":"Feature","geometry":{"type":"Point","coordinates":[232.0,-26.0]},"properties":{"wind_kt":79.5,"wind_from_deg":287.0,"temperature_c":-12.7,"relative_humidity":4.0,"turbulence_score":0.483,"icing_score":0.0,"convection_score":0.038}},{"type":"Feature","geometry":{"type":"Point","coordinates":[236.0,-26.0]},"properties":{"wind_kt":83.7,"wind_from_deg":288.0,"temperature_c":-8.9,"relative_humidity":15.0,"turbulence_score":0.492,"icing_score":0.0,"convection_score":0.004}},{"type":"Feature","geometry":{"type":"Point","coordinates":[240.0,-26.0]},"properties":{"wind_kt":69.6,"wind_from_deg":286.0,"temperature_c":-8.3,"relative_humidity":8.0,"turbulence_score":0.31,"icing_score":0.0,"convection_score":0.03}},{"type":"Feature","geometry":{"type":"Point","coordinates":[244.0,-26.0]},"properties":{"wind_kt":55.1,"wind_from_deg":286.0,"temperature_c":-7.8,"relative_humidity":8.0,"turbulence_score":0.129,"icing_score":0.0,"convection_score":0.061}},{"type":"Feature","geometry":{"type":"Point","coordinates":[248.0,-26.0]},"properties":{"wind_kt":48.6,"wind_from_deg":277.0,"temperature_c":-8.4,"relative_humidity":74.0,"turbulence_score":0.128,"icing_score":0.252,"convection_score":0.052}},{"type":"Feature","geometry":{"type":"Point","coordinates":[252.0,-26.0]},"properties":{"wind_kt":45.1,"wind_from_deg":265.0,"temperature_c":-7.6,"relative_humidity":65.0,"turbulence_score":0.148,"icing_score":0.003,"convection_score":0.047}},{"type":"Feature","geometry":{"type":"Point","coordinates":[256.0,-26.0]},"properties":{"wind_kt":35.2,"wind_from_deg":271.0,"temperature_c":-9.1,"relative_humidity":75.0,"turbulence_score":0.101,"icing_score":0.277,"convection_score":0.0}},{"type":"Feature","geometry":{"type":"Point","coordinates":[260.0,-26.0]},"properties":{"wind_kt":34.7,"wind_from_deg":268.0,"temperature_c":-9.6,"relative_humidity":65.0,"turbulence_score":0.109,"icing_score":0.0,"convection_score":0.017}},{"type":"Feature","geometry":{"type":"Point","coordinates":[264.0,-26.0]},"properties":{"wind_kt":39.1,"wind_from_deg":246.0,"temperature_c":-8.8,"relative_humidity":15.0,"turbulence_score":0.224,"icing_score":0.0,"convection_score":0.011}},{"type":"Feature","geometry":{"type":"Point","coordinates":[268.0,-26.0]},"properties":{"wind_kt":42.3,"wind_from_deg":239.0,"temperature_c":-11.7,"relative_humidity":29.0,"turbulence_score":0.24,"icing_score":0.0,"convection_score":0.025}},{"type":"Feature","geometry":{"type":"Point","coordinates":[272.0,-26.0]},"properties":{"wind_kt":35.2,"wind_from_deg":249.0,"temperature_c":-13.1,"relative_humidity":52.0,"turbulence_score":0.15,"icing_score":0.0,"convection_score":0.049}},{"type":"Feature","geometry":{"type":"Point","coordinates":[276.0,-26.0]},"properties":{"wind_kt":31.3,"wind_from_deg":254.0,"temperature_c":-13.5,"relative_humidity":8.0,"turbulence_score":0.122,"icing_score":0.0,"convection_score":0.055}},{"type":"Feature","geometry":{"type":"Point","coordinates":[280.0,-26.0]},"properties":{"wind_kt":32.7,"wind_from_deg":263.0,"temperature_c":-13.1,"relative_humidity":2.0,"turbulence_score":0.135,"icing_score":0.0,"convection_score":0.005}},{"type":"Feature","geometry":{"type":"Point","coordinates":[284.0,-26.0]},"properties":{"wind_kt":41.1,"wind_from_deg":276.0,"temperature_c":-11.6,"relative_humidity":2.0,"turbulence_score":0.179,"icing_score":0.0,"convection_score":0.0}},{"type":"Feature","geometry":{"type":"Point","coordinates":[288.0,-26.0]},"properties":{"wind_kt":53.0,"wind_from_deg":287.0,"temperature_c":-10.5,"relative_humidity":4.0,"turbulence_score":0.28,"icing_score":0.0,"convection_score":0.0}},{"type":"Feature","geometry":{"type":"Point","coordinates":[292.0,-26.0]},"properties":{"wind_kt":47.6,"wind_from_deg":309.0,"temperature_c":-13.0,"relative_humidity":31.0,"turbulence_score":0.158,"icing_score":0.0,"convection_score":0.0}},{"type":"Feature","geometry":{"type":"Point","coordinates":[296.0,-26.0]},"properties":{"wind_kt":41.7,"wind_from_deg":285.0,"temperature_c":-7.5,"relative_humidity":16.0,"turbulence_score":0.211,"icing_score":0.0,"convection_score":0.429}},{"type":"Feature","geometry":{"type":"Point","coordinates":[300.0,-26.0]},"properties":{"wind_kt":33.3,"wind_from_deg":315.0,"temperature_c":-8.5,"relative_humidity":34.0,"turbulence_score":0.014,"icing_score":0.0,"convection_score":0.672}},{"type":"Feature","geometry":{"type":"Point","coordinates":[304.0,-26.0]},"properties":{"wind_kt":17.5,"wind_from_deg":297.0,"temperature_c":-7.6,"relative_humidity":14.0,"turbulence_score":0.025,"icing_score":0.0,"convection_score":0.723}},{"type":"Feature","geometry":{"type":"Point","coordinates":[308.0,-26.0]},"properties":{"wind_kt":14.1,"wind_from_deg":294.0,"temperature_c":-9.7,"relative_humidity":23.0,"turbulence_score":0.0,"icing_score":0.0,"convection_score":0.445}},{"type":"Feature","geometry":{"type":"Point","coordinates":[312.0,-26.0]},"properties":{"wind_kt":25.0,"wind_from_deg":238.0,"temperature_c":-10.1,"relative_humidity":28.0,"turbulence_score":0.091,"icing_score":0.0,"convection_score":0.179}},{"type":"Feature","geometry":{"type":"Point","coordinates":[316.0,-26.0]},"properties":{"wind_kt":31.7,"wind_from_deg":301.0,"temperature_c":-9.2,"relative_humidity":67.0,"turbulence_score":0.074,"icing_score":0.053,"convection_score":0.319}},{"type":"Feature","geometry":{"type":"Point","coordinates":[320.0,-26.0]},"properties":{"wind_kt":39.4,"wind_from_deg":309.0,"temperature_c":-7.7,"relative_humidity":94.0,"turbulence_score":0.085,"icing_score":0.816,"convection_score":0.302}},{"type":"Feature","geometry":{"type":"Point","coordinates":[324.0,-26.0]},"properties":{"wind_kt":41.4,"wind_from_deg":297.0,"temperature_c":-6.2,"relative_humidity":4.0,"turbulence_score":0.126,"icing_score":0.0,"convection_score":0.019}},{"type":"Feature","geometry":{"type":"Point","coordinates":[328.0,-26.0]},"properties":{"wind_kt":38.5,"wind_from_deg":284.0,"temperature_c":-5.9,"relative_humidity":6.0,"turbulence_score":0.148,"icing_score":0.0,"convection_score":0.01}},{"type":"Feature","geometry":{"type":"Point","coordinates":[332.0,-26.0]},"properties":{"wind_kt":33.3,"wind_from_deg":272.0,"temperature_c":-5.9,"relative_humidity":5.0,"turbulence_score":0.078,"icing_score":0.0,"convection_score":0.021}},{"type":"Feature","geometry":{"type":"Point","coordinates":[336.0,-26.0]},"properties":{"wind_kt":28.3,"wind_from_deg":262.0,"temperature_c":-5.0,"relative_humidity":32.0,"turbulence_score":0.052,"icing_score":0.0,"convection_score":0.0}},{"type":"Feature","geometry":{"type":"Point","coordinates":[340.0,-26.0]},"properties":{"wind_kt":22.0,"wind_from_deg":262.0,"temperature_c":-6.1,"relative_humidity":54.0,"turbulence_score":0.0,"icing_score":0.0,"convection_score":0.0}},{"type":"Feature","geometry":{"type":"Point","coordinates":[344.0,-26.0]},"properties":{"wind_kt":15.2,"wind_from_deg":258.0,"temperature_c":-6.2,"relative_humidity":33.0,"turbulence_score":0.0,"icing_score":0.0,"convection_score":0.0}},{"type":"Feature","geometry":{"type":"Point","coordinates":[348.0,-26.0]},"properties":{"wind_kt":22.0,"wind_from_deg":278.0,"temperature_c":-6.0,"relative_humidity":26.0,"turbulence_score":0.021,"icing_score":0.0,"convection_score":0.0}},{"type":"Feature","geometry":{"type":"Point","coordinates":[352.0,-26.0]},"properties":{"wind_kt":18.5,"wind_from_deg":289.0,"temperature_c":-5.8,"relative_humidity":1.0,"turbulence_score":0.0,"icing_score":0.0,"convection_score":0.0}},{"type":"Feature","geometry":{"type":"Point","coordinates":[356.0,-26.0]},"properties":{"wind_kt":15.8,"wind_from_deg":293.0,"temperature_c":-6.6,"relative_humidity":6.0,"turbulence_score":0.0,"icing_score":0.0,"convection_score":0.002}},{"type":"Feature","geometry":{"type":"Point","coordinates":[0.0,-30.0]},"properties":{"wind_kt":45.8,"wind_from_deg":278.0,"temperature_c":-7.6,"relative_humidity":9.0,"turbulence_score":0.12,"icing_score":0.0,"convection_score":0.009}},{"type":"Feature","geometry":{"type":"Point","coordinates":[4.0,-30.0]},"properties":{"wind_kt":43.4,"wind_from_deg":269.0,"temperature_c":-7.2,"relative_humidity":7.0,"turbulence_score":0.132,"icing_score":0.0,"convection_score":0.003}},{"type":"Feature","geometry":{"type":"Point","coordinates":[8.0,-30.0]},"properties":{"wind_kt":34.1,"wind_from_deg":264.0,"temperature_c":-6.9,"relative_humidity":31.0,"turbulence_score":0.07,"icing_score":0.0,"convection_score":0.0}},{"type":"Feature","geometry":{"type":"Point","coordinates":[12.0,-30.0]},"properties":{"wind_kt":31.6,"wind_from_deg":277.0,"temperature_c":-5.9,"relative_humidity":27.0,"turbulence_score":0.058,"icing_score":0.0,"convection_score":0.0}},{"type":"Feature","geometry":{"type":"Point","coordinates":[16.0,-30.0]},"properties":{"wind_kt":30.0,"wind_from_deg":269.0,"temperature_c":-5.4,"relative_humidity":22.0,"turbulence_score":0.049,"icing_score":0.0,"convection_score":0.0}},{"type":"Feature","geometry":{"type":"Point","coordinates":[20.0,-30.0]},"properties":{"wind_kt":34.1,"wind_from_deg":269.0,"temperature_c":-5.5,"relative_humidity":18.0,"turbulence_score":0.086,"icing_score":0.0,"convection_score":0.0}},{"type":"Feature","geometry":{"type":"Point","coordinates":[24.0,-30.0]},"properties":{"wind_kt":36.5,"wind_from_deg":266.0,"temperature_c":-7.1,"relative_humidity":24.0,"turbulence_score":0.071,"icing_score":0.0,"convection_score":0.0}},{"type":"Feature","geometry":{"type":"Point","coordinates":[28.0,-30.0]},"properties":{"wind_kt":30.8,"wind_from_deg":267.0,"temperature_c":-10.1,"relative_humidity":16.0,"turbulence_score":0.048,"icing_score":0.0,"convection_score":0.023}},{"type":"Feature","geometry":{"type":"Point","coordinates":[32.0,-30.0]},"properties":{"wind_kt":31.4,"wind_from_deg":258.0,"temperature_c":-10.0,"relative_humidity":4.0,"turbulence_score":0.082,"icing_score":0.0,"convection_score":0.003}},{"type":"Feature","geometry":{"type":"Point","coordinates":[36.0,-30.0]},"properties":{"wind_kt":36.2,"wind_from_deg":233.0,"temperature_c":-10.2,"relative_humidity":8.0,"turbulence_score":0.097,"icing_score":0.0,"convection_score":0.011}},{"type":"Feature","geometry":{"type":"Point","coordinates":[40.0,-30.0]},"properties":{"wind_kt":24.3,"wind_from_deg":238.0,"temperature_c":-11.5,"relative_humidity":74.0,"turbulence_score":0.034,"icing_score":0.216,"convection_score":0.164}},{"type":"Feature","geometry":{"type":"Point","coordinates":[44.0,-30.0]},"properties":{"wind_kt":19.4,"wind_from_deg":246.0,"temperature_c":-11.3,"relative_humidity":35.0,"turbulence_score":0.043,"icing_score":0.0,"convection_score":0.058}},{"type":"Feature","geometry":{"type":"Point","coordinates":[48.0,-30.0]},"properties":{"wind_kt":7.1,"wind_from_deg":223.0,"temperature_c":-12.7,"relative_humidity":95.0,"turbulence_score":0.0,"icing_score":0.631,"convection_score":0.026}},{"type":"Feature","geometry":{"type":"Point","coordinates":[52.0,-30.0]},"properties":{"wind_kt":16.4,"wind_from_deg":254.0,"temperature_c":-11.7,"relative_humidity":38.0,"turbulence_score":0.0,"icing_score":0.0,"convection_score":0.059}},{"type":"Feature","geometry":{"type":"Point","coordinates":[56.0,-30.0]},"properties":{"wind_kt":28.0,"wind_from_deg":259.0,"temperature_c":-11.5,"relative_humidity":3.0,"turbulence_score":0.08,"icing_score":0.0,"convection_score":0.035}},{"type":"Feature","geometry":{"type":"Point","coordinates":[60.0,-30.0]},"properties":{"wind_kt":20.5,"wind_from_deg":272.0,"temperature_c":-12.6,"relative_humidity":5.0,"turbulence_score":0.038,"icing_score":0.0,"convection_score":0.052}},{"type":"Feature","geometry":{"type":"Point","coordinates":[64.0,-30.0]},"properties":{"wind_kt":11.1,"wind_from_deg":337.0,"temperature_c":-14.8,"relative_humidity":13.0,"turbulence_score":0.0,"icing_score":0.0,"convection_score":0.047}},{"type":"Feature","geometry":{"type":"Point","coordinates":[68.0,-30.0]},"properties":{"wind_kt":1.8,"wind_from_deg":214.0,"temperature_c":-14.8,"relative_humidity":10.0,"turbulence_score":0.0,"icing_score":0.0,"convection_score":0.096}},{"type":"Feature","geometry":{"type":"Point","coordinates":[72.0,-30.0]},"properties":{"wind_kt":10.5,"wind_from_deg":107.0,"temperature_c":-17.1,"relative_humidity":11.0,"turbulence_score":0.0,"icing_score":0.0,"convection_score":0.005}},{"type":"Feature","geometry":{"type":"Point","coordinates":[76.0,-30.0]},"properties":{"wind_kt":7.7,"wind_from_deg":44.0,"temperature_c":-15.7,"relative_humidity":8.0,"turbulence_score":0.0,"icing_score":0.0,"convection_score":0.312}},{"type":"Feature","geometry":{"type":"Point","coordinates":[80.0,-30.0]},"properties":{"wind_kt":5.6,"wind_from_deg":237.0,"temperature_c":-12.8,"relative_humidity":5.0,"turbulence_score":0.048,"icing_score":0.0,"convection_score":0.196}},{"type":"Feature","geometry":{"type":"Point","coordinates":[84.0,-30.0]},"properties":{"wind_kt":9.2,"wind_from_deg":139.0,"temperature_c":-13.6,"relative_humidity":1.0,"turbulence_score":0.049,"icing_score":0.0,"convection_score":0.008}},{"type":"Feature","geometry":{"type":"Point","coordinates":[88.0,-30.0]},"properties":{"wind_kt":25.2,"wind_from_deg":116.0,"temperature_c":-13.9,"relative_humidity":1.0,"turbulence_score":0.0,"icing_score":0.0,"convection_score":0.004}},{"type":"Feature","geometry":{"type":"Point","coordinates":[92.0,-30.0]},"properties":{"wind_kt":19.4,"wind_from_deg":214.0,"temperature_c":-13.1,"relative_humidity":0.0,"turbulence_score":0.017,"icing_score":0.0,"convection_score":0.002}},{"type":"Feature","geometry":{"type":"Point","coordinates":[96.0,-30.0]},"properties":{"wind_kt":41.0,"wind_from_deg":243.0,"temperature_c":-14.1,"relative_humidity":1.0,"turbulence_score":0.144,"icing_score":0.0,"convection_score":0.004}},{"type":"Feature","geometry":{"type":"Point","coordinates":[100.0,-30.0]},"properties":{"wind_kt":54.8,"wind_from_deg":250.0,"temperature_c":-15.2,"relative_humidity":7.0,"turbulence_score":0.211,"icing_score":0.0,"convection_score":0.18}},{"type":"Feature","geometry":{"type":"Point","coordinates":[104.0,-30.0]},"properties":{"wind_kt":59.3,"wind_from_deg":257.0,"temperature_c":-15.0,"relative_humidity":8.0,"turbulence_score":0.232,"icing_score":0.0,"convection_score":0.008}},{"type":"Feature","geometry":{"type":"Point","coordinates":[108.0,-30.0]},"properties":{"wind_kt":53.4,"wind_from_deg":267.0,"temperature_c":-14.9,"relative_humidity":32.0,"turbulence_score":0.122,"icing_score":0.0,"convection_score":0.043}},{"type":"Feature","geometry":{"type":"Point","coordinates":[112.0,-30.0]},"properties":{"wind_kt":52.3,"wind_from_deg":283.0,"temperature_c":-14.5,"relative_humidity":76.0,"turbulence_score":0.184,"icing_score":0.195,"convection_score":0.038}},{"type":"Feature","geometry":{"type":"Point","coordinates":[116.0,-30.0]},"properties":{"wind_kt":53.8,"wind_from_deg":291.0,"temperature_c":-13.2,"relative_humidity":55.0,"turbulence_score":0.217,"icing_score":0.0,"convection_score":0.0}},{"type":"Feature","geometry":{"type":"Point","coordinates":[120.0,-30.0]},"properties":{"wind_kt":48.1,"wind_from_deg":291.0,"temperature_c":-12.3,"relative_humidity":85.0,"turbulence_score":0.128,"icing_score":0.431,"convection_score":0.0}},{"type":"Feature","geometry":{"type":"Point","coordinates":[124.0,-30.0]},"properties":{"wind_kt":37.5,"wind_from_deg":285.0,"temperature_c":-11.6,"relative_humidity":56.0,"turbulence_score":0.035,"icing_score":0.0,"convection_score":0.0}},{"type":"Feature","geometry":{"type":"Point","coordinates":[128.0,-30.0]},"properties":{"wind_kt":32.1,"wind_from_deg":275.0,"temperature_c":-12.3,"relative_humidity":14.0,"turbulence_score":0.009,"icing_score":0.0,"convection_score":0.0}},{"type":"Feature","geometry":{"type":"Point","coordinates":[132.0,-30.0]},"properties":{"wind_kt":17.1,"wind_from_deg":270.0,"temperature_c":-13.2,"relative_humidity":16.0,"turbulence_score":0.013,"icing_score":0.0,"convection_score":0.0}},{"type":"Feature","geometry":{"type":"Point","coordinates":[136.0,-30.0]},"properties":{"wind_kt":14.3,"wind_from_deg":305.0,"temperature_c":-13.1,"relative_humidity":8.0,"turbulence_score":0.0,"icing_score":0.0,"convection_score":0.0}},{"type":"Feature","geometry":{"type":"Point","coordinates":[140.0,-30.0]},"properties":{"wind_kt":7.3,"wind_from_deg":327.0,"temperature_c":-12.8,"relative_humidity":6.0,"turbulence_score":0.0,"icing_score":0.0,"convection_score":0.0}},{"type":"Feature","geometry":{"type":"Point","coordinates":[144.0,-30.0]},"properties":{"wind_kt":2.3,"wind_from_deg":156.0,"temperature_c":-12.7,"relative_humidity":4.0,"turbulence_score":0.0,"icing_score":0.0,"convection_score":0.0}},{"type":"Feature","geometry":{"type":"Point","coordinates":[148.0,-30.0]},"properties":{"wind_kt":14.6,"wind_from_deg":165.0,"temperature_c":-12.7,"relative_humidity":2.0,"turbulence_score":0.0,"icing_score":0.0,"convection_score":0.0}},{"type":"Feature","geometry":{"type":"Point","coordinates":[152.0,-30.0]},"properties":{"wind_kt":16.9,"wind_from_deg":193.0,"temperature_c":-14.1,"relative_humidity":3.0,"turbulence_score":0.0,"icing_score":0.0,"convection_score":0.221}},{"type":"Feature","geometry":{"type":"Point","coordinates":[156.0,-30.0]},"properties":{"wind_kt":30.0,"wind_from_deg":243.0,"temperature_c":-14.6,"relative_humidity":4.0,"turbulence_score":0.0,"icing_score":0.0,"convection_score":0.033}},{"type":"Feature","geometry":{"type":"Point","coordinates":[160.0,-30.0]},"properties":{"wind_kt":39.9,"wind_from_deg":270.0,"temperature_c":-15.4,"relative_humidity":2.0,"turbulence_score":0.061,"icing_score":0.0,"convection_score":0.021}},{"type":"Feature","geometry":{"type":"Point","coordinates":[164.0,-30.0]},"properties":{"wind_kt":39.4,"wind_from_deg":295.0,"temperature_c":-15.0,"relative_humidity":100.0,"turbulence_score":0.105,"icing_score":0.604,"convection_score":0.29}},{"type":"Feature","geometry":{"type":"Point","coordinates":[168.0,-30.0]},"properties":{"wind_kt":31.1,"wind_from_deg":306.0,"temperature_c":-13.3,"relative_humidity":13.0,"turbulence_score":0.082,"icing_score":0.0,"convection_score":0.031}},{"type":"Feature","geometry":{"type":"Point","coordinates":[172.0,-30.0]},"properties":{"wind_kt":20.6,"wind_from_deg":283.0,"temperature_c":-13.5,"relative_humidity":10.0,"turbulence_score":0.007,"icing_score":0.0,"convection_score":0.003}},{"type":"Feature","geometry":{"type":"Point","coordinates":[176.0,-30.0]},"properties":{"wind_kt":28.6,"wind_from_deg":277.0,"temperature_c":-14.3,"relative_humidity":84.0,"turbulence_score":0.076,"icing_score":0.347,"convection_score":0.0}},{"type":"Feature","geometry":{"type":"Point","coordinates":[180.0,-30.0]},"properties":{"wind_kt":28.4,"wind_from_deg":267.0,"temperature_c":-13.5,"relative_humidity":75.0,"turbulence_score":0.063,"icing_score":0.198,"convection_score":0.0}},{"type":"Feature","geometry":{"type":"Point","coordinates":[184.0,-30.0]},"properties":{"wind_kt":27.6,"wind_from_deg":261.0,"temperature_c":-12.6,"relative_humidity":26.0,"turbulence_score":0.01,"icing_score":0.0,"convection_score":0.094}},{"type":"Feature","geometry":{"type":"Point","coordinates":[188.0,-30.0]},"properties":{"wind_kt":22.6,"wind_from_deg":260.0,"temperature_c":-13.0,"relative_humidity":4.0,"turbulence_score":0.038,"icing_score":0.0,"convection_score":0.031}},{"type":"Feature","geometry":{"type":"Point","coordinates":[192.0,-30.0]},"properties":{"wind_kt":15.3,"wind_from_deg":230.0,"temperature_c":-14.7,"relative_humidity":51.0,"turbulence_score":0.0,"icing_score":0.0,"convection_score":0.002}},{"type":"Feature","geometry":{"type":"Point","coordinates":[196.0,-30.0]},"properties":{"wind_kt":13.2,"wind_from_deg":240.0,"temperature_c":-16.0,"relative_humidity":23.0,"turbulence_score":0.0,"icing_score":0.0,"convection_score":0.31}},{"type":"Feature","geometry":{"type":"Point","coordinates":[200.0,-30.0]},"properties":{"wind_kt":18.3,"wind_from_deg":216.0,"temperature_c":-17.1,"relative_humidity":1.0,"turbulence_score":0.0,"icing_score":0.0,"convection_score":0.236}},{"type":"Feature","geometry":{"type":"Point","coordinates":[204.0,-30.0]},"properties":{"wind_kt":8.5,"wind_from_deg":202.0,"temperature_c":-17.3,"relative_humidity":8.0,"turbulence_score":0.0,"icing_score":0.0,"convection_score":0.305}},{"type":"Feature","geometry":{"type":"Point","coordinates":[208.0,-30.0]},"properties":{"wind_kt":19.1,"wind_from_deg":201.0,"temperature_c":-17.5,"relative_humidity":20.0,"turbulence_score":0.0,"icing_score":0.0,"convection_score":0.305}},{"type":"Feature","geometry":{"type":"Point","coordinates":[212.0,-30.0]},"properties":{"wind_kt":27.3,"wind_from_deg":215.0,"temperature_c":-18.3,"relative_humidity":26.0,"turbulence_score":0.019,"icing_score":0.0,"convection_score":0.246}},{"type":"Feature","geometry":{"type":"Point","coordinates":[216.0,-30.0]},"properties":{"wind_kt":25.1,"wind_from_deg":224.0,"temperature_c":-19.3,"relative_humidity":40.0,"turbulence_score":0.002,"icing_score":0.0,"convection_score":0.023}},{"type":"Feature","geometry":{"type":"Point","coordinates":[220.0,-30.0]},"properties":{"wind_kt":25.6,"wind_from_deg":228.0,"temperature_c":-21.1,"relative_humidity":25.0,"turbulence_score":0.004,"icing_score":0.0,"convection_score":0.047}},{"type":"Feature","geometry":{"type":"Point","coordinates":[224.0,-30.0]},"properties":{"wind_kt":29.0,"wind_from_deg":245.0,"temperature_c":-21.8,"relative_humidity":12.0,"turbulence_score":0.023,"icing_score":0.0,"convection_score":0.018}},{"type":"Feature","geometry":{"type":"Point","coordinates":[228.0,-30.0]},"properties":{"wind_kt":25.4,"wind_from_deg":251.0,"temperature_c":-21.1,"relative_humidity":3.0,"turbulence_score":0.0,"icing_score":0.0,"convection_score":0.067}},{"type":"Feature","geometry":{"type":"Point","coordinates":[232.0,-30.0]},"properties":{"wind_kt":48.5,"wind_from_deg":274.0,"temperature_c":-21.6,"relative_humidity":3.0,"turbulence_score":0.179,"icing_score":0.0,"convection_score":0.105}},{"type":"Feature","geometry":{"type":"Point","coordinates":[236.0,-30.0]},"properties":{"wind_kt":51.6,"wind_from_deg":288.0,"temperature_c":-20.7,"relative_humidity":6.0,"turbulence_score":0.143,"icing_score":0.0,"convection_score":0.036}},{"type":"Feature","geometry":{"type":"Point","coordinates":[240.0,-30.0]},"properties":{"wind_kt":59.6,"wind_from_deg":301.0,"temperature_c":-17.1,"relative_humidity":10.0,"turbulence_score":0.234,"icing_score":0.0,"convection_score":0.002}},{"type":"Feature","geometry":{"type":"Point","coordinates":[244.0,-30.0]},"properties":{"wind_kt":42.6,"wind_from_deg":305.0,"temperature_c":-14.5,"relative_humidity":94.0,"turbulence_score":0.081,"icing_score":0.531,"convection_score":0.243}},{"type":"Feature","geometry":{"type":"Point","coordinates":[248.0,-30.0]},"properties":{"wind_kt":57.4,"wind_from_deg":302.0,"temperature_c":-11.3,"relative_humidity":68.0,"turbulence_score":0.206,"icing_score":0.065,"convection_score":0.094}},{"type":"Feature","geometry":{"type":"Point","coordinates":[252.0,-30.0]},"properties":{"wind_kt":55.5,"wind_from_deg":295.0,"temperature_c":-10.8,"relative_humidity":97.0,"turbulence_score":0.255,"icing_score":0.764,"convection_score":0.024}},{"type":"Feature","geometry":{"type":"Point","coordinates":[256.0,-30.0]},"properties":{"wind_kt":29.1,"wind_from_deg":262.0,"temperature_c":-12.1,"relative_humidity":96.0,"turbulence_score":0.121,"icing_score":0.675,"convection_score":0.042}},{"type":"Feature","geometry":{"type":"Point","coordinates":[260.0,-30.0]},"properties":{"wind_kt":22.6,"wind_from_deg":273.0,"temperature_c":-12.8,"relative_humidity":32.0,"turbulence_score":0.061,"icing_score":0.0,"convection_score":0.094}},{"type":"Feature","geometry":{"type":"Point","coordinates":[264.0,-30.0]},"properties":{"wind_kt":27.5,"wind_from_deg":254.0,"temperature_c":-13.7,"relative_humidity":19.0,"turbulence_score":0.119,"icing_score":0.0,"convection_score":0.032}},{"type":"Feature","geometry":{"type":"Point","coordinates":[268.0,-30.0]},"properties":{"wind_kt":22.3,"wind_from_deg":240.0,"temperature_c":-15.4,"relative_humidity":9.0,"turbulence_score":0.052,"icing_score":0.0,"convection_score":0.036}},{"type":"Feature","geometry":{"type":"Point","coordinates":[272.0,-30.0]},"properties":{"wind_kt":32.6,"wind_from_deg":222.0,"temperature_c":-15.8,"relative_humidity":4.0,"turbulence_score":0.091,"icing_score":0.0,"convection_score":0.144}},{"type":"Feature","geometry":{"type":"Point","coordinates":[276.0,-30.0]},"properties":{"wind_kt":35.6,"wind_from_deg":245.0,"temperature_c":-17.0,"relative_humidity":5.0,"turbulence_score":0.08,"icing_score":0.0,"convection_score":0.062}},{"type":"Feature","geometry":{"type":"Point","coordinates":[280.0,-30.0]},"properties":{"wind_kt":35.7,"wind_from_deg":259.0,"temperature_c":-18.0,"relative_humidity":7.0,"turbulence_score":0.115,"icing_score":0.0,"convection_score":0.09}},{"type":"Feature","geometry":{"type":"Point","coordinates":[284.0,-30.0]},"properties":{"wind_kt":36.6,"wind_from_deg":267.0,"temperature_c":-17.1,"relative_humidity":6.0,"turbulence_score":0.118,"icing_score":0.0,"convection_score":0.001}},{"type":"Feature","geometry":{"type":"Point","coordinates":[288.0,-30.0]},"properties":{"wind_kt":20.8,"wind_from_deg":304.0,"temperature_c":-16.6,"relative_humidity":27.0,"turbulence_score":0.0,"icing_score":0.0,"convection_score":0.013}},{"type":"Feature","geometry":{"type":"Point","coordinates":[292.0,-30.0]},"properties":{"wind_kt":34.9,"wind_from_deg":292.0,"temperature_c":-14.3,"relative_humidity":39.0,"turbulence_score":0.031,"icing_score":0.0,"convection_score":0.009}},{"type":"Feature","geometry":{"type":"Point","coordinates":[296.0,-30.0]},"properties":{"wind_kt":47.9,"wind_from_deg":311.0,"temperature_c":-12.2,"relative_humidity":27.0,"turbulence_score":0.207,"icing_score":0.0,"convection_score":0.7}},{"type":"Feature","geometry":{"type":"Point","coordinates":[300.0,-30.0]},"properties":{"wind_kt":25.5,"wind_from_deg":307.0,"temperature_c":-10.8,"relative_humidity":33.0,"turbulence_score":0.006,"icing_score":0.0,"convection_score":0.7}},{"type":"Feature","geometry":{"type":"Point","coordinates":[304.0,-30.0]},"properties":{"wind_kt":32.8,"wind_from_deg":313.0,"temperature_c":-10.7,"relative_humidity":56.0,"turbulence_score":0.006,"icing_score":0.0,"convection_score":0.291}},{"type":"Feature","geometry":{"type":"Point","coordinates":[308.0,-30.0]},"properties":{"wind_kt":21.2,"wind_from_deg":270.0,"temperature_c":-11.3,"relative_humidity":36.0,"turbulence_score":0.0,"icing_score":0.0,"convection_score":0.173}},{"type":"Feature","geometry":{"type":"Point","coordinates":[312.0,-30.0]},"properties":{"wind_kt":21.4,"wind_from_deg":257.0,"temperature_c":-11.8,"relative_humidity":41.0,"turbulence_score":0.003,"icing_score":0.0,"convection_score":0.001}},{"type":"Feature","geometry":{"type":"Point","coordinates":[316.0,-30.0]},"properties":{"wind_kt":18.0,"wind_from_deg":243.0,"temperature_c":-11.6,"relative_humidity":41.0,"turbulence_score":0.0,"icing_score":0.0,"convection_score":0.009}},{"type":"Feature","geometry":{"type":"Point","coordinates":[320.0,-30.0]},"properties":{"wind_kt":35.1,"wind_from_deg":299.0,"temperature_c":-10.1,"relative_humidity":95.0,"turbulence_score":0.169,"icing_score":0.768,"convection_score":0.002}},{"type":"Feature","geometry":{"type":"Point","coordinates":[324.0,-30.0]},"properties":{"wind_kt":40.2,"wind_from_deg":304.0,"temperature_c":-8.5,"relative_humidity":97.0,"turbulence_score":0.236,"icing_score":0.887,"convection_score":0.008}},{"type":"Feature","geometry":{"type":"Point","coordinates":[328.0,-30.0]},"properties":{"wind_kt":47.1,"wind_from_deg":289.0,"temperature_c":-8.0,"relative_humidity":97.0,"turbulence_score":0.287,"icing_score":0.907,"convection_score":0.305}},{"type":"Feature","geometry":{"type":"Point","coordinates":[332.0,-30.0]},"properties":{"wind_kt":50.5,"wind_from_deg":279.0,"temperature_c":-7.9,"relative_humidity":96.0,"turbulence_score":0.207,"icing_score":0.877,"convection_score":0.306}},{"type":"Feature","geometry":{"type":"Point","coordinates":[336.0,-30.0]},"properties":{"wind_kt":47.7,"wind_from_deg":271.0,"temperature_c":-8.0,"relative_humidity":83.0,"turbulence_score":0.18,"icing_score":0.505,"convection_score":0.102}},{"type":"Feature","geometry":{"type":"Point","coordinates":[340.0,-30.0]},"properties":{"wind_kt":46.1,"wind_from_deg":277.0,"temperature_c":-7.9,"relative_humidity":93.0,"turbulence_score":0.099,"icing_score":0.806,"convection_score":0.0}},{"type":"Feature","geometry":{"type":"Point","coordinates":[344.0,-30.0]},"properties":{"wind_kt":48.8,"wind_from_deg":272.0,"temperature_c":-7.6,"relative_humidity":82.0,"turbulence_score":0.126,"icing_score":0.474,"convection_score":0.224}},{"type":"Feature","geometry":{"type":"Point","coordinates":[348.0,-30.0]},"properties":{"wind_kt":50.1,"wind_from_deg":278.0,"temperature_c":-7.5,"relative_humidity":83.0,"turbulence_score":0.131,"icing_score":0.509,"convection_score":0.256}},{"type":"Feature","geometry":{"type":"Point","coordinates":[352.0,-30.0]},"properties":{"wind_kt":47.6,"wind_from_deg":277.0,"temperature_c":-7.9,"relative_humidity":47.0,"turbulence_score":0.138,"icing_score":0.0,"convection_score":0.0}},{"type":"Feature","geometry":{"type":"Point","coordinates":[356.0,-30.0]},"properties":{"wind_kt":48.4,"wind_from_deg":281.0,"temperature_c":-7.9,"relative_humidity":41.0,"turbulence_score":0.13,"icing_score":0.0,"convection_score":0.02}},{"type":"Feature","geometry":{"type":"Point","coordinates":[0.0,-34.0]},"properties":{"wind_kt":75.7,"wind_from_deg":275.0,"temperature_c":-9.6,"relative_humidity":96.0,"turbulence_score":0.368,"icing_score":0.798,"convection_score":0.213}},{"type":"Feature","geometry":{"type":"Point","coordinates":[4.0,-34.0]},"properties":{"wind_kt":68.6,"wind_from_deg":273.0,"temperature_c":-9.5,"relative_humidity":91.0,"turbulence_score":0.206,"icing_score":0.689,"convection_score":0.042}},{"type":"Feature","geometry":{"type":"Point","coordinates":[8.0,-34.0]},"properties":{"wind_kt":61.1,"wind_from_deg":271.0,"temperature_c":-8.9,"relative_humidity":76.0,"turbulence_score":0.206,"icing_score":0.293,"convection_score":0.174}},{"type":"Feature","geometry":{"type":"Point","coordinates":[12.0,-34.0]},"properties":{"wind_kt":49.4,"wind_from_deg":268.0,"temperature_c":-8.5,"relative_humidity":60.0,"turbulence_score":0.183,"icing_score":0.0,"convection_score":0.002}},{"type":"Feature","geometry":{"type":"Point","coordinates":[16.0,-34.0]},"properties":{"wind_kt":39.7,"wind_from_deg":283.0,"temperature_c":-8.6,"relative_humidity":33.0,"turbulence_score":0.143,"icing_score":0.0,"convection_score":0.0}},{"type":"Feature","geometry":{"type":"Point","coordinates":[20.0,-34.0]},"properties":{"wind_kt":27.7,"wind_from_deg":260.0,"temperature_c":-9.1,"relative_humidity":21.0,"turbulence_score":0.0,"icing_score":0.0,"convection_score":0.0}},{"type":"Feature","geometry":{"type":"Point","coordinates":[24.0,-34.0]},"properties":{"wind_kt":28.9,"wind_from_deg":276.0,"temperature_c":-9.2,"relative_humidity":16.0,"turbulence_score":0.049,"icing_score":0.0,"convection_score":0.004}},{"type":"Feature","geometry":{"type":"Point","coordinates":[28.0,-34.0]},"properties":{"wind_kt":22.5,"wind_from_deg":265.0,"temperature_c":-10.9,"relative_humidity":4.0,"turbulence_score":0.0,"icing_score":0.0,"convection_score":0.147}},{"type":"Feature","geometry":{"type":"Point","coordinates":[32.0,-34.0]},"properties":{"wind_kt":37.6,"wind_from_deg":241.0,"temperature_c":-12.8,"relative_humidity":12.0,"turbulence_score":0.111,"icing_score":0.0,"convection_score":0.011}},{"type":"Feature","geometry":{"type":"Point","coordinates":[36.0,-34.0]},"properties":{"wind_kt":41.0,"wind_from_deg":250.0,"temperature_c":-12.0,"relative_humidity":2.0,"turbulence_score":0.127,"icing_score":0.0,"convection_score":0.014}},{"type":"Feature","geometry":{"type":"Point","coordinates":[40.0,-34.0]},"properties":{"wind_kt":27.3,"wind_from_deg":269.0,"temperature_c":-12.0,"relative_humidity":33.0,"turbulence_score":0.007,"icing_score":0.0,"convection_score":0.007}},{"type":"Feature","geometry":{"type":"Point","coordinates":[44.0,-34.0]},"properties":{"wind_kt":16.8,"wind_from_deg":260.0,"temperature_c":-12.8,"relative_humidity":64.0,"turbulence_score":0.0,"icing_score":0.0,"convection_score":0.006}},{"type":"Feature","geometry":{"type":"Point","coordinates":[48.0,-34.0]},"properties":{"wind_kt":10.6,"wind_from_deg":262.0,"temperature_c":-12.8,"relative_humidity":6.0,"turbulence_score":0.0,"icing_score":0.0,"convection_score":0.049}},{"type":"Feature","geometry":{"type":"Point","coordinates":[52.0,-34.0]},"properties":{"wind_kt":21.3,"wind_from_deg":258.0,"temperature_c":-14.7,"relative_humidity":1.0,"turbulence_score":0.0,"icing_score":0.0,"convection_score":0.052}},{"type":"Feature","geometry":{"type":"Point","coordinates":[56.0,-34.0]},"properties":{"wind_kt":8.2,"wind_from_deg":325.0,"temperature_c":-16.5,"relative_humidity":23.0,"turbulence_score":0.0,"icing_score":0.0,"convection_score":0.055}},{"type":"Feature","geometry":{"type":"Point","coordinates":[60.0,-34.0]},"properties":{"wind_kt":15.4,"wind_from_deg":28.0,"temperature_c":-17.3,"relative_humidity":12.0,"turbulence_score":0.0,"icing_score":0.0,"convection_score":0.038}},{"type":"Feature","geometry":{"type":"Point","coordinates":[64.0,-34.0]},"properties":{"wind_kt":17.0,"wind_from_deg":32.0,"temperature_c":-17.3,"relative_humidity":11.0,"turbulence_score":0.007,"icing_score":0.0,"convection_score":0.148}},{"type":"Feature","geometry":{"type":"Point","coordinates":[68.0,-34.0]},"properties":{"wind_kt":43.6,"wind_from_deg":67.0,"temperature_c":-18.1,"relative_humidity":3.0,"turbulence_score":0.103,"icing_score":0.0,"convection_score":0.313}},{"type":"Feature","geometry":{"type":"Point","coordinates":[72.0,-34.0]},"properties":{"wind_kt":34.6,"wind_from_deg":84.0,"temperature_c":-18.0,"relative_humidity":12.0,"turbulence_score":0.056,"icing_score":0.0,"convection_score":0.007}},{"type":"Feature","geometry":{"type":"Point","coordinates":[76.0,-34.0]},"properties":{"wind_kt":28.2,"wind_from_deg":94.0,"temperature_c":-16.5,"relative_humidity":15.0,"turbulence_score":0.024,"icing_score":0.0,"convection_score":0.003}},{"type":"Feature","geometry":{"type":"Point","coordinates":[80.0,-34.0]},"properties":{"wind_kt":23.1,"wind_from_deg":92.0,"temperature_c":-14.0,"relative_humidity":5.0,"turbulence_score":0.0,"icing_score":0.0,"convection_score":0.003}},{"type":"Feature","geometry":{"type":"Point","coordinates":[84.0,-34.0]},"properties":{"wind_kt":16.5,"wind_from_deg":146.0,"temperature_c":-13.6,"relative_humidity":6.0,"turbulence_score":0.0,"icing_score":0.0,"convection_score":0.001}},{"type":"Feature","geometry":{"type":"Point","coordinates":[88.0,-34.0]},"properties":{"wind_kt":18.5,"wind_from_deg":157.0,"temperature_c":-12.2,"relative_humidity":4.0,"turbulence_score":0.0,"icing_score":0.0,"convection_score":0.002}},{"type":"Feature","geometry":{"type":"Point","coordinates":[92.0,-34.0]},"properties":{"wind_kt":28.6,"wind_from_deg":176.0,"temperature_c":-13.0,"relative_humidity":15.0,"turbulence_score":0.0,"icing_score":0.0,"convection_score":0.003}},{"type":"Feature","geometry":{"type":"Point","coordinates":[96.0,-34.0]},"properties":{"wind_kt":36.8,"wind_from_deg":199.0,"temperature_c":-14.2,"relative_humidity":44.0,"turbulence_score":0.054,"icing_score":0.0,"convection_score":0.003}},{"type":"Feature","geometry":{"type":"Point","coordinates":[100.0,-34.0]},"properties":{"wind_kt":43.5,"wind_from_deg":226.0,"temperature_c":-15.2,"relative_humidity":44.0,"turbulence_score":0.089,"icing_score":0.0,"convection_score":0.069}},{"type":"Feature","geometry":{"type":"Point","coordinates":[104.0,-34.0]},"properties":{"wind_kt":51.9,"wind_from_deg":250.0,"temperature_c":-16.2,"relative_humidity":24.0,"turbulence_score":0.161,"icing_score":0.0,"convection_score":0.017}},{"type":"Feature","geometry":{"type":"Point","coordinates":[108.0,-34.0]},"properties":{"wind_kt":51.1,"wind_from_deg":250.0,"temperature_c":-17.4,"relative_humidity":21.0,"turbulence_score":0.149,"icing_score":0.0,"convection_score":0.008}},{"type":"Feature","geometry":{"type":"Point","coordinates":[112.0,-34.0]},"properties":{"wind_kt":54.4,"wind_from_deg":276.0,"temperature_c":-19.8,"relative_humidity":21.0,"turbulence_score":0.129,"icing_score":0.0,"convection_score":0.31}},{"type":"Feature","geometry":{"type":"Point","coordinates":[116.0,-34.0]},"properties":{"wind_kt":58.9,"wind_from_deg":286.0,"temperature_c":-16.9,"relative_humidity":84.0,"turbulence_score":0.188,"icing_score":0.274,"convection_score":0.001}},{"type":"Feature","geometry":{"type":"Point","coordinates":[120.0,-34.0]},"properties":{"wind_kt":56.7,"wind_from_deg":291.0,"temperature_c":-14.6,"relative_humidity":70.0,"turbulence_score":0.2,"icing_score":0.083,"convection_score":0.081}},{"type":"Feature","geometry":{"type":"Point","coordinates":[124.0,-34.0]},"properties":{"wind_kt":48.9,"wind_from_deg":300.0,"temperature_c":-14.3,"relative_humidity":100.0,"turbulence_score":0.131,"icing_score":0.646,"convection_score":0.0}},{"type":"Feature","geometry":{"type":"Point","coordinates":[128.0,-34.0]},"properties":{"wind_kt":39.3,"wind_from_deg":295.0,"temperature_c":-14.4,"relative_humidity":30.0,"turbulence_score":0.046,"icing_score":0.0,"convection_score":0.0}},{"type":"Feature","geometry":{"type":"Point","coordinates":[132.0,-34.0]},"properties":{"wind_kt":25.3,"wind_from_deg":304.0,"temperature_c":-14.0,"relative_humidity":34.0,"turbulence_score":0.0,"icing_score":0.0,"convection_score":0.0}},{"type":"Feature","geometry":{"type":"Point","coordinates":[136.0,-34.0]},"properties":{"wind_kt":23.8,"wind_from_deg":333.0,"temperature_c":-13.9,"relative_humidity":3.0,"turbulence_score":0.016,"icing_score":0.0,"convection_score":0.0}},{"type":"Feature","geometry":{"type":"Point","coordinates":[140.0,-34.0]},"properties":{"wind_kt":13.1,"wind_from_deg":335.0,"temperature_c":-13.2,"relative_humidity":13.0,"turbulence_score":0.0,"icing_score":0.0,"convection_score":0.0}},{"type":"Feature","geometry":{"type":"Point","coordinates":[144.0,-34.0]},"properties":{"wind_kt":2.8,"wind_from_deg":215.0,"temperature_c":-12.8,"relative_humidity":8.0,"turbulence_score":0.0,"icing_score":0.0,"convection_score":0.0}},{"type":"Feature","geometry":{"type":"Point","coordinates":[148.0,-34.0]},"properties":{"wind_kt":12.7,"wind_from_deg":163.0,"temperature_c":-13.2,"relative_humidity":11.0,"turbulence_score":0.0,"icing_score":0.0,"convection_score":0.0}},{"type":"Feature","geometry":{"type":"Point","coordinates":[152.0,-34.0]},"properties":{"wind_kt":31.5,"wind_from_deg":204.0,"temperature_c":-15.1,"relative_humidity":12.0,"turbulence_score":0.0,"icing_score":0.0,"convection_score":0.135}},{"type":"Feature","geometry":{"type":"Point","coordinates":[156.0,-34.0]},"properties":{"wind_kt":84.2,"wind_from_deg":212.0,"temperature_c":-15.9,"relative_humidity":2.0,"turbulence_score":0.537,"icing_score":0.0,"convection_score":0.046}},{"type":"Feature","geometry":{"type":"Point","coordinates":[160.0,-34.0]},"properties":{"wind_kt":12.7,"wind_from_deg":288.0,"temperature_c":-27.1,"relative_humidity":100.0,"turbulence_score":0.0,"icing_score":0.0,"convection_score":0.103}},{"type":"Feature","geometry":{"type":"Point","coordinates":[164.0,-34.0]},"properties":{"wind_kt":70.5,"wind_from_deg":320.0,"temperature_c":-16.8,"relative_humidity":2.0,"turbulence_score":0.256,"icing_score":0.0,"convection_score":0.034}},{"type":"Feature","geometry":{"type":"Point","coordinates":[168.0,-34.0]},"properties":{"wind_kt":31.4,"wind_from_deg":319.0,"temperature_c":-15.3,"relative_humidity":4.0,"turbulence_score":0.033,"icing_score":0.0,"convection_score":0.035}},{"type":"Feature","geometry":{"type":"Point","coordinates":[172.0,-34.0]},"properties":{"wind_kt":27.4,"wind_from_deg":286.0,"temperature_c":-15.6,"relative_humidity":22.0,"turbulence_score":0.058,"icing_score":0.0,"convection_score":0.0}},{"type":"Feature","geometry":{"type":"Point","coordinates":[176.0,-34.0]},"properties":{"wind_kt":24.2,"wind_from_deg":281.0,"temperature_c":-15.5,"relative_humidity":22.0,"turbulence_score":0.003,"icing_score":0.0,"convection_score":0.0}},{"type":"Feature","geometry":{"type":"Point","coordinates":[180.0,-34.0]},"properties":{"wind_kt":28.6,"wind_from_deg":264.0,"temperature_c":-15.0,"relative_humidity":50.0,"turbulence_score":0.019,"icing_score":0.0,"convection_score":0.0}},{"type":"Feature","geometry":{"type":"Point","coordinates":[184.0,-34.0]},"properties":{"wind_kt":27.9,"wind_from_deg":287.0,"temperature_c":-14.4,"relative_humidity":6.0,"turbulence_score":0.023,"icing_score":0.0,"convection_score":0.0}},{"type":"Feature","geometry":{"type":"Point","coordinates":[188.0,-34.0]},"properties":{"wind_kt":16.0,"wind_from_deg":296.0,"temperature_c":-14.4,"relative_humidity":4.0,"turbulence_score":0.0,"icing_score":0.0,"convection_score":0.014}},{"type":"Feature","geometry":{"type":"Point","coordinates":[192.0,-34.0]},"properties":{"wind_kt":13.3,"wind_from_deg":260.0,"temperature_c":-15.7,"relative_humidity":25.0,"turbulence_score":0.0,"icing_score":0.0,"convection_score":0.31}},{"type":"Feature","geometry":{"type":"Point","coordinates":[196.0,-34.0]},"properties":{"wind_kt":10.5,"wind_from_deg":214.0,"temperature_c":-17.4,"relative_humidity":4.0,"turbulence_score":0.0,"icing_score":0.0,"convection_score":0.001}},{"type":"Feature","geometry":{"type":"Point","coordinates":[200.0,-34.0]},"properties":{"wind_kt":12.2,"wind_from_deg":222.0,"temperature_c":-17.4,"relative_humidity":5.0,"turbulence_score":0.0,"icing_score":0.0,"convection_score":0.0}},{"type":"Feature","geometry":{"type":"Point","coordinates":[204.0,-34.0]},"properties":{"wind_kt":19.2,"wind_from_deg":211.0,"temperature_c":-17.9,"relative_humidity":8.0,"turbulence_score":0.0,"icing_score":0.0,"convection_score":0.002}},{"type":"Feature","geometry":{"type":"Point","coordinates":[208.0,-34.0]},"properties":{"wind_kt":31.4,"wind_from_deg":212.0,"temperature_c":-19.3,"relative_humidity":71.0,"turbulence_score":0.056,"icing_score":0.067,"convection_score":0.31}},{"type":"Feature","geometry":{"type":"Point","coordinates":[212.0,-34.0]},"properties":{"wind_kt":32.7,"wind_from_deg":205.0,"temperature_c":-19.5,"relative_humidity":17.0,"turbulence_score":0.038,"icing_score":0.0,"convection_score":0.257}},{"type":"Feature","geometry":{"type":"Point","coordinates":[216.0,-34.0]},"properties":{"wind_kt":22.8,"wind_from_deg":219.0,"temperature_c":-20.5,"relative_humidity":70.0,"turbulence_score":0.0,"icing_score":0.048,"convection_score":0.084}},{"type":"Feature","geometry":{"type":"Point","coordinates":[220.0,-34.0]},"properties":{"wind_kt":24.3,"wind_from_deg":226.0,"temperature_c":-21.5,"relative_humidity":71.0,"turbulence_score":0.0,"icing_score":0.043,"convection_score":0.066}},{"type":"Feature","geometry":{"type":"Point","coordinates":[224.0,-34.0]},"properties":{"wind_kt":26.7,"wind_from_deg":195.0,"temperature_c":-21.6,"relative_humidity":18.0,"turbulence_score":0.0,"icing_score":0.0,"convection_score":0.015}},{"type":"Feature","geometry":{"type":"Point","coordinates":[228.0,-34.0]},"properties":{"wind_kt":26.3,"wind_from_deg":232.0,"temperature_c":-22.4,"relative_humidity":16.0,"turbulence_score":0.0,"icing_score":0.0,"convection_score":0.028}},{"type":"Feature","geometry":{"type":"Point","coordinates":[232.0,-34.0]},"properties":{"wind_kt":25.7,"wind_from_deg":221.0,"temperature_c":-23.9,"relative_humidity":5.0,"turbulence_score":0.001,"icing_score":0.0,"convection_score":0.033}},{"type":"Feature","geometry":{"type":"Point","coordinates":[236.0,-34.0]},"properties":{"wind_kt":33.0,"wind_from_deg":292.0,"temperature_c":-24.6,"relative_humidity":23.0,"turbulence_score":0.119,"icing_score":0.0,"convection_score":0.045}},{"type":"Feature","geometry":{"type":"Point","coordinates":[240.0,-34.0]},"properties":{"wind_kt":42.9,"wind_from_deg":310.0,"temperature_c":-22.3,"relative_humidity":58.0,"turbulence_score":0.123,"icing_score":0.0,"convection_score":0.019}},{"type":"Feature","geometry":{"type":"Point","coordinates":[244.0,-34.0]},"properties":{"wind_kt":56.0,"wind_from_deg":315.0,"temperature_c":-18.3,"relative_humidity":98.0,"turbulence_score":0.19,"icing_score":0.399,"convection_score":0.015}},{"type":"Feature","geometry":{"type":"Point","coordinates":[248.0,-34.0]},"properties":{"wind_kt":55.1,"wind_from_deg":304.0,"temperature_c":-15.4,"relative_humidity":90.0,"turbulence_score":0.197,"icing_score":0.411,"convection_score":0.019}},{"type":"Feature","geometry":{"type":"Point","coordinates":[252.0,-34.0]},"properties":{"wind_kt":10.0,"wind_from_deg":290.0,"temperature_c":-17.1,"relative_humidity":93.0,"turbulence_score":0.008,"icing_score":0.395,"convection_score":0.02}},{"type":"Feature","geometry":{"type":"Point","coordinates":[256.0,-34.0]},"properties":{"wind_kt":18.2,"wind_from_deg":296.0,"temperature_c":-15.0,"relative_humidity":29.0,"turbulence_score":0.0,"icing_score":0.0,"convection_score":0.016}},{"type":"Feature","geometry":{"type":"Point","coordinates":[260.0,-34.0]},"properties":{"wind_kt":18.5,"wind_from_deg":295.0,"temperature_c":-15.9,"relative_humidity":21.0,"turbulence_score":0.0,"icing_score":0.0,"convection_score":0.143}},{"type":"Feature","geometry":{"type":"Point","coordinates":[264.0,-34.0]},"properties":{"wind_kt":14.1,"wind_from_deg":281.0,"temperature_c":-16.8,"relative_humidity":20.0,"turbulence_score":0.0,"icing_score":0.0,"convection_score":0.042}},{"type":"Feature","geometry":{"type":"Point","coordinates":[268.0,-34.0]},"properties":{"wind_kt":27.5,"wind_from_deg":225.0,"temperature_c":-17.7,"relative_humidity":8.0,"turbulence_score":0.068,"icing_score":0.0,"convection_score":0.005}},{"type":"Feature","geometry":{"type":"Point","coordinates":[272.0,-34.0]},"properties":{"wind_kt":33.4,"wind_from_deg":219.0,"temperature_c":-18.7,"relative_humidity":5.0,"turbulence_score":0.075,"icing_score":0.0,"convection_score":0.005}},{"type":"Feature","geometry":{"type":"Point","coordinates":[276.0,-34.0]},"properties":{"wind_kt":21.7,"wind_from_deg":235.0,"temperature_c":-22.0,"relative_humidity":32.0,"turbulence_score":0.0,"icing_score":0.0,"convection_score":0.02}},{"type":"Feature","geometry":{"type":"Point","coordinates":[280.0,-34.0]},"properties":{"wind_kt":30.0,"wind_from_deg":248.0,"temperature_c":-20.3,"relative_humidity":11.0,"turbulence_score":0.051,"icing_score":0.0,"convection_score":0.017}},{"type":"Feature","geometry":{"type":"Point","coordinates":[284.0,-34.0]},"properties":{"wind_kt":15.2,"wind_from_deg":305.0,"temperature_c":-21.0,"relative_humidity":21.0,"turbulence_score":0.0,"icing_score":0.0,"convection_score":0.018}},{"type":"Feature","geometry":{"type":"Point","coordinates":[288.0,-34.0]},"properties":{"wind_kt":35.0,"wind_from_deg":313.0,"temperature_c":-20.1,"relative_humidity":2.0,"turbulence_score":0.076,"icing_score":0.0,"convection_score":0.178}},{"type":"Feature","geometry":{"type":"Point","coordinates":[292.0,-34.0]},"properties":{"wind_kt":28.7,"wind_from_deg":318.0,"temperature_c":-14.6,"relative_humidity":29.0,"turbulence_score":0.088,"icing_score":0.0,"convection_score":0.002}},{"type":"Feature","geometry":{"type":"Point","coordinates":[296.0,-34.0]},"properties":{"wind_kt":39.9,"wind_from_deg":324.0,"temperature_c":-16.3,"relative_humidity":86.0,"turbulence_score":0.113,"icing_score":0.331,"convection_score":0.293}},{"type":"Feature","geometry":{"type":"Point","coordinates":[300.0,-34.0]},"properties":{"wind_kt":46.7,"wind_from_deg":316.0,"temperature_c":-14.1,"relative_humidity":70.0,"turbulence_score":0.159,"icing_score":0.1,"convection_score":0.107}},{"type":"Feature","geometry":{"type":"Point","coordinates":[304.0,-34.0]},"properties":{"wind_kt":45.7,"wind_from_deg":322.0,"temperature_c":-13.7,"relative_humidity":63.0,"turbulence_score":0.152,"icing_score":0.0,"convection_score":0.007}},{"type":"Feature","geometry":{"type":"Point","coordinates":[308.0,-34.0]},"properties":{"wind_kt":31.4,"wind_from_deg":280.0,"temperature_c":-13.6,"relative_humidity":66.0,"turbulence_score":0.086,"icing_score":0.01,"convection_score":0.28}},{"type":"Feature","geometry":{"type":"Point","coordinates":[312.0,-34.0]},"properties":{"wind_kt":38.1,"wind_from_deg":262.0,"temperature_c":-14.3,"relative_humidity":59.0,"turbulence_score":0.127,"icing_score":0.0,"convection_score":0.0}},{"type":"Feature","geometry":{"type":"Point","coordinates":[316.0,-34.0]},"properties":{"wind_kt":32.3,"wind_from_deg":271.0,"temperature_c":-13.1,"relative_humidity":65.0,"turbulence_score":0.118,"icing_score":0.0,"convection_score":0.0}},{"type":"Feature","geometry":{"type":"Point","coordinates":[320.0,-34.0]},"properties":{"wind_kt":32.4,"wind_from_deg":275.0,"temperature_c":-13.3,"relative_humidity":61.0,"turbulence_score":0.111,"icing_score":0.0,"convection_score":0.0}},{"type":"Feature","geometry":{"type":"Point","coordinates":[324.0,-34.0]},"properties":{"wind_kt":36.1,"wind_from_deg":273.0,"temperature_c":-12.8,"relative_humidity":39.0,"turbulence_score":0.148,"icing_score":0.0,"convection_score":0.0}},{"type":"Feature","geometry":{"type":"Point","coordinates":[328.0,-34.0]},"properties":{"wind_kt":42.0,"wind_from_deg":269.0,"temperature_c":-13.2,"relative_humidity":29.0,"turbulence_score":0.136,"icing_score":0.0,"convection_score":0.0}},{"type":"Feature","geometry":{"type":"Point","coordinates":[332.0,-34.0]},"properties":{"wind_kt":49.2,"wind_from_deg":271.0,"temperature_c":-13.1,"relative_humidity":21.0,"turbulence_score":0.165,"icing_score":0.0,"convection_score":0.0}},{"type":"Feature","geometry":{"type":"Point","coordinates":[336.0,-34.0]},"properties":{"wind_kt":54.4,"wind_from_deg":274.0,"temperature_c":-12.5,"relative_humidity":11.0,"turbulence_score":0.169,"icing_score":0.0,"convection_score":0.002}},{"type":"Feature","geometry":{"type":"Point","coordinates":[340.0,-34.0]},"properties":{"wind_kt":63.6,"wind_from_deg":269.0,"temperature_c":-11.3,"relative_humidity":5.0,"turbulence_score":0.239,"icing_score":0.0,"convection_score":0.003}},{"type":"Feature","geometry":{"type":"Point","coordinates":[344.0,-34.0]},"properties":{"wind_kt":68.6,"wind_from_deg":263.0,"temperature_c":-10.6,"relative_humidity":2.0,"turbulence_score":0.312,"icing_score":0.0,"convection_score":0.005}},{"type":"Feature","geometry":{"type":"Point","coordinates":[348.0,-34.0]},"properties":{"wind_kt":74.2,"wind_from_deg":266.0,"temperature_c":-9.8,"relative_humidity":2.0,"turbulence_score":0.332,"icing_score":0.0,"convection_score":0.008}},{"type":"Feature","geometry":{"type":"Point","coordinates":[352.0,-34.0]},"properties":{"wind_kt":77.3,"wind_from_deg":273.0,"temperature_c":-10.6,"relative_humidity":37.0,"turbulence_score":0.313,"icing_score":0.0,"convection_score":0.028}},{"type":"Feature","geometry":{"type":"Point","coordinates":[356.0,-34.0]},"properties":{"wind_kt":74.8,"wind_from_deg":277.0,"temperature_c":-10.3,"relative_humidity":96.0,"turbulence_score":0.241,"icing_score":0.772,"convection_score":0.051}},{"type":"Feature","geometry":{"type":"Point","coordinates":[0.0,-38.0]},"properties":{"wind_kt":85.1,"wind_from_deg":280.0,"temperature_c":-15.7,"relative_humidity":96.0,"turbulence_score":0.436,"icing_score":0.513,"convection_score":0.019}},{"type":"Feature","geometry":{"type":"Point","coordinates":[4.0,-38.0]},"properties":{"wind_kt":88.5,"wind_from_deg":294.0,"temperature_c":-13.9,"relative_humidity":98.0,"turbulence_score":0.425,"icing_score":0.631,"convection_score":0.031}},{"type":"Feature","geometry":{"type":"Point","coordinates":[8.0,-38.0]},"properties":{"wind_kt":82.7,"wind_from_deg":297.0,"temperature_c":-12.8,"relative_humidity":96.0,"turbulence_score":0.447,"icing_score":0.648,"convection_score":0.303}},{"type":"Feature","geometry":{"type":"Point","coordinates":[12.0,-38.0]},"properties":{"wind_kt":65.8,"wind_from_deg":292.0,"temperature_c":-13.1,"relative_humidity":99.0,"turbulence_score":0.278,"icing_score":0.693,"convection_score":0.041}},{"type":"Feature","geometry":{"type":"Point","coordinates":[16.0,-38.0]},"properties":{"wind_kt":53.5,"wind_from_deg":288.0,"temperature_c":-13.1,"relative_humidity":85.0,"turbulence_score":0.19,"icing_score":0.409,"convection_score":0.015}},{"type":"Feature","geometry":{"type":"Point","coordinates":[20.0,-38.0]},"properties":{"wind_kt":47.5,"wind_from_deg":281.0,"temperature_c":-13.3,"relative_humidity":59.0,"turbulence_score":0.177,"icing_score":0.0,"convection_score":0.312}},{"type":"Feature","geometry":{"type":"Point","coordinates":[24.0,-38.0]},"properties":{"wind_kt":43.9,"wind_from_deg":284.0,"temperature_c":-12.7,"relative_humidity":29.0,"turbulence_score":0.108,"icing_score":0.0,"convection_score":0.007}},{"type":"Feature","geometry":{"type":"Point","coordinates":[28.0,-38.0]},"properties":{"wind_kt":49.9,"wind_from_deg":266.0,"temperature_c":-13.3,"relative_humidity":15.0,"turbulence_score":0.176,"icing_score":0.0,"convection_score":0.0}},{"type":"Feature","geometry":{"type":"Point","coordinates":[32.0,-38.0]},"properties":{"wind_kt":33.3,"wind_from_deg":246.0,"temperature_c":-16.2,"relative_humidity":39.0,"turbulence_score":0.092,"icing_score":0.0,"convection_score":0.0}},{"type":"Feature","geometry":{"type":"Point","coordinates":[36.0,-38.0]},"properties":{"wind_kt":32.3,"wind_from_deg":230.0,"temperature_c":-16.0,"relative_humidity":7.0,"turbulence_score":0.078,"icing_score":0.0,"convection_score":0.002}},{"type":"Feature","geometry":{"type":"Point","coordinates":[40.0,-38.0]},"properties":{"wind_kt":28.8,"wind_from_deg":320.0,"temperature_c":-14.5,"relative_humidity":100.0,"turbulence_score":0.043,"icing_score":0.631,"convection_score":0.3}},{"type":"Feature","geometry":{"type":"Point","coordinates":[44.0,-38.0]},"properties":{"wind_kt":15.8,"wind_from_deg":333.0,"temperature_c":-14.0,"relative_humidity":65.0,"turbulence_score":0.0,"icing_score":0.0,"convection_score":0.015}},{"type":"Feature","geometry":{"type":"Point","coordinates":[48.0,-38.0]},"properties":{"wind_kt":14.4,"wind_from_deg":212.0,"temperature_c":-13.3,"relative_humidity":4.0,"turbulence_score":0.0,"icing_score":0.0,"convection_score":0.032}},{"type":"Feature","geometry":{"type":"Point","coordinates":[52.0,-38.0]},"properties":{"wind_kt":22.1,"wind_from_deg":57.0,"temperature_c":-15.2,"relative_humidity":1.0,"turbulence_score":0.051,"icing_score":0.0,"convection_score":0.024}},{"type":"Feature","geometry":{"type":"Point","coordinates":[56.0,-38.0]},"properties":{"wind_kt":69.4,"wind_from_deg":60.0,"temperature_c":-17.5,"relative_humidity":2.0,"turbulence_score":0.343,"icing_score":0.0,"convection_score":0.018}},{"type":"Feature","geometry":{"type":"Point","coordinates":[60.0,-38.0]},"properties":{"wind_kt":55.2,"wind_from_deg":59.0,"temperature_c":-17.2,"relative_humidity":10.0,"turbulence_score":0.19,"icing_score":0.0,"convection_score":0.029}},{"type":"Feature","geometry":{"type":"Point","coordinates":[64.0,-38.0]},"properties":{"wind_kt":37.9,"wind_from_deg":71.0,"temperature_c":-17.2,"relative_humidity":4.0,"turbulence_score":0.082,"icing_score":0.0,"convection_score":0.024}},{"type":"Feature","geometry":{"type":"Point","coordinates":[68.0,-38.0]},"properties":{"wind_kt":18.7,"wind_from_deg":71.0,"temperature_c":-16.5,"relative_humidity":8.0,"turbulence_score":0.0,"icing_score":0.0,"convection_score":0.002}},{"type":"Feature","geometry":{"type":"Point","coordinates":[72.0,-38.0]},"properties":{"wind_kt":7.2,"wind_from_deg":118.0,"temperature_c":-15.6,"relative_humidity":13.0,"turbulence_score":0.0,"icing_score":0.0,"convection_score":0.001}},{"type":"Feature","geometry":{"type":"Point","coordinates":[76.0,-38.0]},"properties":{"wind_kt":11.9,"wind_from_deg":130.0,"temperature_c":-15.3,"relative_humidity":24.0,"turbulence_score":0.0,"icing_score":0.0,"convection_score":0.001}},{"type":"Feature","geometry":{"type":"Point","coordinates":[80.0,-38.0]},"properties":{"wind_kt":13.2,"wind_from_deg":187.0,"temperature_c":-14.0,"relative_humidity":9.0,"turbulence_score":0.0,"icing_score":0.0,"convection_score":0.002}},{"type":"Feature","geometry":{"type":"Point","coordinates":[84.0,-38.0]},"properties":{"wind_kt":19.0,"wind_from_deg":202.0,"temperature_c":-11.8,"relative_humidity":12.0,"turbulence_score":0.009,"icing_score":0.0,"convection_score":0.002}},{"type":"Feature","geometry":{"type":"Point","coordinates":[88.0,-38.0]},"properties":{"wind_kt":27.1,"wind_from_deg":180.0,"temperature_c":-11.5,"relative_humidity":22.0,"turbulence_score":0.038,"icing_score":0.0,"convection_score":0.005}},{"type":"Feature","geometry":{"type":"Point","coordinates":[92.0,-38.0]},"properties":{"wind_kt":44.5,"wind_from_deg":198.0,"temperature_c":-12.5,"relative_humidity":44.0,"turbulence_score":0.037,"icing_score":0.0,"convection_score":0.01}},{"type":"Feature","geometry":{"type":"Point","coordinates":[96.0,-38.0]},"properties":{"wind_kt":60.6,"wind_from_deg":205.0,"temperature_c":-12.7,"relative_humidity":33.0,"turbulence_score":0.161,"icing_score":0.0,"convection_score":0.07}},{"type":"Feature","geometry":{"type":"Point","coordinates":[100.0,-38.0]},"properties":{"wind_kt":55.8,"wind_from_deg":219.0,"temperature_c":-15.5,"relative_humidity":44.0,"turbulence_score":0.11,"icing_score":0.0,"convection_score":0.297}},{"type":"Feature","geometry":{"type":"Point","coordinates":[104.0,-38.0]},"properties":{"wind_kt":66.5,"wind_from_deg":238.0,"temperature_c":-18.9,"relative_humidity":89.0,"turbulence_score":0.151,"icing_score":0.267,"convection_score":0.149}},{"type":"Feature","geometry":{"type":"Point","coordinates":[108.0,-38.0]},"properties":{"wind_kt":59.1,"wind_from_deg":262.0,"temperature_c":-20.6,"relative_humidity":100.0,"turbulence_score":0.155,"icing_score":0.302,"convection_score":0.328}},{"type":"Feature","geometry":{"type":"Point","coordinates":[112.0,-38.0]},"properties":{"wind_kt":62.7,"wind_from_deg":262.0,"temperature_c":-21.4,"relative_humidity":60.0,"turbulence_score":0.207,"icing_score":0.0,"convection_score":0.058}},{"type":"Feature","geometry":{"type":"Point","coordinates":[116.0,-38.0]},"properties":{"wind_kt":50.2,"wind_from_deg":290.0,"temperature_c":-21.0,"relative_humidity":8.0,"turbulence_score":0.111,"icing_score":0.0,"convection_score":0.026}},{"type":"Feature","geometry":{"type":"Point","coordinates":[120.0,-38.0]},"properties":{"wind_kt":54.2,"wind_from_deg":300.0,"temperature_c":-19.2,"relative_humidity":100.0,"turbulence_score":0.134,"icing_score":0.38,"convection_score":0.11}},{"type":"Feature","geometry":{"type":"Point","coordinates":[124.0,-38.0]},"properties":{"wind_kt":57.7,"wind_from_deg":318.0,"temperature_c":-16.5,"relative_humidity":98.0,"turbulence_score":0.168,"icing_score":0.494,"convection_score":0.0}},{"type":"Feature","geometry":{"type":"Point","coordinates":[128.0,-38.0]},"properties":{"wind_kt":47.2,"wind_from_deg":308.0,"temperature_c":-16.6,"relative_humidity":100.0,"turbulence_score":0.127,"icing_score":0.522,"convection_score":0.0}},{"type":"Feature","geometry":{"type":"Point","coordinates":[132.0,-38.0]},"properties":{"wind_kt":45.8,"wind_from_deg":320.0,"temperature_c":-15.2,"relative_humidity":74.0,"turbulence_score":0.135,"icing_score":0.149,"convection_score":0.0}},{"type":"Feature","geometry":{"type":"Point","coordinates":[136.0,-38.0]},"properties":{"wind_kt":33.6,"wind_from_deg":320.0,"temperature_c":-14.2,"relative_humidity":5.0,"turbulence_score":0.039,"icing_score":0.0,"convection_score":0.0}},{"type":"Feature","geometry":{"type":"Point","coordinates":[140.0,-38.0]},"properties":{"wind_kt":19.7,"wind_from_deg":320.0,"temperature_c":-14.0,"relative_humidity":20.0,"turbulence_score":0.0,"icing_score":0.0,"convection_score":0.0}},{"type":"Feature","geometry":{"type":"Point","coordinates":[144.0,-38.0]},"properties":{"wind_kt":10.8,"wind_from_deg":343.0,"temperature_c":-13.5,"relative_humidity":18.0,"turbulence_score":0.0,"icing_score":0.0,"convection_score":0.0}},{"type":"Feature","geometry":{"type":"Point","coordinates":[148.0,-38.0]},"properties":{"wind_kt":19.9,"wind_from_deg":167.0,"temperature_c":-14.0,"relative_humidity":18.0,"turbulence_score":0.003,"icing_score":0.0,"convection_score":0.0}},{"type":"Feature","geometry":{"type":"Point","coordinates":[152.0,-38.0]},"properties":{"wind_kt":54.5,"wind_from_deg":172.0,"temperature_c":-15.0,"relative_humidity":13.0,"turbulence_score":0.173,"icing_score":0.0,"convection_score":0.268}},{"type":"Feature","geometry":{"type":"Point","coordinates":[156.0,-38.0]},"properties":{"wind_kt":29.8,"wind_from_deg":141.0,"temperature_c":-22.5,"relative_humidity":65.0,"turbulence_score":0.014,"icing_score":0.0,"convection_score":0.317}},{"type":"Feature","geometry":{"type":"Point","coordinates":[160.0,-38.0]},"properties":{"wind_kt":30.1,"wind_from_deg":183.0,"temperature_c":-21.4,"relative_humidity":85.0,"turbulence_score":0.004,"icing_score":0.144,"convection_score":0.068}},{"type":"Feature","geometry":{"type":"Point","coordinates":[164.0,-38.0]},"properties":{"wind_kt":64.7,"wind_from_deg":25.0,"temperature_c":-20.0,"relative_humidity":2.0,"turbulence_score":0.283,"icing_score":0.0,"convection_score":0.054}},{"type":"Feature","geometry":{"type":"Point","coordinates":[168.0,-38.0]},"properties":{"wind_kt":22.6,"wind_from_deg":354.0,"temperature_c":-17.4,"relative_humidity":61.0,"turbulence_score":0.0,"icing_score":0.0,"convection_score":0.302}},{"type":"Feature","geometry":{"type":"Point","coordinates":[172.0,-38.0]},"properties":{"wind_kt":17.0,"wind_from_deg":337.0,"temperature_c":-16.8,"relative_humidity":85.0,"turbulence_score":0.0,"icing_score":0.285,"convection_score":0.001}},{"type":"Feature","geometry":{"type":"Point","coordinates":[176.0,-38.0]},"properties":{"wind_kt":6.2,"wind_from_deg":222.0,"temperature_c":-16.1,"relative_humidity":36.0,"turbulence_score":0.0,"icing_score":0.0,"convection_score":0.0}},{"type":"Feature","geometry":{"type":"Point","coordinates":[180.0,-38.0]},"properties":{"wind_kt":25.1,"wind_from_deg":189.0,"temperature_c":-19.3,"relative_humidity":60.0,"turbulence_score":0.026,"icing_score":0.0,"convection_score":0.02}},{"type":"Feature","geometry":{"type":"Point","coordinates":[184.0,-38.0]},"properties":{"wind_kt":36.4,"wind_from_deg":339.0,"temperature_c":-19.4,"relative_humidity":58.0,"turbulence_score":0.063,"icing_score":0.0,"convection_score":0.0}},{"type":"Feature","geometry":{"type":"Point","coordinates":[188.0,-38.0]},"properties":{"wind_kt":21.0,"wind_from_deg":347.0,"temperature_c":-16.4,"relative_humidity":90.0,"turbulence_score":0.0,"icing_score":0.386,"convection_score":0.036}},{"type":"Feature","geometry":{"type":"Point","coordinates":[192.0,-38.0]},"properties":{"wind_kt":1.6,"wind_from_deg":280.0,"temperature_c":-16.8,"relative_humidity":3.0,"turbulence_score":0.0,"icing_score":0.0,"convection_score":0.305}},{"type":"Feature","geometry":{"type":"Point","coordinates":[196.0,-38.0]},"properties":{"wind_kt":8.9,"wind_from_deg":208.0,"temperature_c":-17.3,"relative_humidity":19.0,"turbulence_score":0.0,"icing_score":0.0,"convection_score":0.305}},{"type":"Feature","geometry":{"type":"Point","coordinates":[200.0,-38.0]},"properties":{"wind_kt":27.8,"wind_from_deg":215.0,"temperature_c":-18.0,"relative_humidity":22.0,"turbulence_score":0.007,"icing_score":0.0,"convection_score":0.279}},{"type":"Feature","geometry":{"type":"Point","coordinates":[204.0,-38.0]},"properties":{"wind_kt":33.2,"wind_from_deg":232.0,"temperature_c":-19.8,"relative_humidity":27.0,"turbulence_score":0.05,"icing_score":0.0,"convection_score":0.005}},{"type":"Feature","geometry":{"type":"Point","coordinates":[208.0,-38.0]},"properties":{"wind_kt":26.2,"wind_from_deg":225.0,"temperature_c":-20.8,"relative_humidity":32.0,"turbulence_score":0.0,"icing_score":0.0,"convection_score":0.309}},{"type":"Feature","geometry":{"type":"Point","coordinates":[212.0,-38.0]},"properties":{"wind_kt":28.9,"wind_from_deg":209.0,"temperature_c":-21.0,"relative_humidity":48.0,"turbulence_score":0.02,"icing_score":0.0,"convection_score":0.116}},{"type":"Feature","geometry":{"type":"Point","coordinates":[216.0,-38.0]},"properties":{"wind_kt":20.7,"wind_from_deg":216.0,"temperature_c":-21.1,"relative_humidity":63.0,"turbulence_score":0.0,"icing_score":0.0,"convection_score":0.037}},{"type":"Feature","geometry":{"type":"Point","coordinates":[220.0,-38.0]},"properties":{"wind_kt":24.8,"wind_from_deg":204.0,"temperature_c":-21.8,"relative_humidity":64.0,"turbulence_score":0.0,"icing_score":0.0,"convection_score":0.128}},{"type":"Feature","geometry":{"type":"Point","coordinates":[224.0,-38.0]},"properties":{"wind_kt":34.7,"wind_from_deg":219.0,"temperature_c":-22.3,"relative_humidity":76.0,"turbulence_score":0.039,"icing_score":0.063,"convection_score":0.04}},{"type":"Feature","geometry":{"type":"Point","coordinates":[228.0,-38.0]},"properties":{"wind_kt":33.1,"wind_from_deg":226.0,"temperature_c":-23.5,"relative_humidity":100.0,"turbulence_score":0.023,"icing_score":0.14,"convection_score":0.038}},{"type":"Feature","geometry":{"type":"Point","coordinates":[232.0,-38.0]},"properties":{"wind_kt":21.5,"wind_from_deg":254.0,"temperature_c":-24.2,"relative_humidity":23.0,"turbulence_score":0.0,"icing_score":0.0,"convection_score":0.04}},{"type":"Feature","geometry":{"type":"Point","coordinates":[236.0,-38.0]},"properties":{"wind_kt":17.4,"wind_from_deg":265.0,"temperature_c":-26.4,"relative_humidity":10.0,"turbulence_score":0.0,"icing_score":0.0,"convection_score":0.018}},{"type":"Feature","geometry":{"type":"Point","coordinates":[240.0,-38.0]},"properties":{"wind_kt":42.3,"wind_from_deg":316.0,"temperature_c":-24.2,"relative_humidity":10.0,"turbulence_score":0.18,"icing_score":0.0,"convection_score":0.043}},{"type":"Feature","geometry":{"type":"Point","coordinates":[244.0,-38.0]},"properties":{"wind_kt":39.6,"wind_from_deg":323.0,"temperature_c":-21.8,"relative_humidity":98.0,"turbulence_score":0.089,"icing_score":0.221,"convection_score":0.133}},{"type":"Feature","geometry":{"type":"Point","coordinates":[248.0,-38.0]},"properties":{"wind_kt":35.9,"wind_from_deg":312.0,"temperature_c":-20.0,"relative_humidity":84.0,"turbulence_score":0.072,"icing_score":0.181,"convection_score":0.026}},{"type":"Feature","geometry":{"type":"Point","coordinates":[252.0,-38.0]},"properties":{"wind_kt":26.5,"wind_from_deg":316.0,"temperature_c":-18.2,"relative_humidity":27.0,"turbulence_score":0.0,"icing_score":0.0,"convection_score":0.011}},{"type":"Feature","geometry":{"type":"Point","coordinates":[256.0,-38.0]},"properties":{"wind_kt":24.6,"wind_from_deg":320.0,"temperature_c":-18.4,"relative_humidity":12.0,"turbulence_score":0.0,"icing_score":0.0,"convection_score":0.014}},{"type":"Feature","geometry":{"type":"Point","coordinates":[260.0,-38.0]},"properties":{"wind_kt":13.1,"wind_from_deg":324.0,"temperature_c":-19.3,"relative_humidity":12.0,"turbulence_score":0.0,"icing_score":0.0,"convection_score":0.003}},{"type":"Feature","geometry":{"type":"Point","coordinates":[264.0,-38.0]},"properties":{"wind_kt":14.4,"wind_from_deg":261.0,"temperature_c":-19.9,"relative_humidity":13.0,"turbulence_score":0.0,"icing_score":0.0,"convection_score":0.0}},{"type":"Feature","geometry":{"type":"Point","coordinates":[268.0,-38.0]},"properties":{"wind_kt":21.9,"wind_from_deg":208.0,"temperature_c":-19.6,"relative_humidity":15.0,"turbulence_score":0.045,"icing_score":0.0,"convection_score":0.002}},{"type":"Feature","geometry":{"type":"Point","coordinates":[272.0,-38.0]},"properties":{"wind_kt":31.7,"wind_from_deg":172.0,"temperature_c":-22.1,"relative_humidity":11.0,"turbulence_score":0.066,"icing_score":0.0,"convection_score":0.002}},{"type":"Feature","geometry":{"type":"Point","coordinates":[276.0,-38.0]},"properties":{"wind_kt":16.6,"wind_from_deg":181.0,"temperature_c":-23.7,"relative_humidity":70.0,"turbulence_score":0.0,"icing_score":0.018,"convection_score":0.005}},{"type":"Feature","geometry":{"type":"Point","coordinates":[280.0,-38.0]},"properties":{"wind_kt":22.3,"wind_from_deg":195.0,"temperature_c":-21.9,"relative_humidity":65.0,"turbulence_score":0.0,"icing_score":0.001,"convection_score":0.014}},{"type":"Feature","geometry":{"type":"Point","coordinates":[284.0,-38.0]},"properties":{"wind_kt":15.6,"wind_from_deg":29.0,"temperature_c":-24.2,"relative_humidity":100.0,"turbulence_score":0.0,"icing_score":0.102,"convection_score":0.053}},{"type":"Feature","geometry":{"type":"Point","coordinates":[288.0,-38.0]},"properties":{"wind_kt":20.4,"wind_from_deg":7.0,"temperature_c":-23.5,"relative_humidity":64.0,"turbulence_score":0.057,"icing_score":0.0,"convection_score":0.195}},{"type":"Feature","geometry":{"type":"Point","coordinates":[292.0,-38.0]},"properties":{"wind_kt":35.9,"wind_from_deg":327.0,"temperature_c":-18.8,"relative_humidity":88.0,"turbulence_score":0.229,"icing_score":0.268,"convection_score":0.302}},{"type":"Feature","geometry":{"type":"Point","coordinates":[296.0,-38.0]},"properties":{"wind_kt":24.0,"wind_from_deg":295.0,"temperature_c":-15.6,"relative_humidity":66.0,"turbulence_score":0.054,"icing_score":0.018,"convection_score":0.26}},{"type":"Feature","geometry":{"type":"Point","coordinates":[300.0,-38.0]},"properties":{"wind_kt":40.4,"wind_from_deg":7.0,"temperature_c":-13.1,"relative_humidity":96.0,"turbulence_score":0.114,"icing_score":0.632,"convection_score":0.299}},{"type":"Feature","geometry":{"type":"Point","coordinates":[304.0,-38.0]},"properties":{"wind_kt":23.3,"wind_from_deg":291.0,"temperature_c":-15.2,"relative_humidity":96.0,"turbulence_score":0.09,"icing_score":0.53,"convection_score":0.0}},{"type":"Feature","geometry":{"type":"Point","coordinates":[308.0,-38.0]},"properties":{"wind_kt":32.0,"wind_from_deg":267.0,"temperature_c":-15.4,"relative_humidity":63.0,"turbulence_score":0.084,"icing_score":0.0,"convection_score":0.009}},{"type":"Feature","geometry":{"type":"Point","coordinates":[312.0,-38.0]},"properties":{"wind_kt":36.8,"wind_from_deg":272.0,"temperature_c":-15.8,"relative_humidity":82.0,"turbulence_score":0.122,"icing_score":0.274,"convection_score":0.001}},{"type":"Feature","geometry":{"type":"Point","coordinates":[316.0,-38.0]},"properties":{"wind_kt":39.1,"wind_from_deg":273.0,"temperature_c":-16.8,"relative_humidity":100.0,"turbulence_score":0.069,"icing_score":0.51,"convection_score":0.0}},{"type":"Feature","geometry":{"type":"Point","coordinates":[320.0,-38.0]},"properties":{"wind_kt":49.6,"wind_from_deg":262.0,"temperature_c":-16.6,"relative_humidity":65.0,"turbulence_score":0.124,"icing_score":0.0,"convection_score":0.0}},{"type":"Feature","geometry":{"type":"Point","coordinates":[324.0,-38.0]},"properties":{"wind_kt":62.6,"wind_from_deg":254.0,"temperature_c":-15.8,"relative_humidity":30.0,"turbulence_score":0.209,"icing_score":0.0,"convection_score":0.0}},{"type":"Feature","geometry":{"type":"Point","coordinates":[328.0,-38.0]},"properties":{"wind_kt":76.6,"wind_from_deg":249.0,"temperature_c":-15.6,"relative_humidity":16.0,"turbulence_score":0.339,"icing_score":0.0,"convection_score":0.006}},{"type":"Feature","geometry":{"type":"Point","coordinates":[332.0,-38.0]},"properties":{"wind_kt":89.2,"wind_from_deg":255.0,"temperature_c":-16.5,"relative_humidity":4.0,"turbulence_score":0.493,"icing_score":0.0,"convection_score":0.063}},{"type":"Feature","geometry":{"type":"Point","coordinates":[336.0,-38.0]},"properties":{"wind_kt":92.0,"wind_from_deg":263.0,"temperature_c":-19.0,"relative_humidity":1.0,"turbulence_score":0.484,"icing_score":0.0,"convection_score":0.01}},{"type":"Feature","geometry":{"type":"Point","coordinates":[340.0,-38.0]},"properties":{"wind_kt":89.7,"wind_from_deg":269.0,"temperature_c":-22.0,"relative_humidity":53.0,"turbulence_score":0.469,"icing_score":0.0,"convection_score":0.029}},{"type":"Feature","geometry":{"type":"Point","coordinates":[344.0,-38.0]},"properties":{"wind_kt":86.0,"wind_from_deg":270.0,"temperature_c":-21.0,"relative_humidity":58.0,"turbulence_score":0.444,"icing_score":0.0,"convection_score":0.199}},{"type":"Feature","geometry":{"type":"Point","coordinates":[348.0,-38.0]},"properties":{"wind_kt":77.6,"wind_from_deg":269.0,"temperature_c":-21.3,"relative_humidity":90.0,"turbulence_score":0.33,"icing_score":0.189,"convection_score":0.016}},{"type":"Feature","geometry":{"type":"Point","coordinates":[352.0,-38.0]},"properties":{"wind_kt":74.9,"wind_from_deg":269.0,"temperature_c":-19.9,"relative_humidity":45.0,"turbulence_score":0.285,"icing_score":0.0,"convection_score":0.047}},{"type":"Feature","geometry":{"type":"Point","coordinates":[356.0,-38.0]},"properties":{"wind_kt":64.2,"wind_from_deg":268.0,"temperature_c":-18.7,"relative_humidity":26.0,"turbulence_score":0.149,"icing_score":0.0,"convection_score":0.012}},{"type":"Feature","geometry":{"type":"Point","coordinates":[0.0,-42.0]},"properties":{"wind_kt":71.4,"wind_from_deg":278.0,"temperature_c":-21.6,"relative_humidity":16.0,"turbulence_score":0.23,"icing_score":0.0,"convection_score":0.006}},{"type":"Feature","geometry":{"type":"Point","coordinates":[4.0,-42.0]},"properties":{"wind_kt":66.8,"wind_from_deg":284.0,"temperature_c":-20.5,"relative_humidity":17.0,"turbulence_score":0.171,"icing_score":0.0,"convection_score":0.002}},{"type":"Feature","geometry":{"type":"Point","coordinates":[8.0,-42.0]},"properties":{"wind_kt":67.7,"wind_from_deg":298.0,"temperature_c":-20.8,"relative_humidity":63.0,"turbulence_score":0.167,"icing_score":0.0,"convection_score":0.254}},{"type":"Feature","geometry":{"type":"Point","coordinates":[12.0,-42.0]},"properties":{"wind_kt":61.0,"wind_from_deg":281.0,"temperature_c":-21.9,"relative_humidity":100.0,"turbulence_score":0.117,"icing_score":0.228,"convection_score":0.307}},{"type":"Feature","geometry":{"type":"Point","coordinates":[16.0,-42.0]},"properties":{"wind_kt":59.4,"wind_from_deg":291.0,"temperature_c":-18.9,"relative_humidity":100.0,"turbulence_score":0.211,"icing_score":0.393,"convection_score":0.021}},{"type":"Feature","geometry":{"type":"Point","coordinates":[20.0,-42.0]},"properties":{"wind_kt":51.8,"wind_from_deg":289.0,"temperature_c":-18.4,"relative_humidity":99.0,"turbulence_score":0.155,"icing_score":0.404,"convection_score":0.237}},{"type":"Feature","geometry":{"type":"Point","coordinates":[24.0,-42.0]},"properties":{"wind_kt":50.0,"wind_from_deg":284.0,"temperature_c":-17.8,"relative_humidity":97.0,"turbulence_score":0.142,"icing_score":0.42,"convection_score":0.023}},{"type":"Feature","geometry":{"type":"Point","coordinates":[28.0,-42.0]},"properties":{"wind_kt":44.2,"wind_from_deg":276.0,"temperature_c":-17.9,"relative_humidity":84.0,"turbulence_score":0.155,"icing_score":0.248,"convection_score":0.007}},{"type":"Feature","geometry":{"type":"Point","coordinates":[32.0,-42.0]},"properties":{"wind_kt":39.5,"wind_from_deg":276.0,"temperature_c":-16.9,"relative_humidity":46.0,"turbulence_score":0.152,"icing_score":0.0,"convection_score":0.002}},{"type":"Feature","geometry":{"type":"Point","coordinates":[36.0,-42.0]},"properties":{"wind_kt":28.2,"wind_from_deg":268.0,"temperature_c":-16.2,"relative_humidity":5.0,"turbulence_score":0.023,"icing_score":0.0,"convection_score":0.0}},{"type":"Feature","geometry":{"type":"Point","coordinates":[40.0,-42.0]},"properties":{"wind_kt":32.7,"wind_from_deg":315.0,"temperature_c":-15.3,"relative_humidity":79.0,"turbulence_score":0.123,"icing_score":0.237,"convection_score":0.0}},{"type":"Feature","geometry":{"type":"Point","coordinates":[44.0,-42.0]},"properties":{"wind_kt":25.5,"wind_from_deg":323.0,"temperature_c":-14.3,"relative_humidity":98.0,"turbulence_score":0.0,"icing_score":0.619,"convection_score":0.3}},{"type":"Feature","geometry":{"type":"Point","coordinates":[48.0,-42.0]},"properties":{"wind_kt":19.9,"wind_from_deg":337.0,"temperature_c":-13.1,"relative_humidity":3.0,"turbulence_score":0.0,"icing_score":0.0,"convection_score":0.0}},{"type":"Feature","geometry":{"type":"Point","coordinates":[52.0,-42.0]},"properties":{"wind_kt":44.2,"wind_from_deg":6.0,"temperature_c":-13.4,"relative_humidity":1.0,"turbulence_score":0.135,"icing_score":0.0,"convection_score":0.255}},{"type":"Feature","geometry":{"type":"Point","coordinates":[56.0,-42.0]},"properties":{"wind_kt":27.3,"wind_from_deg":7.0,"temperature_c":-14.4,"relative_humidity":2.0,"turbulence_score":0.008,"icing_score":0.0,"convection_score":0.185}},{"type":"Feature","geometry":{"type":"Point","coordinates":[60.0,-42.0]},"properties":{"wind_kt":16.0,"wind_from_deg":12.0,"temperature_c":-15.5,"relative_humidity":3.0,"turbulence_score":0.003,"icing_score":0.0,"convection_score":0.002}},{"type":"Feature","geometry":{"type":"Point","coordinates":[64.0,-42.0]},"properties":{"wind_kt":6.3,"wind_from_deg":360.0,"temperature_c":-16.6,"relative_humidity":14.0,"turbulence_score":0.0,"icing_score":0.0,"convection_score":0.001}},{"type":"Feature","geometry":{"type":"Point","coordinates":[68.0,-42.0]},"properties":{"wind_kt":13.6,"wind_from_deg":38.0,"temperature_c":-16.1,"relative_humidity":30.0,"turbulence_score":0.0,"icing_score":0.0,"convection_score":0.001}},{"type":"Feature","geometry":{"type":"Point","coordinates":[72.0,-42.0]},"properties":{"wind_kt":9.6,"wind_from_deg":171.0,"temperature_c":-16.2,"relative_humidity":13.0,"turbulence_score":0.0,"icing_score":0.0,"convection_score":0.002}},{"type":"Feature","geometry":{"type":"Point","coordinates":[76.0,-42.0]},"properties":{"wind_kt":20.0,"wind_from_deg":183.0,"temperature_c":-14.7,"relative_humidity":50.0,"turbulence_score":0.0,"icing_score":0.0,"convection_score":0.0}},{"type":"Feature","geometry":{"type":"Point","coordinates":[80.0,-42.0]},"properties":{"wind_kt":26.8,"wind_from_deg":205.0,"temperature_c":-13.2,"relative_humidity":54.0,"turbulence_score":0.033,"icing_score":0.0,"convection_score":0.0}},{"type":"Feature","geometry":{"type":"Point","coordinates":[84.0,-42.0]},"properties":{"wind_kt":26.2,"wind_from_deg":226.0,"temperature_c":-12.1,"relative_humidity":41.0,"turbulence_score":0.026,"icing_score":0.0,"convection_score":0.001}},{"type":"Feature","geometry":{"type":"Point","coordinates":[88.0,-42.0]},"properties":{"wind_kt":44.3,"wind_from_deg":216.0,"temperature_c":-12.7,"relative_humidity":51.0,"turbulence_score":0.039,"icing_score":0.0,"convection_score":0.001}},{"type":"Feature","geometry":{"type":"Point","coordinates":[92.0,-42.0]},"properties":{"wind_kt":60.7,"wind_from_deg":209.0,"temperature_c":-12.3,"relative_humidity":37.0,"turbulence_score":0.099,"icing_score":0.0,"convection_score":0.314}},{"type":"Feature","geometry":{"type":"Point","coordinates":[96.0,-42.0]},"properties":{"wind_kt":93.3,"wind_from_deg":199.0,"temperature_c":-12.6,"relative_humidity":40.0,"turbulence_score":0.448,"icing_score":0.0,"convection_score":0.075}},{"type":"Feature","geometry":{"type":"Point","coordinates":[100.0,-42.0]},"properties":{"wind_kt":87.5,"wind_from_deg":210.0,"temperature_c":-19.7,"relative_humidity":50.0,"turbulence_score":0.354,"icing_score":0.0,"convection_score":0.053}},{"type":"Feature","geometry":{"type":"Point","coordinates":[104.0,-42.0]},"properties":{"wind_kt":73.3,"wind_from_deg":235.0,"temperature_c":-26.0,"relative_humidity":5.0,"turbulence_score":0.27,"icing_score":0.0,"convection_score":0.061}},{"type":"Feature","geometry":{"type":"Point","coordinates":[108.0,-42.0]},"properties":{"wind_kt":52.0,"wind_from_deg":260.0,"temperature_c":-27.3,"relative_humidity":30.0,"turbulence_score":0.1,"icing_score":0.0,"convection_score":0.16}},{"type":"Feature","geometry":{"type":"Point","coordinates":[112.0,-42.0]},"properties":{"wind_kt":42.2,"wind_from_deg":288.0,"temperature_c":-28.7,"relative_humidity":99.0,"turbulence_score":0.049,"icing_score":0.0,"convection_score":0.321}},{"type":"Feature","geometry":{"type":"Point","coordinates":[116.0,-42.0]},"properties":{"wind_kt":51.1,"wind_from_deg":298.0,"temperature_c":-26.6,"relative_humidity":100.0,"turbulence_score":0.138,"icing_score":0.0,"convection_score":0.029}},{"type":"Feature","geometry":{"type":"Point","coordinates":[120.0,-42.0]},"properties":{"wind_kt":55.0,"wind_from_deg":302.0,"temperature_c":-22.3,"relative_humidity":6.0,"turbulence_score":0.179,"icing_score":0.0,"convection_score":0.005}},{"type":"Feature","geometry":{"type":"Point","coordinates":[124.0,-42.0]},"properties":{"wind_kt":65.4,"wind_from_deg":307.0,"temperature_c":-19.4,"relative_humidity":98.0,"turbulence_score":0.17,"icing_score":0.34,"convection_score":0.28}},{"type":"Feature","geometry":{"type":"Point","coordinates":[128.0,-42.0]},"properties":{"wind_kt":62.3,"wind_from_deg":323.0,"temperature_c":-18.1,"relative_humidity":98.0,"turbulence_score":0.137,"icing_score":0.413,"convection_score":0.017}},{"type":"Feature","geometry":{"type":"Point","coordinates":[132.0,-42.0]},"properties":{"wind_kt":46.6,"wind_from_deg":312.0,"temperature_c":-17.8,"relative_humidity":85.0,"turbulence_score":0.072,"icing_score":0.259,"convection_score":0.0}},{"type":"Feature","geometry":{"type":"Point","coordinates":[136.0,-42.0]},"properties":{"wind_kt":45.0,"wind_from_deg":319.0,"temperature_c":-16.7,"relative_humidity":22.0,"turbulence_score":0.112,"icing_score":0.0,"convection_score":0.001}},{"type":"Feature","geometry":{"type":"Point","coordinates":[140.0,-42.0]},"properties":{"wind_kt":41.2,"wind_from_deg":322.0,"temperature_c":-14.9,"relative_humidity":13.0,"turbulence_score":0.099,"icing_score":0.0,"convection_score":0.006}},{"type":"Feature","geometry":{"type":"Point","coordinates":[144.0,-42.0]},"properties":{"wind_kt":28.3,"wind_from_deg":308.0,"temperature_c":-14.3,"relative_humidity":24.0,"turbulence_score":0.024,"icing_score":0.0,"convection_score":0.0}},{"type":"Feature","geometry":{"type":"Point","coordinates":[148.0,-42.0]},"properties":{"wind_kt":16.9,"wind_from_deg":234.0,"temperature_c":-14.0,"relative_humidity":20.0,"turbulence_score":0.0,"icing_score":0.0,"convection_score":0.0}},{"type":"Feature","geometry":{"type":"Point","coordinates":[152.0,-42.0]},"properties":{"wind_kt":35.1,"wind_from_deg":175.0,"temperature_c":-15.0,"relative_humidity":15.0,"turbulence_score":0.074,"icing_score":0.0,"convection_score":0.001}},{"type":"Feature","geometry":{"type":"Point","coordinates":[156.0,-42.0]},"properties":{"wind_kt":45.6,"wind_from_deg":144.0,"temperature_c":-18.5,"relative_humidity":8.0,"turbulence_score":0.22,"icing_score":0.0,"convection_score":0.003}},{"type":"Feature","geometry":{"type":"Point","coordinates":[160.0,-42.0]},"properties":{"wind_kt":37.2,"wind_from_deg":85.0,"temperature_c":-20.3,"relative_humidity":95.0,"turbulence_score":0.132,"icing_score":0.274,"convection_score":0.007}},{"type":"Feature","geometry":{"type":"Point","coordinates":[164.0,-42.0]},"properties":{"wind_kt":23.8,"wind_from_deg":51.0,"temperature_c":-17.9,"relative_humidity":2.0,"turbulence_score":0.0,"icing_score":0.0,"convection_score":0.302}},{"type":"Feature","geometry":{"type":"Point","coordinates":[168.0,-42.0]},"properties":{"wind_kt":14.7,"wind_from_deg":4.0,"temperature_c":-16.7,"relative_humidity":89.0,"turbulence_score":0.0,"icing_score":0.358,"convection_score":0.0}},{"type":"Feature","geometry":{"type":"Point","coordinates":[172.0,-42.0]},"properties":{"wind_kt":8.2,"wind_from_deg":360.0,"temperature_c":-16.8,"relative_humidity":30.0,"turbulence_score":0.0,"icing_score":0.0,"convection_score":0.0}},{"type":"Feature","geometry":{"type":"Point","coordinates":[176.0,-42.0]},"properties":{"wind_kt":6.8,"wind_from_deg":155.0,"temperature_c":-16.4,"relative_humidity":31.0,"turbulence_score":0.0,"icing_score":0.0,"convection_score":0.0}},{"type":"Feature","geometry":{"type":"Point","coordinates":[180.0,-42.0]},"properties":{"wind_kt":6.5,"wind_from_deg":103.0,"temperature_c":-16.1,"relative_humidity":82.0,"turbulence_score":0.0,"icing_score":0.263,"convection_score":0.301}},{"type":"Feature","geometry":{"type":"Point","coordinates":[184.0,-42.0]},"properties":{"wind_kt":9.2,"wind_from_deg":12.0,"temperature_c":-16.1,"relative_humidity":91.0,"turbulence_score":0.0,"icing_score":0.401,"convection_score":0.001}},{"type":"Feature","geometry":{"type":"Point","coordinates":[188.0,-42.0]},"properties":{"wind_kt":17.0,"wind_from_deg":313.0,"temperature_c":-17.0,"relative_humidity":33.0,"turbulence_score":0.0,"icing_score":0.0,"convection_score":0.001}},{"type":"Feature","geometry":{"type":"Point","coordinates":[192.0,-42.0]},"properties":{"wind_kt":14.8,"wind_from_deg":266.0,"temperature_c":-17.6,"relative_humidity":20.0,"turbulence_score":0.0,"icing_score":0.0,"convection_score":0.005}},{"type":"Feature","geometry":{"type":"Point","coordinates":[196.0,-42.0]},"properties":{"wind_kt":29.5,"wind_from_deg":229.0,"temperature_c":-17.8,"relative_humidity":32.0,"turbulence_score":0.026,"icing_score":0.0,"convection_score":0.156}},{"type":"Feature","geometry":{"type":"Point","coordinates":[200.0,-42.0]},"properties":{"wind_kt":39.1,"wind_from_deg":216.0,"temperature_c":-19.6,"relative_humidity":79.0,"turbulence_score":0.107,"icing_score":0.142,"convection_score":0.293}},{"type":"Feature","geometry":{"type":"Point","coordinates":[204.0,-42.0]},"properties":{"wind_kt":33.9,"wind_from_deg":217.0,"temperature_c":-22.9,"relative_humidity":74.0,"turbulence_score":0.065,"icing_score":0.045,"convection_score":0.31}},{"type":"Feature","geometry":{"type":"Point","coordinates":[208.0,-42.0]},"properties":{"wind_kt":25.3,"wind_from_deg":239.0,"temperature_c":-22.4,"relative_humidity":14.0,"turbulence_score":0.0,"icing_score":0.0,"convection_score":0.01}},{"type":"Feature","geometry":{"type":"Point","coordinates":[212.0,-42.0]},"properties":{"wind_kt":29.4,"wind_from_deg":219.0,"temperature_c":-22.0,"relative_humidity":54.0,"turbulence_score":0.0,"icing_score":0.0,"convection_score":0.008}},{"type":"Feature","geometry":{"type":"Point","coordinates":[216.0,-42.0]},"properties":{"wind_kt":19.0,"wind_from_deg":217.0,"temperature_c":-21.0,"relative_humidity":67.0,"turbulence_score":0.0,"icing_score":0.013,"convection_score":0.304}},{"type":"Feature","geometry":{"type":"Point","coordinates":[220.0,-42.0]},"properties":{"wind_kt":38.9,"wind_from_deg":214.0,"temperature_c":-21.4,"relative_humidity":70.0,"turbulence_score":0.031,"icing_score":0.035,"convection_score":0.308}},{"type":"Feature","geometry":{"type":"Point","coordinates":[224.0,-42.0]},"properties":{"wind_kt":50.1,"wind_from_deg":218.0,"temperature_c":-23.0,"relative_humidity":35.0,"turbulence_score":0.161,"icing_score":0.0,"convection_score":0.323}},{"type":"Feature","geometry":{"type":"Point","coordinates":[228.0,-42.0]},"properties":{"wind_kt":39.7,"wind_from_deg":232.0,"temperature_c":-25.9,"relative_humidity":100.0,"turbulence_score":0.071,"icing_score":0.007,"convection_score":0.035}},{"type":"Feature","geometry":{"type":"Point","coordinates":[232.0,-42.0]},"properties":{"wind_kt":29.4,"wind_from_deg":259.0,"temperature_c":-26.4,"relative_humidity":100.0,"turbulence_score":0.0,"icing_score":0.0,"convection_score":0.045}},{"type":"Feature","geometry":{"type":"Point","coordinates":[236.0,-42.0]},"properties":{"wind_kt":23.8,"wind_from_deg":271.0,"temperature_c":-26.1,"relative_humidity":29.0,"turbulence_score":0.0,"icing_score":0.0,"convection_score":0.037}},{"type":"Feature","geometry":{"type":"Point","coordinates":[240.0,-42.0]},"properties":{"wind_kt":25.9,"wind_from_deg":314.0,"temperature_c":-28.2,"relative_humidity":58.0,"turbulence_score":0.0,"icing_score":0.0,"convection_score":0.002}},{"type":"Feature","geometry":{"type":"Point","coordinates":[244.0,-42.0]},"properties":{"wind_kt":45.5,"wind_from_deg":330.0,"temperature_c":-23.5,"relative_humidity":100.0,"turbulence_score":0.061,"icing_score":0.137,"convection_score":0.303}},{"type":"Feature","geometry":{"type":"Point","coordinates":[248.0,-42.0]},"properties":{"wind_kt":42.0,"wind_from_deg":329.0,"temperature_c":-23.0,"relative_humidity":99.0,"turbulence_score":0.113,"icing_score":0.162,"convection_score":0.0}},{"type":"Feature","geometry":{"type":"Point","coordinates":[252.0,-42.0]},"properties":{"wind_kt":38.2,"wind_from_deg":326.0,"temperature_c":-21.3,"relative_humidity":45.0,"turbulence_score":0.024,"icing_score":0.0,"convection_score":0.013}},{"type":"Feature","geometry":{"type":"Point","coordinates":[256.0,-42.0]},"properties":{"wind_kt":29.7,"wind_from_deg":327.0,"temperature_c":-21.9,"relative_humidity":34.0,"turbulence_score":0.002,"icing_score":0.0,"convection_score":0.003}},{"type":"Feature","geometry":{"type":"Point","coordinates":[260.0,-42.0]},"properties":{"wind_kt":19.6,"wind_from_deg":318.0,"temperature_c":-21.9,"relative_humidity":23.0,"turbulence_score":0.0,"icing_score":0.0,"convection_score":0.01}},{"type":"Feature","geometry":{"type":"Point","coordinates":[264.0,-42.0]},"properties":{"wind_kt":9.2,"wind_from_deg":304.0,"temperature_c":-21.9,"relative_humidity":24.0,"turbulence_score":0.0,"icing_score":0.0,"convection_score":0.0}},{"type":"Feature","geometry":{"type":"Point","coordinates":[268.0,-42.0]},"properties":{"wind_kt":5.3,"wind_from_deg":227.0,"temperature_c":-20.9,"relative_humidity":6.0,"turbulence_score":0.0,"icing_score":0.0,"convection_score":0.016}},{"type":"Feature","geometry":{"type":"Point","coordinates":[272.0,-42.0]},"properties":{"wind_kt":18.7,"wind_from_deg":174.0,"temperature_c":-21.7,"relative_humidity":30.0,"turbulence_score":0.0,"icing_score":0.0,"convection_score":0.023}},{"type":"Feature","geometry":{"type":"Point","coordinates":[276.0,-42.0]},"properties":{"wind_kt":33.6,"wind_from_deg":179.0,"temperature_c":-23.9,"relative_humidity":10.0,"turbulence_score":0.098,"icing_score":0.0,"convection_score":0.0}},{"type":"Feature","geometry":{"type":"Point","coordinates":[280.0,-42.0]},"properties":{"wind_kt":23.3,"wind_from_deg":125.0,"temperature_c":-23.3,"relative_humidity":19.0,"turbulence_score":0.0,"icing_score":0.0,"convection_score":0.003}},{"type":"Feature","geometry":{"type":"Point","coordinates":[284.0,-42.0]},"properties":{"wind_kt":7.9,"wind_from_deg":62.0,"temperature_c":-23.0,"relative_humidity":75.0,"turbulence_score":0.0,"icing_score":0.05,"convection_score":0.064}},{"type":"Feature","geometry":{"type":"Point","coordinates":[288.0,-42.0]},"properties":{"wind_kt":13.3,"wind_from_deg":26.0,"temperature_c":-22.4,"relative_humidity":54.0,"turbulence_score":0.0,"icing_score":0.0,"convection_score":0.286}},{"type":"Feature","geometry":{"type":"Point","coordinates":[292.0,-42.0]},"properties":{"wind_kt":10.0,"wind_from_deg":328.0,"temperature_c":-21.5,"relative_humidity":63.0,"turbulence_score":0.0,"icing_score":0.0,"convection_score":0.306}},{"type":"Feature","geometry":{"type":"Point","coordinates":[296.0,-42.0]},"properties":{"wind_kt":7.8,"wind_from_deg":332.0,"temperature_c":-18.9,"relative_humidity":80.0,"turbulence_score":0.0,"icing_score":0.166,"convection_score":0.0}},{"type":"Feature","geometry":{"type":"Point","coordinates":[300.0,-42.0]},"properties":{"wind_kt":16.4,"wind_from_deg":272.0,"temperature_c":-17.1,"relative_humidity":45.0,"turbulence_score":0.0,"icing_score":0.0,"convection_score":0.0}},{"type":"Feature","geometry":{"type":"Point","coordinates":[304.0,-42.0]},"properties":{"wind_kt":37.6,"wind_from_deg":258.0,"temperature_c":-17.0,"relative_humidity":39.0,"turbulence_score":0.115,"icing_score":0.0,"convection_score":0.0}},{"type":"Feature","geometry":{"type":"Point","coordinates":[308.0,-42.0]},"properties":{"wind_kt":58.7,"wind_from_deg":266.0,"temperature_c":-17.8,"relative_humidity":38.0,"turbulence_score":0.231,"icing_score":0.0,"convection_score":0.002}},{"type":"Feature","geometry":{"type":"Point","coordinates":[312.0,-42.0]},"properties":{"wind_kt":74.7,"wind_from_deg":264.0,"temperature_c":-20.2,"relative_humidity":52.0,"turbulence_score":0.337,"icing_score":0.0,"convection_score":0.011}},{"type":"Feature","geometry":{"type":"Point","coordinates":[316.0,-42.0]},"properties":{"wind_kt":72.3,"wind_from_deg":261.0,"temperature_c":-22.4,"relative_humidity":18.0,"turbulence_score":0.311,"icing_score":0.0,"convection_score":0.031}},{"type":"Feature","geometry":{"type":"Point","coordinates":[320.0,-42.0]},"properties":{"wind_kt":59.3,"wind_from_deg":264.0,"temperature_c":-23.2,"relative_humidity":7.0,"turbulence_score":0.213,"icing_score":0.0,"convection_score":0.016}},{"type":"Feature","geometry":{"type":"Point","coordinates":[324.0,-42.0]},"properties":{"wind_kt":57.6,"wind_from_deg":256.0,"temperature_c":-24.3,"relative_humidity":8.0,"turbulence_score":0.26,"icing_score":0.0,"convection_score":0.029}},{"type":"Feature","geometry":{"type":"Point","coordinates":[328.0,-42.0]},"properties":{"wind_kt":49.9,"wind_from_deg":246.0,"temperature_c":-27.2,"relative_humidity":20.0,"turbulence_score":0.15,"icing_score":0.0,"convection_score":0.003}},{"type":"Feature","geometry":{"type":"Point","coordinates":[332.0,-42.0]},"properties":{"wind_kt":43.7,"wind_from_deg":249.0,"temperature_c":-28.8,"relative_humidity":29.0,"turbulence_score":0.097,"icing_score":0.0,"convection_score":0.216}},{"type":"Feature","geometry":{"type":"Point","coordinates":[336.0,-42.0]},"properties":{"wind_kt":35.0,"wind_from_deg":278.0,"temperature_c":-29.2,"relative_humidity":100.0,"turbulence_score":0.04,"icing_score":0.0,"convection_score":0.307}},{"type":"Feature","geometry":{"type":"Point","coordinates":[340.0,-42.0]},"properties":{"wind_kt":43.7,"wind_from_deg":261.0,"temperature_c":-28.3,"relative_humidity":98.0,"turbulence_score":0.124,"icing_score":0.0,"convection_score":0.005}},{"type":"Feature","geometry":{"type":"Point","coordinates":[344.0,-42.0]},"properties":{"wind_kt":48.9,"wind_from_deg":247.0,"temperature_c":-27.7,"relative_humidity":30.0,"turbulence_score":0.135,"icing_score":0.0,"convection_score":0.193}},{"type":"Feature","geometry":{"type":"Point","coordinates":[348.0,-42.0]},"properties":{"wind_kt":46.2,"wind_from_deg":263.0,"temperature_c":-27.8,"relative_humidity":61.0,"turbulence_score":0.089,"icing_score":0.0,"convection_score":0.309}},{"type":"Feature","geometry":{"type":"Point","coordinates":[352.0,-42.0]},"properties":{"wind_kt":48.4,"wind_from_deg":270.0,"temperature_c":-27.1,"relative_humidity":100.0,"turbulence_score":0.114,"icing_score":0.0,"convection_score":0.046}},{"type":"Feature","geometry":{"type":"Point","coordinates":[356.0,-42.0]},"properties":{"wind_kt":54.6,"wind_from_deg":274.0,"temperature_c":-25.1,"relative_humidity":82.0,"turbulence_score":0.183,"icing_score":0.025,"convection_score":0.019}},{"type":"Feature","geometry":{"type":"Point","coordinates":[0.0,-46.0]},"properties":{"wind_kt":43.7,"wind_from_deg":263.0,"temperature_c":-27.4,"relative_humidity":10.0,"turbulence_score":0.124,"icing_score":0.0,"convection_score":0.05}},{"type":"Feature","geometry":{"type":"Point","coordinates":[4.0,-46.0]},"properties":{"wind_kt":61.8,"wind_from_deg":290.0,"temperature_c":-23.7,"relative_humidity":4.0,"turbulence_score":0.213,"icing_score":0.0,"convection_score":0.018}},{"type":"Feature","geometry":{"type":"Point","coordinates":[8.0,-46.0]},"properties":{"wind_kt":50.2,"wind_from_deg":291.0,"temperature_c":-22.2,"relative_humidity":29.0,"turbulence_score":0.084,"icing_score":0.0,"convection_score":0.26}},{"type":"Feature","geometry":{"type":"Point","coordinates":[12.0,-46.0]},"properties":{"wind_kt":64.5,"wind_from_deg":312.0,"temperature_c":-22.7,"relative_humidity":100.0,"turbulence_score":0.093,"icing_score":0.181,"convection_score":0.3}},{"type":"Feature","geometry":{"type":"Point","coordinates":[16.0,-46.0]},"properties":{"wind_kt":47.7,"wind_from_deg":307.0,"temperature_c":-23.3,"relative_humidity":100.0,"turbulence_score":0.072,"icing_score":0.151,"convection_score":0.305}},{"type":"Feature","geometry":{"type":"Point","coordinates":[20.0,-46.0]},"properties":{"wind_kt":47.9,"wind_from_deg":302.0,"temperature_c":-22.7,"relative_humidity":100.0,"turbulence_score":0.128,"icing_score":0.184,"convection_score":0.012}},{"type":"Feature","geometry":{"type":"Point","coordinates":[24.0,-46.0]},"properties":{"wind_kt":44.7,"wind_from_deg":290.0,"temperature_c":-22.1,"relative_humidity":82.0,"turbulence_score":0.089,"icing_score":0.106,"convection_score":0.015}},{"type":"Feature","geometry":{"type":"Point","coordinates":[28.0,-46.0]},"properties":{"wind_kt":45.5,"wind_from_deg":287.0,"temperature_c":-21.9,"relative_humidity":69.0,"turbulence_score":0.114,"icing_score":0.025,"convection_score":0.0}},{"type":"Feature","geometry":{"type":"Point","coordinates":[32.0,-46.0]},"properties":{"wind_kt":47.6,"wind_from_deg":284.0,"temperature_c":-20.8,"relative_humidity":43.0,"turbulence_score":0.13,"icing_score":0.0,"convection_score":0.004}},{"type":"Feature","geometry":{"type":"Point","coordinates":[36.0,-46.0]},"properties":{"wind_kt":49.6,"wind_from_deg":283.0,"temperature_c":-19.9,"relative_humidity":71.0,"turbulence_score":0.134,"icing_score":0.062,"convection_score":0.003}},{"type":"Feature","geometry":{"type":"Point","coordinates":[40.0,-46.0]},"properties":{"wind_kt":47.3,"wind_from_deg":292.0,"temperature_c":-17.5,"relative_humidity":6.0,"turbulence_score":0.142,"icing_score":0.0,"convection_score":0.0}},{"type":"Feature","geometry":{"type":"Point","coordinates":[44.0,-46.0]},"properties":{"wind_kt":55.3,"wind_from_deg":315.0,"temperature_c":-14.7,"relative_humidity":97.0,"turbulence_score":0.293,"icing_score":0.577,"convection_score":0.0}},{"type":"Feature","geometry":{"type":"Point","coordinates":[48.0,-46.0]},"properties":{"wind_kt":56.3,"wind_from_deg":308.0,"temperature_c":-14.0,"relative_humidity":97.0,"turbulence_score":0.145,"icing_score":0.608,"convection_score":0.3}},{"type":"Feature","geometry":{"type":"Point","coordinates":[52.0,-46.0]},"properties":{"wind_kt":54.5,"wind_from_deg":321.0,"temperature_c":-13.3,"relative_humidity":4.0,"turbulence_score":0.162,"icing_score":0.0,"convection_score":0.3}},{"type":"Feature","geometry":{"type":"Point","coordinates":[56.0,-46.0]},"properties":{"wind_kt":54.3,"wind_from_deg":316.0,"temperature_c":-13.0,"relative_humidity":1.0,"turbulence_score":0.09,"icing_score":0.0,"convection_score":0.294}},{"type":"Feature","geometry":{"type":"Point","coordinates":[60.0,-46.0]},"properties":{"wind_kt":40.0,"wind_from_deg":298.0,"temperature_c":-14.2,"relative_humidity":1.0,"turbulence_score":0.092,"icing_score":0.0,"convection_score":0.0}},{"type":"Feature","geometry":{"type":"Point","coordinates":[64.0,-46.0]},"properties":{"wind_kt":28.7,"wind_from_deg":278.0,"temperature_c":-14.9,"relative_humidity":3.0,"turbulence_score":0.038,"icing_score":0.0,"convection_score":0.0}},{"type":"Feature","geometry":{"type":"Point","coordinates":[68.0,-46.0]},"properties":{"wind_kt":27.6,"wind_from_deg":285.0,"temperature_c":-15.1,"relative_humidity":8.0,"turbulence_score":0.009,"icing_score":0.0,"convection_score":0.0}},{"type":"Feature","geometry":{"type":"Point","coordinates":[72.0,-46.0]},"properties":{"wind_kt":23.5,"wind_from_deg":249.0,"temperature_c":-15.2,"relative_humidity":9.0,"turbulence_score":0.0,"icing_score":0.0,"convection_score":0.0}},{"type":"Feature","geometry":{"type":"Point","coordinates":[76.0,-46.0]},"properties":{"wind_kt":34.9,"wind_from_deg":228.0,"temperature_c":-14.6,"relative_humidity":11.0,"turbulence_score":0.023,"icing_score":0.0,"convection_score":0.0}},{"type":"Feature","geometry":{"type":"Point","coordinates":[80.0,-46.0]},"properties":{"wind_kt":46.1,"wind_from_deg":222.0,"temperature_c":-14.1,"relative_humidity":44.0,"turbulence_score":0.068,"icing_score":0.0,"convection_score":0.0}},{"type":"Feature","geometry":{"type":"Point","coordinates":[84.0,-46.0]},"properties":{"wind_kt":57.9,"wind_from_deg":218.0,"temperature_c":-14.3,"relative_humidity":65.0,"turbulence_score":0.134,"icing_score":0.0,"convection_score":0.001}},{"type":"Feature","geometry":{"type":"Point","coordinates":[88.0,-46.0]},"properties":{"wind_kt":63.0,"wind_from_deg":237.0,"temperature_c":-14.7,"relative_humidity":74.0,"turbulence_score":0.114,"icing_score":0.167,"convection_score":0.008}},{"type":"Feature","geometry":{"type":"Point","coordinates":[92.0,-46.0]},"properties":{"wind_kt":81.5,"wind_from_deg":214.0,"temperature_c":-13.7,"relative_humidity":61.0,"turbulence_score":0.24,"icing_score":0.0,"convection_score":0.008}},{"type":"Feature","geometry":{"type":"Point","coordinates":[96.0,-46.0]},"properties":{"wind_kt":102.4,"wind_from_deg":206.0,"temperature_c":-14.9,"relative_humidity":68.0,"turbulence_score":0.465,"icing_score":0.048,"convection_score":0.06}},{"type":"Feature","geometry":{"type":"Point","coordinates":[100.0,-46.0]},"properties":{"wind_kt":104.2,"wind_from_deg":207.0,"temperature_c":-20.7,"relative_humidity":18.0,"turbulence_score":0.565,"icing_score":0.0,"convection_score":0.029}},{"type":"Feature","geometry":{"type":"Point","coordinates":[104.0,-46.0]},"properties":{"wind_kt":53.4,"wind_from_deg":207.0,"temperature_c":-32.3,"relative_humidity":28.0,"turbulence_score":0.12,"icing_score":0.0,"convection_score":0.057}},{"type":"Feature","geometry":{"type":"Point","coordinates":[108.0,-46.0]},"properties":{"wind_kt":46.4,"wind_from_deg":277.0,"temperature_c":-30.7,"relative_humidity":12.0,"turbulence_score":0.083,"icing_score":0.0,"convection_score":0.318}},{"type":"Feature","geometry":{"type":"Point","coordinates":[112.0,-46.0]},"properties":{"wind_kt":41.6,"wind_from_deg":294.0,"temperature_c":-30.8,"relative_humidity":11.0,"turbulence_score":0.035,"icing_score":0.0,"convection_score":0.352}},{"type":"Feature","geometry":{"type":"Point","coordinates":[116.0,-46.0]},"properties":{"wind_kt":42.1,"wind_from_deg":296.0,"temperature_c":-30.1,"relative_humidity":100.0,"turbulence_score":0.034,"icing_score":0.0,"convection_score":0.33}},{"type":"Feature","geometry":{"type":"Point","coordinates":[120.0,-46.0]},"properties":{"wind_kt":49.3,"wind_from_deg":299.0,"temperature_c":-26.8,"relative_humidity":6.0,"turbulence_score":0.157,"icing_score":0.0,"convection_score":0.027}},{"type":"Feature","geometry":{"type":"Point","coordinates":[124.0,-46.0]},"properties":{"wind_kt":79.4,"wind_from_deg":314.0,"temperature_c":-23.9,"relative_humidity":2.0,"turbulence_score":0.463,"icing_score":0.0,"convection_score":0.012}},{"type":"Feature","geometry":{"type":"Point","coordinates":[128.0,-46.0]},"properties":{"wind_kt":72.7,"wind_from_deg":314.0,"temperature_c":-20.7,"relative_humidity":100.0,"turbulence_score":0.234,"icing_score":0.294,"convection_score":0.011}},{"type":"Feature","geometry":{"type":"Point","coordinates":[132.0,-46.0]},"properties":{"wind_kt":65.5,"wind_from_deg":321.0,"temperature_c":-18.6,"relative_humidity":100.0,"turbulence_score":0.182,"icing_score":0.411,"convection_score":0.237}},{"type":"Feature","geometry":{"type":"Point","coordinates":[136.0,-46.0]},"properties":{"wind_kt":56.6,"wind_from_deg":312.0,"temperature_c":-18.9,"relative_humidity":84.0,"turbulence_score":0.151,"icing_score":0.219,"convection_score":0.0}},{"type":"Feature","geometry":{"type":"Point","coordinates":[140.0,-46.0]},"properties":{"wind_kt":52.5,"wind_from_deg":302.0,"temperature_c":-18.2,"relative_humidity":66.0,"turbulence_score":0.113,"icing_score":0.01,"convection_score":0.206}},{"type":"Feature","geometry":{"type":"Point","coordinates":[144.0,-46.0]},"properties":{"wind_kt":51.1,"wind_from_deg":299.0,"temperature_c":-16.0,"relative_humidity":6.0,"turbulence_score":0.135,"icing_score":0.0,"convection_score":0.311}},{"type":"Feature","geometry":{"type":"Point","coordinates":[148.0,-46.0]},"properties":{"wind_kt":35.3,"wind_from_deg":285.0,"temperature_c":-15.8,"relative_humidity":28.0,"turbulence_score":0.077,"icing_score":0.0,"convection_score":0.002}},{"type":"Feature","geometry":{"type":"Point","coordinates":[152.0,-46.0]},"properties":{"wind_kt":21.6,"wind_from_deg":249.0,"temperature_c":-15.3,"relative_humidity":7.0,"turbulence_score":0.04,"icing_score":0.0,"convection_score":0.0}},{"type":"Feature","geometry":{"type":"Point","coordinates":[156.0,-46.0]},"properties":{"wind_kt":20.0,"wind_from_deg":164.0,"temperature_c":-15.8,"relative_humidity":16.0,"turbulence_score":0.012,"icing_score":0.0,"convection_score":0.0}},{"type":"Feature","geometry":{"type":"Point","coordinates":[160.0,-46.0]},"properties":{"wind_kt":12.0,"wind_from_deg":101.0,"temperature_c":-19.5,"relative_humidity":9.0,"turbulence_score":0.029,"icing_score":0.0,"convection_score":0.001}},{"type":"Feature","geometry":{"type":"Point","coordinates":[164.0,-46.0]},"properties":{"wind_kt":6.1,"wind_from_deg":141.0,"temperature_c":-18.2,"relative_humidity":18.0,"turbulence_score":0.0,"icing_score":0.0,"convection_score":0.001}},{"type":"Feature","geometry":{"type":"Point","coordinates":[168.0,-46.0]},"properties":{"wind_kt":6.1,"wind_from_deg":108.0,"temperature_c":-17.8,"relative_humidity":52.0,"turbulence_score":0.0,"icing_score":0.0,"convection_score":0.015}},{"type":"Feature","geometry":{"type":"Point","coordinates":[172.0,-46.0]},"properties":{"wind_kt":0.2,"wind_from_deg":125.0,"temperature_c":-17.2,"relative_humidity":49.0,"turbulence_score":0.0,"icing_score":0.0,"convection_score":0.076}},{"type":"Feature","geometry":{"type":"Point","coordinates":[176.0,-46.0]},"properties":{"wind_kt":12.3,"wind_from_deg":239.0,"temperature_c":-16.5,"relative_humidity":51.0,"turbulence_score":0.0,"icing_score":0.0,"convection_score":0.0}},{"type":"Feature","geometry":{"type":"Point","coordinates":[180.0,-46.0]},"properties":{"wind_kt":25.6,"wind_from_deg":245.0,"temperature_c":-16.5,"relative_humidity":54.0,"turbulence_score":0.021,"icing_score":0.0,"convection_score":0.0}},{"type":"Feature","geometry":{"type":"Point","coordinates":[184.0,-46.0]},"properties":{"wind_kt":34.7,"wind_from_deg":268.0,"temperature_c":-17.3,"relative_humidity":14.0,"turbulence_score":0.031,"icing_score":0.0,"convection_score":0.237}},{"type":"Feature","geometry":{"type":"Point","coordinates":[188.0,-46.0]},"properties":{"wind_kt":37.6,"wind_from_deg":269.0,"temperature_c":-17.6,"relative_humidity":27.0,"turbulence_score":0.027,"icing_score":0.0,"convection_score":0.3}},{"type":"Feature","geometry":{"type":"Point","coordinates":[192.0,-46.0]},"properties":{"wind_kt":35.9,"wind_from_deg":274.0,"temperature_c":-17.9,"relative_humidity":12.0,"turbulence_score":0.012,"icing_score":0.0,"convection_score":0.307}},{"type":"Feature","geometry":{"type":"Point","coordinates":[196.0,-46.0]},"properties":{"wind_kt":35.9,"wind_from_deg":244.0,"temperature_c":-19.2,"relative_humidity":16.0,"turbulence_score":0.073,"icing_score":0.0,"convection_score":0.116}},{"type":"Feature","geometry":{"type":"Point","coordinates":[200.0,-46.0]},"properties":{"wind_kt":30.1,"wind_from_deg":227.0,"temperature_c":-18.8,"relative_humidity":26.0,"turbulence_score":0.013,"icing_score":0.0,"convection_score":0.005}},{"type":"Feature","geometry":{"type":"Point","coordinates":[204.0,-46.0]},"properties":{"wind_kt":29.5,"wind_from_deg":199.0,"temperature_c":-20.8,"relative_humidity":44.0,"turbulence_score":0.005,"icing_score":0.0,"convection_score":0.0}},{"type":"Feature","geometry":{"type":"Point","coordinates":[208.0,-46.0]},"properties":{"wind_kt":18.0,"wind_from_deg":196.0,"temperature_c":-21.4,"relative_humidity":53.0,"turbulence_score":0.001,"icing_score":0.0,"convection_score":0.0}},{"type":"Feature","geometry":{"type":"Point","coordinates":[212.0,-46.0]},"properties":{"wind_kt":23.7,"wind_from_deg":221.0,"temperature_c":-21.0,"relative_humidity":48.0,"turbulence_score":0.0,"icing_score":0.0,"convection_score":0.015}},{"type":"Feature","geometry":{"type":"Point","coordinates":[216.0,-46.0]},"properties":{"wind_kt":36.2,"wind_from_deg":216.0,"temperature_c":-20.8,"relative_humidity":62.0,"turbulence_score":0.045,"icing_score":0.0,"convection_score":0.122}},{"type":"Feature","geometry":{"type":"Point","coordinates":[220.0,-46.0]},"properties":{"wind_kt":45.2,"wind_from_deg":210.0,"temperature_c":-22.0,"relative_humidity":6.0,"turbulence_score":0.086,"icing_score":0.0,"convection_score":0.125}},{"type":"Feature","geometry":{"type":"Point","coordinates":[224.0,-46.0]},"properties":{"wind_kt":57.1,"wind_from_deg":210.0,"temperature_c":-25.0,"relative_humidity":10.0,"turbulence_score":0.117,"icing_score":0.0,"convection_score":0.19}},{"type":"Feature","geometry":{"type":"Point","coordinates":[228.0,-46.0]},"properties":{"wind_kt":56.3,"wind_from_deg":233.0,"temperature_c":-26.0,"relative_humidity":28.0,"turbulence_score":0.148,"icing_score":0.0,"convection_score":0.038}},{"type":"Feature","geometry":{"type":"Point","coordinates":[232.0,-46.0]},"properties":{"wind_kt":58.5,"wind_from_deg":266.0,"temperature_c":-26.3,"relative_humidity":20.0,"turbulence_score":0.176,"icing_score":0.0,"convection_score":0.31}},{"type":"Feature","geometry":{"type":"Point","coordinates":[236.0,-46.0]},"properties":{"wind_kt":52.6,"wind_from_deg":288.0,"temperature_c":-27.0,"relative_humidity":95.0,"turbulence_score":0.118,"icing_score":0.0,"convection_score":0.157}},{"type":"Feature","geometry":{"type":"Point","coordinates":[240.0,-46.0]},"properties":{"wind_kt":47.1,"wind_from_deg":306.0,"temperature_c":-27.0,"relative_humidity":100.0,"turbulence_score":0.075,"icing_score":0.0,"convection_score":0.039}},{"type":"Feature","geometry":{"type":"Point","coordinates":[244.0,-46.0]},"properties":{"wind_kt":62.9,"wind_from_deg":314.0,"temperature_c":-25.3,"relative_humidity":15.0,"turbulence_score":0.238,"icing_score":0.0,"convection_score":0.002}},{"type":"Feature","geometry":{"type":"Point","coordinates":[248.0,-46.0]},"properties":{"wind_kt":53.9,"wind_from_deg":319.0,"temperature_c":-24.5,"relative_humidity":100.0,"turbulence_score":0.074,"icing_score":0.082,"convection_score":0.304}},{"type":"Feature","geometry":{"type":"Point","coordinates":[252.0,-46.0]},"properties":{"wind_kt":50.8,"wind_from_deg":321.0,"temperature_c":-24.3,"relative_humidity":100.0,"turbulence_score":0.093,"icing_score":0.095,"convection_score":0.0}},{"type":"Feature","geometry":{"type":"Point","coordinates":[256.0,-46.0]},"properties":{"wind_kt":38.6,"wind_from_deg":326.0,"temperature_c":-23.6,"relative_humidity":66.0,"turbulence_score":0.015,"icing_score":0.006,"convection_score":0.001}},{"type":"Feature","geometry":{"type":"Point","coordinates":[260.0,-46.0]},"properties":{"wind_kt":33.1,"wind_from_deg":318.0,"temperature_c":-22.8,"relative_humidity":26.0,"turbulence_score":0.004,"icing_score":0.0,"convection_score":0.0}},{"type":"Feature","geometry":{"type":"Point","coordinates":[264.0,-46.0]},"properties":{"wind_kt":22.9,"wind_from_deg":299.0,"temperature_c":-22.5,"relative_humidity":24.0,"turbulence_score":0.0,"icing_score":0.0,"convection_score":0.0}},{"type":"Feature","geometry":{"type":"Point","coordinates":[268.0,-46.0]},"properties":{"wind_kt":11.7,"wind_from_deg":252.0,"temperature_c":-21.8,"relative_humidity":25.0,"turbulence_score":0.0,"icing_score":0.0,"convection_score":0.0}},{"type":"Feature","geometry":{"type":"Point","coordinates":[272.0,-46.0]},"properties":{"wind_kt":8.4,"wind_from_deg":240.0,"temperature_c":-21.9,"relative_humidity":24.0,"turbulence_score":0.0,"icing_score":0.0,"convection_score":0.0}},{"type":"Feature","geometry":{"type":"Point","coordinates":[276.0,-46.0]},"properties":{"wind_kt":27.2,"wind_from_deg":159.0,"temperature_c":-21.2,"relative_humidity":18.0,"turbulence_score":0.08,"icing_score":0.0,"convection_score":0.014}},{"type":"Feature","geometry":{"type":"Point","coordinates":[280.0,-46.0]},"properties":{"wind_kt":8.1,"wind_from_deg":148.0,"temperature_c":-23.5,"relative_humidity":47.0,"turbulence_score":0.0,"icing_score":0.0,"convection_score":0.0}},{"type":"Feature","geometry":{"type":"Point","coordinates":[284.0,-46.0]},"properties":{"wind_kt":8.3,"wind_from_deg":134.0,"temperature_c":-22.7,"relative_humidity":22.0,"turbulence_score":0.0,"icing_score":0.0,"convection_score":0.0}},{"type":"Feature","geometry":{"type":"Point","coordinates":[288.0,-46.0]},"properties":{"wind_kt":13.0,"wind_from_deg":349.0,"temperature_c":-22.6,"relative_humidity":81.0,"turbulence_score":0.0,"icing_score":0.087,"convection_score":0.301}},{"type":"Feature","geometry":{"type":"Point","coordinates":[292.0,-46.0]},"properties":{"wind_kt":9.9,"wind_from_deg":335.0,"temperature_c":-22.8,"relative_humidity":100.0,"turbulence_score":0.0,"icing_score":0.173,"convection_score":0.005}},{"type":"Feature","geometry":{"type":"Point","coordinates":[296.0,-46.0]},"properties":{"wind_kt":9.1,"wind_from_deg":285.0,"temperature_c":-22.7,"relative_humidity":17.0,"turbulence_score":0.0,"icing_score":0.0,"convection_score":0.002}},{"type":"Feature","geometry":{"type":"Point","coordinates":[300.0,-46.0]},"properties":{"wind_kt":31.7,"wind_from_deg":224.0,"temperature_c":-22.2,"relative_humidity":31.0,"turbulence_score":0.058,"icing_score":0.0,"convection_score":0.0}},{"type":"Feature","geometry":{"type":"Point","coordinates":[304.0,-46.0]},"properties":{"wind_kt":44.0,"wind_from_deg":219.0,"temperature_c":-21.3,"relative_humidity":5.0,"turbulence_score":0.174,"icing_score":0.0,"convection_score":0.079}},{"type":"Feature","geometry":{"type":"Point","coordinates":[308.0,-46.0]},"properties":{"wind_kt":28.9,"wind_from_deg":222.0,"temperature_c":-27.2,"relative_humidity":4.0,"turbulence_score":0.036,"icing_score":0.0,"convection_score":0.036}},{"type":"Feature","geometry":{"type":"Point","coordinates":[312.0,-46.0]},"properties":{"wind_kt":23.2,"wind_from_deg":241.0,"temperature_c":-28.8,"relative_humidity":24.0,"turbulence_score":0.028,"icing_score":0.0,"convection_score":0.027}},{"type":"Feature","geometry":{"type":"Point","coordinates":[316.0,-46.0]},"properties":{"wind_kt":25.4,"wind_from_deg":243.0,"temperature_c":-30.6,"relative_humidity":63.0,"turbulence_score":0.027,"icing_score":0.0,"convection_score":0.063}},{"type":"Feature","geometry":{"type":"Point","coordinates":[320.0,-46.0]},"properties":{"wind_kt":21.3,"wind_from_deg":267.0,"temperature_c":-29.1,"relative_humidity":42.0,"turbulence_score":0.0,"icing_score":0.0,"convection_score":0.015}},{"type":"Feature","geometry":{"type":"Point","coordinates":[324.0,-46.0]},"properties":{"wind_kt":19.4,"wind_from_deg":259.0,"temperature_c":-29.4,"relative_humidity":44.0,"turbulence_score":0.0,"icing_score":0.0,"convection_score":0.017}},{"type":"Feature","geometry":{"type":"Point","coordinates":[328.0,-46.0]},"properties":{"wind_kt":19.0,"wind_from_deg":240.0,"temperature_c":-29.9,"relative_humidity":63.0,"turbulence_score":0.0,"icing_score":0.0,"convection_score":0.015}},{"type":"Feature","geometry":{"type":"Point","coordinates":[332.0,-46.0]},"properties":{"wind_kt":13.4,"wind_from_deg":224.0,"temperature_c":-29.0,"relative_humidity":100.0,"turbulence_score":0.0,"icing_score":0.0,"convection_score":0.011}},{"type":"Feature","geometry":{"type":"Point","coordinates":[336.0,-46.0]},"properties":{"wind_kt":24.3,"wind_from_deg":233.0,"temperature_c":-29.1,"relative_humidity":75.0,"turbulence_score":0.0,"icing_score":0.0,"convection_score":0.0}},{"type":"Feature","geometry":{"type":"Point","coordinates":[340.0,-46.0]},"properties":{"wind_kt":39.8,"wind_from_deg":241.0,"temperature_c":-29.2,"relative_humidity":47.0,"turbulence_score":0.045,"icing_score":0.0,"convection_score":0.003}},{"type":"Feature","geometry":{"type":"Point","coordinates":[344.0,-46.0]},"properties":{"wind_kt":40.6,"wind_from_deg":244.0,"temperature_c":-29.3,"relative_humidity":14.0,"turbulence_score":0.024,"icing_score":0.0,"convection_score":0.249}},{"type":"Feature","geometry":{"type":"Point","coordinates":[348.0,-46.0]},"properties":{"wind_kt":43.6,"wind_from_deg":247.0,"temperature_c":-29.0,"relative_humidity":44.0,"turbulence_score":0.066,"icing_score":0.0,"convection_score":0.31}},{"type":"Feature","geometry":{"type":"Point","coordinates":[352.0,-46.0]},"properties":{"wind_kt":33.2,"wind_from_deg":260.0,"temperature_c":-28.7,"relative_humidity":1.0,"turbulence_score":0.024,"icing_score":0.0,"convection_score":0.311}},{"type":"Feature","geometry":{"type":"Point","coordinates":[356.0,-46.0]},"properties":{"wind_kt":36.9,"wind_from_deg":265.0,"temperature_c":-28.6,"relative_humidity":16.0,"turbulence_score":0.074,"icing_score":0.0,"convection_score":0.295}},{"type":"Feature","geometry":{"type":"Point","coordinates":[0.0,-50.0]},"properties":{"wind_kt":41.2,"wind_from_deg":271.0,"temperature_c":-30.7,"relative_humidity":64.0,"turbulence_score":0.038,"icing_score":0.0,"convection_score":0.193}},{"type":"Feature","geometry":{"type":"Point","coordinates":[4.0,-50.0]},"properties":{"wind_kt":30.1,"wind_from_deg":281.0,"temperature_c":-29.2,"relative_humidity":18.0,"turbulence_score":0.042,"icing_score":0.0,"convection_score":0.27}},{"type":"Feature","geometry":{"type":"Point","coordinates":[8.0,-50.0]},"properties":{"wind_kt":41.9,"wind_from_deg":320.0,"temperature_c":-24.0,"relative_humidity":100.0,"turbulence_score":0.241,"icing_score":0.11,"convection_score":0.3}},{"type":"Feature","geometry":{"type":"Point","coordinates":[12.0,-50.0]},"properties":{"wind_kt":50.9,"wind_from_deg":327.0,"temperature_c":-24.5,"relative_humidity":100.0,"turbulence_score":0.083,"icing_score":0.083,"convection_score":0.3}},{"type":"Feature","geometry":{"type":"Point","coordinates":[16.0,-50.0]},"properties":{"wind_kt":54.4,"wind_from_deg":305.0,"temperature_c":-25.7,"relative_humidity":100.0,"turbulence_score":0.095,"icing_score":0.018,"convection_score":0.3}},{"type":"Feature","geometry":{"type":"Point","coordinates":[20.0,-50.0]},"properties":{"wind_kt":54.8,"wind_from_deg":289.0,"temperature_c":-27.1,"relative_humidity":100.0,"turbulence_score":0.141,"icing_score":0.0,"convection_score":0.005}},{"type":"Feature","geometry":{"type":"Point","coordinates":[24.0,-50.0]},"properties":{"wind_kt":64.8,"wind_from_deg":271.0,"temperature_c":-25.7,"relative_humidity":48.0,"turbulence_score":0.228,"icing_score":0.0,"convection_score":0.002}},{"type":"Feature","geometry":{"type":"Point","coordinates":[28.0,-50.0]},"properties":{"wind_kt":72.6,"wind_from_deg":268.0,"temperature_c":-25.6,"relative_humidity":12.0,"turbulence_score":0.26,"icing_score":0.0,"convection_score":0.01}},{"type":"Feature","geometry":{"type":"Point","coordinates":[32.0,-50.0]},"properties":{"wind_kt":74.8,"wind_from_deg":273.0,"temperature_c":-25.6,"relative_humidity":1.0,"turbulence_score":0.266,"icing_score":0.0,"convection_score":0.01}},{"type":"Feature","geometry":{"type":"Point","coordinates":[36.0,-50.0]},"properties":{"wind_kt":89.2,"wind_from_deg":284.0,"temperature_c":-22.9,"relative_humidity":12.0,"turbulence_score":0.375,"icing_score":0.0,"convection_score":0.007}},{"type":"Feature","geometry":{"type":"Point","coordinates":[40.0,-50.0]},"properties":{"wind_kt":76.2,"wind_from_deg":291.0,"temperature_c":-22.1,"relative_humidity":28.0,"turbulence_score":0.273,"icing_score":0.0,"convection_score":0.004}},{"type":"Feature","geometry":{"type":"Point","coordinates":[44.0,-50.0]},"properties":{"wind_kt":75.8,"wind_from_deg":302.0,"temperature_c":-19.4,"relative_humidity":16.0,"turbulence_score":0.273,"icing_score":0.0,"convection_score":0.001}},{"type":"Feature","geometry":{"type":"Point","coordinates":[48.0,-50.0]},"properties":{"wind_kt":66.8,"wind_from_deg":292.0,"temperature_c":-17.6,"relative_humidity":4.0,"turbulence_score":0.281,"icing_score":0.0,"convection_score":0.0}},{"type":"Feature","geometry":{"type":"Point","coordinates":[52.0,-50.0]},"properties":{"wind_kt":88.6,"wind_from_deg":308.0,"temperature_c":-15.1,"relative_humidity":99.0,"turbulence_score":0.464,"icing_score":0.585,"convection_score":0.275}},{"type":"Feature","geometry":{"type":"Point","coordinates":[56.0,-50.0]},"properties":{"wind_kt":79.5,"wind_from_deg":296.0,"temperature_c":-14.9,"relative_humidity":99.0,"turbulence_score":0.184,"icing_score":0.599,"convection_score":0.3}},{"type":"Feature","geometry":{"type":"Point","coordinates":[60.0,-50.0]},"properties":{"wind_kt":84.7,"wind_from_deg":295.0,"temperature_c":-13.7,"relative_humidity":5.0,"turbulence_score":0.264,"icing_score":0.0,"convection_score":0.3}},{"type":"Feature","geometry":{"type":"Point","coordinates":[64.0,-50.0]},"properties":{"wind_kt":79.2,"wind_from_deg":285.0,"temperature_c":-14.8,"relative_humidity":4.0,"turbulence_score":0.214,"icing_score":0.0,"convection_score":0.0}},{"type":"Feature","geometry":{"type":"Point","coordinates":[68.0,-50.0]},"properties":{"wind_kt":76.7,"wind_from_deg":285.0,"temperature_c":-15.1,"relative_humidity":5.0,"turbulence_score":0.199,"icing_score":0.0,"convection_score":0.0}},{"type":"Feature","geometry":{"type":"Point","coordinates":[72.0,-50.0]},"properties":{"wind_kt":68.1,"wind_from_deg":264.0,"temperature_c":-15.3,"relative_humidity":4.0,"turbulence_score":0.114,"icing_score":0.0,"convection_score":0.0}},{"type":"Feature","geometry":{"type":"Point","coordinates":[76.0,-50.0]},"properties":{"wind_kt":71.0,"wind_from_deg":245.0,"temperature_c":-15.1,"relative_humidity":5.0,"turbulence_score":0.118,"icing_score":0.0,"convection_score":0.0}},{"type":"Feature","geometry":{"type":"Point","coordinates":[80.0,-50.0]},"properties":{"wind_kt":69.9,"wind_from_deg":242.0,"temperature_c":-15.1,"relative_humidity":64.0,"turbulence_score":0.13,"icing_score":0.0,"convection_score":0.0}},{"type":"Feature","geometry":{"type":"Point","coordinates":[84.0,-50.0]},"properties":{"wind_kt":79.5,"wind_from_deg":231.0,"temperature_c":-15.7,"relative_humidity":71.0,"turbulence_score":0.224,"icing_score":0.103,"convection_score":0.001}},{"type":"Feature","geometry":{"type":"Point","coordinates":[88.0,-50.0]},"properties":{"wind_kt":73.0,"wind_from_deg":235.0,"temperature_c":-15.4,"relative_humidity":94.0,"turbulence_score":0.158,"icing_score":0.494,"convection_score":0.306}},{"type":"Feature","geometry":{"type":"Point","coordinates":[92.0,-50.0]},"properties":{"wind_kt":95.9,"wind_from_deg":220.0,"temperature_c":-14.8,"relative_humidity":89.0,"turbulence_score":0.392,"icing_score":0.431,"convection_score":0.004}},{"type":"Feature","geometry":{"type":"Point","coordinates":[96.0,-50.0]},"properties":{"wind_kt":90.6,"wind_from_deg":215.0,"temperature_c":-18.7,"relative_humidity":90.0,"turbulence_score":0.468,"icing_score":0.286,"convection_score":0.296}},{"type":"Feature","geometry":{"type":"Point","coordinates":[100.0,-50.0]},"properties":{"wind_kt":84.7,"wind_from_deg":206.0,"temperature_c":-25.3,"relative_humidity":6.0,"turbulence_score":0.387,"icing_score":0.0,"convection_score":0.288}},{"type":"Feature","geometry":{"type":"Point","coordinates":[104.0,-50.0]},"properties":{"wind_kt":55.3,"wind_from_deg":211.0,"temperature_c":-31.4,"relative_humidity":17.0,"turbulence_score":0.127,"icing_score":0.0,"convection_score":0.309}},{"type":"Feature","geometry":{"type":"Point","coordinates":[108.0,-50.0]},"properties":{"wind_kt":31.6,"wind_from_deg":227.0,"temperature_c":-31.7,"relative_humidity":67.0,"turbulence_score":0.0,"icing_score":0.0,"convection_score":0.087}},{"type":"Feature","geometry":{"type":"Point","coordinates":[112.0,-50.0]},"properties":{"wind_kt":39.7,"wind_from_deg":323.0,"temperature_c":-33.7,"relative_humidity":98.0,"turbulence_score":0.042,"icing_score":0.0,"convection_score":0.305}},{"type":"Feature","geometry":{"type":"Point","coordinates":[116.0,-50.0]},"properties":{"wind_kt":38.6,"wind_from_deg":303.0,"temperature_c":-32.1,"relative_humidity":100.0,"turbulence_score":0.019,"icing_score":0.0,"convection_score":0.216}},{"type":"Feature","geometry":{"type":"Point","coordinates":[120.0,-50.0]},"properties":{"wind_kt":32.9,"wind_from_deg":298.0,"temperature_c":-31.4,"relative_humidity":50.0,"turbulence_score":0.025,"icing_score":0.0,"convection_score":0.01}},{"type":"Feature","geometry":{"type":"Point","coordinates":[124.0,-50.0]},"properties":{"wind_kt":40.1,"wind_from_deg":316.0,"temperature_c":-30.4,"relative_humidity":2.0,"turbulence_score":0.093,"icing_score":0.0,"convection_score":0.028}},{"type":"Feature","geometry":{"type":"Point","coordinates":[128.0,-50.0]},"properties":{"wind_kt":73.6,"wind_from_deg":322.0,"temperature_c":-24.7,"relative_humidity":100.0,"turbulence_score":0.368,"icing_score":0.072,"convection_score":0.304}},{"type":"Feature","geometry":{"type":"Point","coordinates":[132.0,-50.0]},"properties":{"wind_kt":78.8,"wind_from_deg":311.0,"temperature_c":-22.1,"relative_humidity":100.0,"turbulence_score":0.29,"icing_score":0.215,"convection_score":0.3}},{"type":"Feature","geometry":{"type":"Point","coordinates":[136.0,-50.0]},"properties":{"wind_kt":77.1,"wind_from_deg":309.0,"temperature_c":-21.2,"relative_humidity":98.0,"turbulence_score":0.264,"icing_score":0.253,"convection_score":0.085}},{"type":"Feature","geometry":{"type":"Point","coordinates":[140.0,-50.0]},"properties":{"wind_kt":68.3,"wind_from_deg":307.0,"temperature_c":-19.0,"relative_humidity":18.0,"turbulence_score":0.196,"icing_score":0.0,"convection_score":0.015}},{"type":"Feature","geometry":{"type":"Point","coordinates":[144.0,-50.0]},"properties":{"wind_kt":59.7,"wind_from_deg":301.0,"temperature_c":-19.3,"relative_humidity":91.0,"turbulence_score":0.151,"icing_score":0.281,"convection_score":0.021}},{"type":"Feature","geometry":{"type":"Point","coordinates":[148.0,-50.0]},"properties":{"wind_kt":44.1,"wind_from_deg":296.0,"temperature_c":-18.8,"relative_humidity":90.0,"turbulence_score":0.04,"icing_score":0.286,"convection_score":0.277}},{"type":"Feature","geometry":{"type":"Point","coordinates":[152.0,-50.0]},"properties":{"wind_kt":38.0,"wind_from_deg":286.0,"temperature_c":-17.6,"relative_humidity":16.0,"turbulence_score":0.021,"icing_score":0.0,"convection_score":0.241}},{"type":"Feature","geometry":{"type":"Point","coordinates":[156.0,-50.0]},"properties":{"wind_kt":31.2,"wind_from_deg":285.0,"temperature_c":-16.9,"relative_humidity":12.0,"turbulence_score":0.028,"icing_score":0.0,"convection_score":0.003}},{"type":"Feature","geometry":{"type":"Point","coordinates":[160.0,-50.0]},"properties":{"wind_kt":17.0,"wind_from_deg":279.0,"temperature_c":-16.9,"relative_humidity":13.0,"turbulence_score":0.0,"icing_score":0.0,"convection_score":0.0}},{"type":"Feature","geometry":{"type":"Point","coordinates":[164.0,-50.0]},"properties":{"wind_kt":12.7,"wind_from_deg":266.0,"temperature_c":-17.9,"relative_humidity":31.0,"turbulence_score":0.0,"icing_score":0.0,"convection_score":0.0}},{"type":"Feature","geometry":{"type":"Point","coordinates":[168.0,-50.0]},"properties":{"wind_kt":16.4,"wind_from_deg":261.0,"temperature_c":-18.6,"relative_humidity":19.0,"turbulence_score":0.0,"icing_score":0.0,"convection_score":0.0}},{"type":"Feature","geometry":{"type":"Point","coordinates":[172.0,-50.0]},"properties":{"wind_kt":21.6,"wind_from_deg":267.0,"temperature_c":-18.9,"relative_humidity":9.0,"turbulence_score":0.0,"icing_score":0.0,"convection_score":0.0}},{"type":"Feature","geometry":{"type":"Point","coordinates":[176.0,-50.0]},"properties":{"wind_kt":29.8,"wind_from_deg":254.0,"temperature_c":-19.1,"relative_humidity":10.0,"turbulence_score":0.006,"icing_score":0.0,"convection_score":0.0}},{"type":"Feature","geometry":{"type":"Point","coordinates":[180.0,-50.0]},"properties":{"wind_kt":33.9,"wind_from_deg":229.0,"temperature_c":-19.8,"relative_humidity":8.0,"turbulence_score":0.005,"icing_score":0.0,"convection_score":0.0}},{"type":"Feature","geometry":{"type":"Point","coordinates":[184.0,-50.0]},"properties":{"wind_kt":49.7,"wind_from_deg":210.0,"temperature_c":-21.8,"relative_humidity":8.0,"turbulence_score":0.095,"icing_score":0.0,"convection_score":0.0}},{"type":"Feature","geometry":{"type":"Point","coordinates":[188.0,-50.0]},"properties":{"wind_kt":63.4,"wind_from_deg":271.0,"temperature_c":-22.2,"relative_humidity":1.0,"turbulence_score":0.29,"icing_score":0.0,"convection_score":0.305}},{"type":"Feature","geometry":{"type":"Point","coordinates":[192.0,-50.0]},"properties":{"wind_kt":65.4,"wind_from_deg":290.0,"temperature_c":-21.7,"relative_humidity":63.0,"turbulence_score":0.209,"icing_score":0.0,"convection_score":0.304}},{"type":"Feature","geometry":{"type":"Point","coordinates":[196.0,-50.0]},"properties":{"wind_kt":55.4,"wind_from_deg":275.0,"temperature_c":-21.1,"relative_humidity":58.0,"turbulence_score":0.143,"icing_score":0.0,"convection_score":0.01}},{"type":"Feature","geometry":{"type":"Point","coordinates":[200.0,-50.0]},"properties":{"wind_kt":47.2,"wind_from_deg":257.0,"temperature_c":-21.5,"relative_humidity":74.0,"turbulence_score":0.149,"icing_score":0.063,"convection_score":0.0}},{"type":"Feature","geometry":{"type":"Point","coordinates":[204.0,-50.0]},"properties":{"wind_kt":33.9,"wind_from_deg":250.0,"temperature_c":-19.8,"relative_humidity":100.0,"turbulence_score":0.018,"icing_score":0.344,"convection_score":0.002}},{"type":"Feature","geometry":{"type":"Point","coordinates":[208.0,-50.0]},"properties":{"wind_kt":35.6,"wind_from_deg":232.0,"temperature_c":-19.4,"relative_humidity":43.0,"turbulence_score":0.002,"icing_score":0.0,"convection_score":0.118}},{"type":"Feature","geometry":{"type":"Point","coordinates":[212.0,-50.0]},"properties":{"wind_kt":42.9,"wind_from_deg":228.0,"temperature_c":-19.9,"relative_humidity":44.0,"turbulence_score":0.041,"icing_score":0.0,"convection_score":0.159}},{"type":"Feature","geometry":{"type":"Point","coordinates":[216.0,-50.0]},"properties":{"wind_kt":45.9,"wind_from_deg":223.0,"temperature_c":-22.2,"relative_humidity":56.0,"turbulence_score":0.092,"icing_score":0.0,"convection_score":0.227}},{"type":"Feature","geometry":{"type":"Point","coordinates":[220.0,-50.0]},"properties":{"wind_kt":60.7,"wind_from_deg":215.0,"temperature_c":-23.4,"relative_humidity":34.0,"turbulence_score":0.152,"icing_score":0.0,"convection_score":0.293}},{"type":"Feature","geometry":{"type":"Point","coordinates":[224.0,-50.0]},"properties":{"wind_kt":83.4,"wind_from_deg":204.0,"temperature_c":-25.7,"relative_humidity":13.0,"turbulence_score":0.458,"icing_score":0.0,"convection_score":0.026}},{"type":"Feature","geometry":{"type":"Point","coordinates":[228.0,-50.0]},"properties":{"wind_kt":50.4,"wind_from_deg":214.0,"temperature_c":-33.4,"relative_humidity":40.0,"turbulence_score":0.139,"icing_score":0.0,"convection_score":0.321}},{"type":"Feature","geometry":{"type":"Point","coordinates":[232.0,-50.0]},"properties":{"wind_kt":41.9,"wind_from_deg":247.0,"temperature_c":-37.1,"relative_humidity":64.0,"turbulence_score":0.083,"icing_score":0.0,"convection_score":0.089}},{"type":"Feature","geometry":{"type":"Point","coordinates":[236.0,-50.0]},"properties":{"wind_kt":33.3,"wind_from_deg":268.0,"temperature_c":-36.8,"relative_humidity":27.0,"turbulence_score":0.006,"icing_score":0.0,"convection_score":0.051}},{"type":"Feature","geometry":{"type":"Point","coordinates":[240.0,-50.0]},"properties":{"wind_kt":69.3,"wind_from_deg":306.0,"temperature_c":-31.1,"relative_humidity":6.0,"turbulence_score":0.327,"icing_score":0.0,"convection_score":0.032}},{"type":"Feature","geometry":{"type":"Point","coordinates":[244.0,-50.0]},"properties":{"wind_kt":80.0,"wind_from_deg":313.0,"temperature_c":-27.3,"relative_humidity":94.0,"turbulence_score":0.259,"icing_score":0.0,"convection_score":0.021}},{"type":"Feature","geometry":{"type":"Point","coordinates":[248.0,-50.0]},"properties":{"wind_kt":67.8,"wind_from_deg":319.0,"temperature_c":-26.8,"relative_humidity":31.0,"turbulence_score":0.199,"icing_score":0.0,"convection_score":0.192}},{"type":"Feature","geometry":{"type":"Point","coordinates":[252.0,-50.0]},"properties":{"wind_kt":86.6,"wind_from_deg":313.0,"temperature_c":-24.5,"relative_humidity":91.0,"turbulence_score":0.32,"icing_score":0.063,"convection_score":0.027}},{"type":"Feature","geometry":{"type":"Point","coordinates":[256.0,-50.0]},"properties":{"wind_kt":60.3,"wind_from_deg":313.0,"temperature_c":-24.2,"relative_humidity":100.0,"turbulence_score":0.125,"icing_score":0.098,"convection_score":0.3}},{"type":"Feature","geometry":{"type":"Point","coordinates":[260.0,-50.0]},"properties":{"wind_kt":51.1,"wind_from_deg":302.0,"temperature_c":-24.8,"relative_humidity":97.0,"turbulence_score":0.107,"icing_score":0.061,"convection_score":0.0}},{"type":"Feature","geometry":{"type":"Point","coordinates":[264.0,-50.0]},"properties":{"wind_kt":42.8,"wind_from_deg":302.0,"temperature_c":-23.5,"relative_humidity":45.0,"turbulence_score":0.084,"icing_score":0.0,"convection_score":0.0}},{"type":"Feature","geometry":{"type":"Point","coordinates":[268.0,-50.0]},"properties":{"wind_kt":33.1,"wind_from_deg":290.0,"temperature_c":-22.6,"relative_humidity":13.0,"turbulence_score":0.065,"icing_score":0.0,"convection_score":0.0}},{"type":"Feature","geometry":{"type":"Point","coordinates":[272.0,-50.0]},"properties":{"wind_kt":23.6,"wind_from_deg":284.0,"temperature_c":-22.5,"relative_humidity":28.0,"turbulence_score":0.0,"icing_score":0.0,"convection_score":0.0}},{"type":"Feature","geometry":{"type":"Point","coordinates":[276.0,-50.0]},"properties":{"wind_kt":12.3,"wind_from_deg":270.0,"temperature_c":-22.9,"relative_humidity":67.0,"turbulence_score":0.0,"icing_score":0.009,"convection_score":0.0}},{"type":"Feature","geometry":{"type":"Point","coordinates":[280.0,-50.0]},"properties":{"wind_kt":9.4,"wind_from_deg":200.0,"temperature_c":-21.8,"relative_humidity":40.0,"turbulence_score":0.0,"icing_score":0.0,"convection_score":0.0}},{"type":"Feature","geometry":{"type":"Point","coordinates":[284.0,-50.0]},"properties":{"wind_kt":16.1,"wind_from_deg":151.0,"temperature_c":-21.9,"relative_humidity":14.0,"turbulence_score":0.002,"icing_score":0.0,"convection_score":0.0}},{"type":"Feature","geometry":{"type":"Point","coordinates":[288.0,-50.0]},"properties":{"wind_kt":12.0,"wind_from_deg":256.0,"temperature_c":-23.8,"relative_humidity":55.0,"turbulence_score":0.0,"icing_score":0.0,"convection_score":0.007}},{"type":"Feature","geometry":{"type":"Point","coordinates":[292.0,-50.0]},"properties":{"wind_kt":22.9,"wind_from_deg":260.0,"temperature_c":-24.1,"relative_humidity":41.0,"turbulence_score":0.033,"icing_score":0.0,"convection_score":0.0}},{"type":"Feature","geometry":{"type":"Point","coordinates":[296.0,-50.0]},"properties":{"wind_kt":34.6,"wind_from_deg":249.0,"temperature_c":-24.4,"relative_humidity":89.0,"turbulence_score":0.074,"icing_score":0.063,"convection_score":0.0}},{"type":"Feature","geometry":{"type":"Point","coordinates":[300.0,-50.0]},"properties":{"wind_kt":30.6,"wind_from_deg":231.0,"temperature_c":-24.7,"relative_humidity":64.0,"turbulence_score":0.043,"icing_score":0.0,"convection_score":0.0}},{"type":"Feature","geometry":{"type":"Point","coordinates":[304.0,-50.0]},"properties":{"wind_kt":40.2,"wind_from_deg":219.0,"temperature_c":-26.0,"relative_humidity":14.0,"turbulence_score":0.16,"icing_score":0.0,"convection_score":0.175}},{"type":"Feature","geometry":{"type":"Point","coordinates":[308.0,-50.0]},"properties":{"wind_kt":16.0,"wind_from_deg":265.0,"temperature_c":-29.4,"relative_humidity":31.0,"turbulence_score":0.0,"icing_score":0.0,"convection_score":0.267}},{"type":"Feature","geometry":{"type":"Point","coordinates":[312.0,-50.0]},"properties":{"wind_kt":15.9,"wind_from_deg":233.0,"temperature_c":-29.8,"relative_humidity":77.0,"turbulence_score":0.0,"icing_score":0.0,"convection_score":0.015}},{"type":"Feature","geometry":{"type":"Point","coordinates":[316.0,-50.0]},"properties":{"wind_kt":9.3,"wind_from_deg":238.0,"temperature_c":-29.5,"relative_humidity":45.0,"turbulence_score":0.0,"icing_score":0.0,"convection_score":0.0}},{"type":"Feature","geometry":{"type":"Point","coordinates":[320.0,-50.0]},"properties":{"wind_kt":8.9,"wind_from_deg":210.0,"temperature_c":-29.3,"relative_humidity":37.0,"turbulence_score":0.0,"icing_score":0.0,"convection_score":0.284}},{"type":"Feature","geometry":{"type":"Point","coordinates":[324.0,-50.0]},"properties":{"wind_kt":2.6,"wind_from_deg":177.0,"temperature_c":-28.5,"relative_humidity":24.0,"turbulence_score":0.0,"icing_score":0.0,"convection_score":0.015}},{"type":"Feature","geometry":{"type":"Point","coordinates":[328.0,-50.0]},"properties":{"wind_kt":13.3,"wind_from_deg":211.0,"temperature_c":-28.2,"relative_humidity":64.0,"turbulence_score":0.0,"icing_score":0.0,"convection_score":0.015}},{"type":"Feature","geometry":{"type":"Point","coordinates":[332.0,-50.0]},"properties":{"wind_kt":25.8,"wind_from_deg":213.0,"temperature_c":-27.9,"relative_humidity":10.0,"turbulence_score":0.0,"icing_score":0.0,"convection_score":0.254}},{"type":"Feature","geometry":{"type":"Point","coordinates":[336.0,-50.0]},"properties":{"wind_kt":34.9,"wind_from_deg":223.0,"temperature_c":-27.9,"relative_humidity":10.0,"turbulence_score":0.022,"icing_score":0.0,"convection_score":0.003}},{"type":"Feature","geometry":{"type":"Point","coordinates":[340.0,-50.0]},"properties":{"wind_kt":43.3,"wind_from_deg":234.0,"temperature_c":-27.9,"relative_humidity":10.0,"turbulence_score":0.047,"icing_score":0.0,"convection_score":0.002}},{"type":"Feature","geometry":{"type":"Point","coordinates":[344.0,-50.0]},"properties":{"wind_kt":47.3,"wind_from_deg":240.0,"temperature_c":-29.2,"relative_humidity":12.0,"turbulence_score":0.049,"icing_score":0.0,"convection_score":0.003}},{"type":"Feature","geometry":{"type":"Point","coordinates":[348.0,-50.0]},"properties":{"wind_kt":47.5,"wind_from_deg":245.0,"temperature_c":-30.5,"relative_humidity":21.0,"turbulence_score":0.04,"icing_score":0.0,"convection_score":0.039}},{"type":"Feature","geometry":{"type":"Point","coordinates":[352.0,-50.0]},"properties":{"wind_kt":42.7,"wind_from_deg":256.0,"temperature_c":-30.9,"relative_humidity":12.0,"turbulence_score":0.036,"icing_score":0.0,"convection_score":0.191}},{"type":"Feature","geometry":{"type":"Point","coordinates":[356.0,-50.0]},"properties":{"wind_kt":50.0,"wind_from_deg":271.0,"temperature_c":-31.3,"relative_humidity":84.0,"turbulence_score":0.082,"icing_score":0.0,"convection_score":0.068}},{"type":"Feature","geometry":{"type":"Point","coordinates":[0.0,-54.0]},"properties":{"wind_kt":56.0,"wind_from_deg":289.0,"temperature_c":-32.4,"relative_humidity":28.0,"turbulence_score":0.124,"icing_score":0.0,"convection_score":0.048}},{"type":"Feature","geometry":{"type":"Point","coordinates":[4.0,-54.0]},"properties":{"wind_kt":40.3,"wind_from_deg":297.0,"temperature_c":-31.9,"relative_humidity":31.0,"turbulence_score":0.039,"icing_score":0.0,"convection_score":0.034}},{"type":"Feature","geometry":{"type":"Point","coordinates":[8.0,-54.0]},"properties":{"wind_kt":49.4,"wind_from_deg":305.0,"temperature_c":-32.4,"relative_humidity":70.0,"turbulence_score":0.126,"icing_score":0.0,"convection_score":0.022}},{"type":"Feature","geometry":{"type":"Point","coordinates":[12.0,-54.0]},"properties":{"wind_kt":55.9,"wind_from_deg":301.0,"temperature_c":-31.6,"relative_humidity":29.0,"turbulence_score":0.197,"icing_score":0.0,"convection_score":0.013}},{"type":"Feature","geometry":{"type":"Point","coordinates":[16.0,-54.0]},"properties":{"wind_kt":58.5,"wind_from_deg":288.0,"temperature_c":-31.8,"relative_humidity":30.0,"turbulence_score":0.18,"icing_score":0.0,"convection_score":0.003}},{"type":"Feature","geometry":{"type":"Point","coordinates":[20.0,-54.0]},"properties":{"wind_kt":60.5,"wind_from_deg":279.0,"temperature_c":-32.3,"relative_humidity":40.0,"turbulence_score":0.192,"icing_score":0.0,"convection_score":0.012}},{"type":"Feature","geometry":{"type":"Point","coordinates":[24.0,-54.0]},"properties":{"wind_kt":60.3,"wind_from_deg":270.0,"temperature_c":-33.2,"relative_humidity":44.0,"turbulence_score":0.188,"icing_score":0.0,"convection_score":0.012}},{"type":"Feature","geometry":{"type":"Point","coordinates":[28.0,-54.0]},"properties":{"wind_kt":64.9,"wind_from_deg":260.0,"temperature_c":-33.3,"relative_humidity":14.0,"turbulence_score":0.208,"icing_score":0.0,"convection_score":0.033}},{"type":"Feature","geometry":{"type":"Point","coordinates":[32.0,-54.0]},"properties":{"wind_kt":70.2,"wind_from_deg":269.0,"temperature_c":-33.3,"relative_humidity":1.0,"turbulence_score":0.242,"icing_score":0.0,"convection_score":0.05}},{"type":"Feature","geometry":{"type":"Point","coordinates":[36.0,-54.0]},"properties":{"wind_kt":70.3,"wind_from_deg":288.0,"temperature_c":-33.9,"relative_humidity":5.0,"turbulence_score":0.199,"icing_score":0.0,"convection_score":0.017}},{"type":"Feature","geometry":{"type":"Point","coordinates":[40.0,-54.0]},"properties":{"wind_kt":70.3,"wind_from_deg":286.0,"temperature_c":-32.9,"relative_humidity":9.0,"turbulence_score":0.189,"icing_score":0.0,"convection_score":0.015}},{"type":"Feature","geometry":{"type":"Point","coordinates":[44.0,-54.0]},"properties":{"wind_kt":99.1,"wind_from_deg":292.0,"temperature_c":-27.5,"relative_humidity":1.0,"turbulence_score":0.5,"icing_score":0.0,"convection_score":0.002}},{"type":"Feature","geometry":{"type":"Point","coordinates":[48.0,-54.0]},"properties":{"wind_kt":104.2,"wind_from_deg":292.0,"temperature_c":-23.7,"relative_humidity":36.0,"turbulence_score":0.499,"icing_score":0.0,"convection_score":0.015}},{"type":"Feature","geometry":{"type":"Point","coordinates":[52.0,-54.0]},"properties":{"wind_kt":102.4,"wind_from_deg":289.0,"temperature_c":-21.0,"relative_humidity":26.0,"turbulence_score":0.487,"icing_score":0.0,"convection_score":0.0}},{"type":"Feature","geometry":{"type":"Point","coordinates":[56.0,-54.0]},"properties":{"wind_kt":98.4,"wind_from_deg":284.0,"temperature_c":-19.3,"relative_humidity":7.0,"turbulence_score":0.431,"icing_score":0.0,"convection_score":0.0}},{"type":"Feature","geometry":{"type":"Point","coordinates":[60.0,-54.0]},"properties":{"wind_kt":101.0,"wind_from_deg":283.0,"temperature_c":-18.5,"relative_humidity":29.0,"turbulence_score":0.472,"icing_score":0.0,"convection_score":0.015}},{"type":"Feature","geometry":{"type":"Point","coordinates":[64.0,-54.0]},"properties":{"wind_kt":110.7,"wind_from_deg":282.0,"temperature_c":-16.3,"relative_humidity":92.0,"turbulence_score":0.489,"icing_score":0.409,"convection_score":0.3}},{"type":"Feature","geometry":{"type":"Point","coordinates":[68.0,-54.0]},"properties":{"wind_kt":104.8,"wind_from_deg":278.0,"temperature_c":-15.7,"relative_humidity":84.0,"turbulence_score":0.228,"icing_score":0.312,"convection_score":0.215}},{"type":"Feature","geometry":{"type":"Point","coordinates":[72.0,-54.0]},"properties":{"wind_kt":102.3,"wind_from_deg":266.0,"temperature_c":-16.3,"relative_humidity":95.0,"turbulence_score":0.23,"icing_score":0.468,"convection_score":0.299}},{"type":"Feature","geometry":{"type":"Point","coordinates":[76.0,-54.0]},"properties":{"wind_kt":103.6,"wind_from_deg":261.0,"temperature_c":-16.7,"relative_humidity":21.0,"turbulence_score":0.285,"icing_score":0.0,"convection_score":0.287}},{"type":"Feature","geometry":{"type":"Point","coordinates":[80.0,-54.0]},"properties":{"wind_kt":87.6,"wind_from_deg":250.0,"temperature_c":-16.5,"relative_humidity":94.0,"turbulence_score":0.21,"icing_score":0.429,"convection_score":0.3}},{"type":"Feature","geometry":{"type":"Point","coordinates":[84.0,-54.0]},"properties":{"wind_kt":87.0,"wind_from_deg":241.0,"temperature_c":-15.6,"relative_humidity":90.0,"turbulence_score":0.187,"icing_score":0.41,"convection_score":0.3}},{"type":"Feature","geometry":{"type":"Point","coordinates":[88.0,-54.0]},"properties":{"wind_kt":96.3,"wind_from_deg":235.0,"temperature_c":-15.3,"relative_humidity":97.0,"turbulence_score":0.323,"icing_score":0.547,"convection_score":0.304}},{"type":"Feature","geometry":{"type":"Point","coordinates":[92.0,-54.0]},"properties":{"wind_kt":88.9,"wind_from_deg":228.0,"temperature_c":-17.6,"relative_humidity":99.0,"turbulence_score":0.465,"icing_score":0.452,"convection_score":0.285}},{"type":"Feature","geometry":{"type":"Point","coordinates":[96.0,-54.0]},"properties":{"wind_kt":73.6,"wind_from_deg":228.0,"temperature_c":-24.0,"relative_humidity":97.0,"turbulence_score":0.308,"icing_score":0.098,"convection_score":0.305}},{"type":"Feature","geometry":{"type":"Point","coordinates":[100.0,-54.0]},"properties":{"wind_kt":68.8,"wind_from_deg":217.0,"temperature_c":-28.8,"relative_humidity":6.0,"turbulence_score":0.262,"icing_score":0.0,"convection_score":0.159}},{"type":"Feature","geometry":{"type":"Point","coordinates":[104.0,-54.0]},"properties":{"wind_kt":48.3,"wind_from_deg":228.0,"temperature_c":-31.5,"relative_humidity":14.0,"turbulence_score":0.114,"icing_score":0.0,"convection_score":0.019}},{"type":"Feature","geometry":{"type":"Point","coordinates":[108.0,-54.0]},"properties":{"wind_kt":26.9,"wind_from_deg":260.0,"temperature_c":-33.0,"relative_humidity":54.0,"turbulence_score":0.056,"icing_score":0.0,"convection_score":0.291}},{"type":"Feature","geometry":{"type":"Point","coordinates":[112.0,-54.0]},"properties":{"wind_kt":21.6,"wind_from_deg":298.0,"temperature_c":-34.0,"relative_humidity":100.0,"turbulence_score":0.0,"icing_score":0.0,"convection_score":0.036}},{"type":"Feature","geometry":{"type":"Point","coordinates":[116.0,-54.0]},"properties":{"wind_kt":32.1,"wind_from_deg":306.0,"temperature_c":-33.1,"relative_humidity":100.0,"turbulence_score":0.036,"icing_score":0.0,"convection_score":0.138}},{"type":"Feature","geometry":{"type":"Point","coordinates":[120.0,-54.0]},"properties":{"wind_kt":43.4,"wind_from_deg":305.0,"temperature_c":-31.9,"relative_humidity":62.0,"turbulence_score":0.069,"icing_score":0.0,"convection_score":0.083}},{"type":"Feature","geometry":{"type":"Point","coordinates":[124.0,-54.0]},"properties":{"wind_kt":44.8,"wind_from_deg":304.0,"temperature_c":-31.3,"relative_humidity":43.0,"turbulence_score":0.036,"icing_score":0.0,"convection_score":0.025}},{"type":"Feature","geometry":{"type":"Point","coordinates":[128.0,-54.0]},"properties":{"wind_kt":38.3,"wind_from_deg":303.0,"temperature_c":-30.6,"relative_humidity":32.0,"turbulence_score":0.078,"icing_score":0.0,"convection_score":0.016}},{"type":"Feature","geometry":{"type":"Point","coordinates":[132.0,-54.0]},"properties":{"wind_kt":89.3,"wind_from_deg":312.0,"temperature_c":-27.0,"relative_humidity":100.0,"turbulence_score":0.502,"icing_score":0.0,"convection_score":0.016}},{"type":"Feature","geometry":{"type":"Point","coordinates":[136.0,-54.0]},"properties":{"wind_kt":73.9,"wind_from_deg":311.0,"temperature_c":-24.3,"relative_humidity":98.0,"turbulence_score":0.222,"icing_score":0.088,"convection_score":0.302}},{"type":"Feature","geometry":{"type":"Point","coordinates":[140.0,-54.0]},"properties":{"wind_kt":75.7,"wind_from_deg":305.0,"temperature_c":-22.5,"relative_humidity":98.0,"turbulence_score":0.241,"icing_score":0.184,"convection_score":0.228}},{"type":"Feature","geometry":{"type":"Point","coordinates":[144.0,-54.0]},"properties":{"wind_kt":78.4,"wind_from_deg":302.0,"temperature_c":-21.2,"relative_humidity":98.0,"turbulence_score":0.289,"icing_score":0.249,"convection_score":0.125}},{"type":"Feature","geometry":{"type":"Point","coordinates":[148.0,-54.0]},"properties":{"wind_kt":65.5,"wind_from_deg":296.0,"temperature_c":-20.6,"relative_humidity":100.0,"turbulence_score":0.161,"icing_score":0.299,"convection_score":0.017}},{"type":"Feature","geometry":{"type":"Point","coordinates":[152.0,-54.0]},"properties":{"wind_kt":61.0,"wind_from_deg":291.0,"temperature_c":-20.2,"relative_humidity":100.0,"turbulence_score":0.15,"icing_score":0.323,"convection_score":0.02}},{"type":"Feature","geometry":{"type":"Point","coordinates":[156.0,-54.0]},"properties":{"wind_kt":56.3,"wind_from_deg":291.0,"temperature_c":-19.3,"relative_humidity":31.0,"turbulence_score":0.099,"icing_score":0.0,"convection_score":0.237}},{"type":"Feature","geometry":{"type":"Point","coordinates":[160.0,-54.0]},"properties":{"wind_kt":49.0,"wind_from_deg":280.0,"temperature_c":-19.2,"relative_humidity":34.0,"turbulence_score":0.056,"icing_score":0.0,"convection_score":0.017}},{"type":"Feature","geometry":{"type":"Point","coordinates":[164.0,-54.0]},"properties":{"wind_kt":49.1,"wind_from_deg":264.0,"temperature_c":-18.6,"relative_humidity":23.0,"turbulence_score":0.093,"icing_score":0.0,"convection_score":0.01}},{"type":"Feature","geometry":{"type":"Point","coordinates":[168.0,-54.0]},"properties":{"wind_kt":48.0,"wind_from_deg":257.0,"temperature_c":-18.9,"relative_humidity":16.0,"turbulence_score":0.095,"icing_score":0.0,"convection_score":0.006}},{"type":"Feature","geometry":{"type":"Point","coordinates":[172.0,-54.0]},"properties":{"wind_kt":46.5,"wind_from_deg":253.0,"temperature_c":-19.7,"relative_humidity":21.0,"turbulence_score":0.083,"icing_score":0.0,"convection_score":0.005}},{"type":"Feature","geometry":{"type":"Point","coordinates":[176.0,-54.0]},"properties":{"wind_kt":48.7,"wind_from_deg":239.0,"temperature_c":-20.6,"relative_humidity":57.0,"turbulence_score":0.082,"icing_score":0.0,"convection_score":0.002}},{"type":"Feature","geometry":{"type":"Point","coordinates":[180.0,-54.0]},"properties":{"wind_kt":54.8,"wind_from_deg":238.0,"temperature_c":-21.0,"relative_humidity":42.0,"turbulence_score":0.105,"icing_score":0.0,"convection_score":0.007}},{"type":"Feature","geometry":{"type":"Point","coordinates":[184.0,-54.0]},"properties":{"wind_kt":58.2,"wind_from_deg":230.0,"temperature_c":-22.9,"relative_humidity":34.0,"turbulence_score":0.12,"icing_score":0.0,"convection_score":0.256}},{"type":"Feature","geometry":{"type":"Point","coordinates":[188.0,-54.0]},"properties":{"wind_kt":59.2,"wind_from_deg":228.0,"temperature_c":-24.6,"relative_humidity":41.0,"turbulence_score":0.159,"icing_score":0.0,"convection_score":0.032}},{"type":"Feature","geometry":{"type":"Point","coordinates":[192.0,-54.0]},"properties":{"wind_kt":48.9,"wind_from_deg":241.0,"temperature_c":-26.7,"relative_humidity":8.0,"turbulence_score":0.087,"icing_score":0.0,"convection_score":0.006}},{"type":"Feature","geometry":{"type":"Point","coordinates":[196.0,-54.0]},"properties":{"wind_kt":62.3,"wind_from_deg":281.0,"temperature_c":-23.3,"relative_humidity":100.0,"turbulence_score":0.114,"icing_score":0.15,"convection_score":0.305}},{"type":"Feature","geometry":{"type":"Point","coordinates":[200.0,-54.0]},"properties":{"wind_kt":76.4,"wind_from_deg":276.0,"temperature_c":-23.3,"relative_humidity":100.0,"turbulence_score":0.264,"icing_score":0.148,"convection_score":0.001}},{"type":"Feature","geometry":{"type":"Point","coordinates":[204.0,-54.0]},"properties":{"wind_kt":53.8,"wind_from_deg":259.0,"temperature_c":-22.3,"relative_humidity":100.0,"turbulence_score":0.143,"icing_score":0.207,"convection_score":0.0}},{"type":"Feature","geometry":{"type":"Point","coordinates":[208.0,-54.0]},"properties":{"wind_kt":44.2,"wind_from_deg":253.0,"temperature_c":-21.3,"relative_humidity":100.0,"turbulence_score":0.059,"icing_score":0.262,"convection_score":0.091}},{"type":"Feature","geometry":{"type":"Point","coordinates":[212.0,-54.0]},"properties":{"wind_kt":49.4,"wind_from_deg":232.0,"temperature_c":-21.6,"relative_humidity":86.0,"turbulence_score":0.137,"icing_score":0.148,"convection_score":0.3}},{"type":"Feature","geometry":{"type":"Point","coordinates":[216.0,-54.0]},"properties":{"wind_kt":48.9,"wind_from_deg":225.0,"temperature_c":-24.3,"relative_humidity":99.0,"turbulence_score":0.088,"icing_score":0.09,"convection_score":0.171}},{"type":"Feature","geometry":{"type":"Point","coordinates":[220.0,-54.0]},"properties":{"wind_kt":68.3,"wind_from_deg":212.0,"temperature_c":-25.0,"relative_humidity":73.0,"turbulence_score":0.269,"icing_score":0.012,"convection_score":0.007}},{"type":"Feature","geometry":{"type":"Point","coordinates":[224.0,-54.0]},"properties":{"wind_kt":59.5,"wind_from_deg":204.0,"temperature_c":-30.6,"relative_humidity":5.0,"turbulence_score":0.209,"icing_score":0.0,"convection_score":0.309}},{"type":"Feature","geometry":{"type":"Point","coordinates":[228.0,-54.0]},"properties":{"wind_kt":56.8,"wind_from_deg":197.0,"temperature_c":-32.9,"relative_humidity":67.0,"turbulence_score":0.118,"icing_score":0.0,"convection_score":0.313}},{"type":"Feature","geometry":{"type":"Point","coordinates":[232.0,-54.0]},"properties":{"wind_kt":47.8,"wind_from_deg":212.0,"temperature_c":-35.3,"relative_humidity":44.0,"turbulence_score":0.104,"icing_score":0.0,"convection_score":0.38}},{"type":"Feature","geometry":{"type":"Point","coordinates":[236.0,-54.0]},"properties":{"wind_kt":31.7,"wind_from_deg":288.0,"temperature_c":-37.6,"relative_humidity":60.0,"turbulence_score":0.001,"icing_score":0.0,"convection_score":0.077}},{"type":"Feature","geometry":{"type":"Point","coordinates":[240.0,-54.0]},"properties":{"wind_kt":27.9,"wind_from_deg":291.0,"temperature_c":-39.3,"relative_humidity":94.0,"turbulence_score":0.0,"icing_score":0.0,"convection_score":0.086}},{"type":"Feature","geometry":{"type":"Point","coordinates":[244.0,-54.0]},"properties":{"wind_kt":41.2,"wind_from_deg":310.0,"temperature_c":-37.6,"relative_humidity":100.0,"turbulence_score":0.075,"icing_score":0.0,"convection_score":0.339}},{"type":"Feature","geometry":{"type":"Point","coordinates":[248.0,-54.0]},"properties":{"wind_kt":88.9,"wind_from_deg":316.0,"temperature_c":-29.3,"relative_humidity":3.0,"turbulence_score":0.374,"icing_score":0.0,"convection_score":0.066}},{"type":"Feature","geometry":{"type":"Point","coordinates":[252.0,-54.0]},"properties":{"wind_kt":85.8,"wind_from_deg":313.0,"temperature_c":-27.8,"relative_humidity":100.0,"turbulence_score":0.306,"icing_score":0.0,"convection_score":0.274}},{"type":"Feature","geometry":{"type":"Point","coordinates":[256.0,-54.0]},"properties":{"wind_kt":65.6,"wind_from_deg":312.0,"temperature_c":-26.9,"relative_humidity":22.0,"turbulence_score":0.17,"icing_score":0.0,"convection_score":0.009}},{"type":"Feature","geometry":{"type":"Point","coordinates":[260.0,-54.0]},"properties":{"wind_kt":77.0,"wind_from_deg":302.0,"temperature_c":-26.0,"relative_humidity":90.0,"turbulence_score":0.268,"icing_score":0.001,"convection_score":0.3}},{"type":"Feature","geometry":{"type":"Point","coordinates":[264.0,-54.0]},"properties":{"wind_kt":69.3,"wind_from_deg":299.0,"temperature_c":-24.4,"relative_humidity":80.0,"turbulence_score":0.204,"icing_score":0.037,"convection_score":0.012}},{"type":"Feature","geometry":{"type":"Point","coordinates":[268.0,-54.0]},"properties":{"wind_kt":49.8,"wind_from_deg":300.0,"temperature_c":-23.7,"relative_humidity":60.0,"turbulence_score":0.077,"icing_score":0.0,"convection_score":0.0}},{"type":"Feature","geometry":{"type":"Point","coordinates":[272.0,-54.0]},"properties":{"wind_kt":33.0,"wind_from_deg":283.0,"temperature_c":-24.2,"relative_humidity":60.0,"turbulence_score":0.003,"icing_score":0.0,"convection_score":0.0}},{"type":"Feature","geometry":{"type":"Point","coordinates":[276.0,-54.0]},"properties":{"wind_kt":37.4,"wind_from_deg":291.0,"temperature_c":-24.0,"relative_humidity":30.0,"turbulence_score":0.044,"icing_score":0.0,"convection_score":0.0}},{"type":"Feature","geometry":{"type":"Point","coordinates":[280.0,-54.0]},"properties":{"wind_kt":33.5,"wind_from_deg":281.0,"temperature_c":-23.7,"relative_humidity":79.0,"turbulence_score":0.013,"icing_score":0.052,"convection_score":0.0}},{"type":"Feature","geometry":{"type":"Point","coordinates":[284.0,-54.0]},"properties":{"wind_kt":27.8,"wind_from_deg":256.0,"temperature_c":-23.6,"relative_humidity":72.0,"turbulence_score":0.005,"icing_score":0.026,"convection_score":0.001}},{"type":"Feature","geometry":{"type":"Point","coordinates":[288.0,-54.0]},"properties":{"wind_kt":26.8,"wind_from_deg":248.0,"temperature_c":-24.5,"relative_humidity":74.0,"turbulence_score":0.009,"icing_score":0.02,"convection_score":0.006}},{"type":"Feature","geometry":{"type":"Point","coordinates":[292.0,-54.0]},"properties":{"wind_kt":34.2,"wind_from_deg":226.0,"temperature_c":-25.8,"relative_humidity":55.0,"turbulence_score":0.134,"icing_score":0.0,"convection_score":0.0}},{"type":"Feature","geometry":{"type":"Point","coordinates":[296.0,-54.0]},"properties":{"wind_kt":39.7,"wind_from_deg":241.0,"temperature_c":-27.7,"relative_humidity":47.0,"turbulence_score":0.09,"icing_score":0.0,"convection_score":0.015}},{"type":"Feature","geometry":{"type":"Point","coordinates":[300.0,-54.0]},"properties":{"wind_kt":32.5,"wind_from_deg":257.0,"temperature_c":-27.4,"relative_humidity":100.0,"turbulence_score":0.02,"icing_score":0.0,"convection_score":0.285}},{"type":"Feature","geometry":{"type":"Point","coordinates":[304.0,-54.0]},"properties":{"wind_kt":20.5,"wind_from_deg":221.0,"temperature_c":-27.3,"relative_humidity":17.0,"turbulence_score":0.0,"icing_score":0.0,"convection_score":0.0}},{"type":"Feature","geometry":{"type":"Point","coordinates":[308.0,-54.0]},"properties":{"wind_kt":10.3,"wind_from_deg":272.0,"temperature_c":-28.6,"relative_humidity":23.0,"turbulence_score":0.0,"icing_score":0.0,"convection_score":0.138}},{"type":"Feature","geometry":{"type":"Point","coordinates":[312.0,-54.0]},"properties":{"wind_kt":6.6,"wind_from_deg":290.0,"temperature_c":-28.3,"relative_humidity":26.0,"turbulence_score":0.0,"icing_score":0.0,"convection_score":0.0}},{"type":"Feature","geometry":{"type":"Point","coordinates":[316.0,-54.0]},"properties":{"wind_kt":3.4,"wind_from_deg":261.0,"temperature_c":-27.1,"relative_humidity":52.0,"turbulence_score":0.0,"icing_score":0.0,"convection_score":0.0}},{"type":"Feature","geometry":{"type":"Point","coordinates":[320.0,-54.0]},"properties":{"wind_kt":13.6,"wind_from_deg":206.0,"temperature_c":-26.4,"relative_humidity":41.0,"turbulence_score":0.0,"icing_score":0.0,"convection_score":0.0}},{"type":"Feature","geometry":{"type":"Point","coordinates":[324.0,-54.0]},"properties":{"wind_kt":14.9,"wind_from_deg":210.0,"temperature_c":-26.5,"relative_humidity":15.0,"turbulence_score":0.0,"icing_score":0.0,"convection_score":0.0}},{"type":"Feature","geometry":{"type":"Point","coordinates":[328.0,-54.0]},"properties":{"wind_kt":22.0,"wind_from_deg":196.0,"temperature_c":-26.7,"relative_humidity":5.0,"turbulence_score":0.0,"icing_score":0.0,"convection_score":0.0}},{"type":"Feature","geometry":{"type":"Point","coordinates":[332.0,-54.0]},"properties":{"wind_kt":42.7,"wind_from_deg":195.0,"temperature_c":-27.3,"relative_humidity":9.0,"turbulence_score":0.043,"icing_score":0.0,"convection_score":0.0}},{"type":"Feature","geometry":{"type":"Point","coordinates":[336.0,-54.0]},"properties":{"wind_kt":60.3,"wind_from_deg":214.0,"temperature_c":-28.8,"relative_humidity":23.0,"turbulence_score":0.152,"icing_score":0.0,"convection_score":0.001}},{"type":"Feature","geometry":{"type":"Point","coordinates":[340.0,-54.0]},"properties":{"wind_kt":82.5,"wind_from_deg":224.0,"temperature_c":-30.2,"relative_humidity":2.0,"turbulence_score":0.261,"icing_score":0.0,"convection_score":0.31}},{"type":"Feature","geometry":{"type":"Point","coordinates":[344.0,-54.0]},"properties":{"wind_kt":57.8,"wind_from_deg":224.0,"temperature_c":-31.0,"relative_humidity":11.0,"turbulence_score":0.142,"icing_score":0.0,"convection_score":0.155}},{"type":"Feature","geometry":{"type":"Point","coordinates":[348.0,-54.0]},"properties":{"wind_kt":65.9,"wind_from_deg":246.0,"temperature_c":-34.3,"relative_humidity":3.0,"turbulence_score":0.189,"icing_score":0.0,"convection_score":0.242}},{"type":"Feature","geometry":{"type":"Point","coordinates":[352.0,-54.0]},"properties":{"wind_kt":85.5,"wind_from_deg":273.0,"temperature_c":-35.4,"relative_humidity":9.0,"turbulence_score":0.424,"icing_score":0.0,"convection_score":0.048}},{"type":"Feature","geometry":{"type":"Point","coordinates":[356.0,-54.0]},"properties":{"wind_kt":75.3,"wind_from_deg":280.0,"temperature_c":-34.1,"relative_humidity":100.0,"turbulence_score":0.285,"icing_score":0.0,"convection_score":0.037}},{"type":"Feature","geometry":{"type":"Point","coordinates":[0.0,-58.0]},"properties":{"wind_kt":44.8,"wind_from_deg":306.0,"temperature_c":-38.7,"relative_humidity":25.0,"turbulence_score":0.132,"icing_score":0.0,"convection_score":0.302}},{"type":"Feature","geometry":{"type":"Point","coordinates":[4.0,-58.0]},"properties":{"wind_kt":63.6,"wind_from_deg":310.0,"temperature_c":-35.6,"relative_humidity":13.0,"turbulence_score":0.231,"icing_score":0.0,"convection_score":0.159}},{"type":"Feature","geometry":{"type":"Point","coordinates":[8.0,-58.0]},"properties":{"wind_kt":55.3,"wind_from_deg":306.0,"temperature_c":-34.6,"relative_humidity":84.0,"turbulence_score":0.143,"icing_score":0.0,"convection_score":0.295}},{"type":"Feature","geometry":{"type":"Point","coordinates":[12.0,-58.0]},"properties":{"wind_kt":45.7,"wind_from_deg":296.0,"temperature_c":-34.5,"relative_humidity":98.0,"turbulence_score":0.076,"icing_score":0.0,"convection_score":0.024}},{"type":"Feature","geometry":{"type":"Point","coordinates":[16.0,-58.0]},"properties":{"wind_kt":43.2,"wind_from_deg":288.0,"temperature_c":-35.1,"relative_humidity":86.0,"turbulence_score":0.062,"icing_score":0.0,"convection_score":0.019}},{"type":"Feature","geometry":{"type":"Point","coordinates":[20.0,-58.0]},"properties":{"wind_kt":49.5,"wind_from_deg":278.0,"temperature_c":-35.4,"relative_humidity":91.0,"turbulence_score":0.098,"icing_score":0.0,"convection_score":0.02}},{"type":"Feature","geometry":{"type":"Point","coordinates":[24.0,-58.0]},"properties":{"wind_kt":58.6,"wind_from_deg":254.0,"temperature_c":-35.5,"relative_humidity":20.0,"turbulence_score":0.177,"icing_score":0.0,"convection_score":0.032}},{"type":"Feature","geometry":{"type":"Point","coordinates":[28.0,-58.0]},"properties":{"wind_kt":35.8,"wind_from_deg":286.0,"temperature_c":-37.8,"relative_humidity":68.0,"turbulence_score":0.017,"icing_score":0.0,"convection_score":0.308}},{"type":"Feature","geometry":{"type":"Point","coordinates":[32.0,-58.0]},"properties":{"wind_kt":39.8,"wind_from_deg":284.0,"temperature_c":-35.4,"relative_humidity":100.0,"turbulence_score":0.049,"icing_score":0.0,"convection_score":0.313}},{"type":"Feature","geometry":{"type":"Point","coordinates":[36.0,-58.0]},"properties":{"wind_kt":42.6,"wind_from_deg":288.0,"temperature_c":-33.2,"relative_humidity":100.0,"turbulence_score":0.033,"icing_score":0.0,"convection_score":0.325}},{"type":"Feature","geometry":{"type":"Point","coordinates":[40.0,-58.0]},"properties":{"wind_kt":44.7,"wind_from_deg":288.0,"temperature_c":-32.6,"relative_humidity":100.0,"turbulence_score":0.052,"icing_score":0.0,"convection_score":0.227}},{"type":"Feature","geometry":{"type":"Point","coordinates":[44.0,-58.0]},"properties":{"wind_kt":47.7,"wind_from_deg":295.0,"temperature_c":-32.0,"relative_humidity":94.0,"turbulence_score":0.045,"icing_score":0.0,"convection_score":0.033}},{"type":"Feature","geometry":{"type":"Point","coordinates":[48.0,-58.0]},"properties":{"wind_kt":51.9,"wind_from_deg":293.0,"temperature_c":-31.9,"relative_humidity":79.0,"turbulence_score":0.049,"icing_score":0.0,"convection_score":0.026}},{"type":"Feature","geometry":{"type":"Point","coordinates":[52.0,-58.0]},"properties":{"wind_kt":47.0,"wind_from_deg":284.0,"temperature_c":-30.3,"relative_humidity":19.0,"turbulence_score":0.098,"icing_score":0.0,"convection_score":0.3}},{"type":"Feature","geometry":{"type":"Point","coordinates":[56.0,-58.0]},"properties":{"wind_kt":69.2,"wind_from_deg":276.0,"temperature_c":-30.3,"relative_humidity":4.0,"turbulence_score":0.241,"icing_score":0.0,"convection_score":0.0}},{"type":"Feature","geometry":{"type":"Point","coordinates":[60.0,-58.0]},"properties":{"wind_kt":92.1,"wind_from_deg":280.0,"temperature_c":-30.6,"relative_humidity":6.0,"turbulence_score":0.398,"icing_score":0.0,"convection_score":0.0}},{"type":"Feature","geometry":{"type":"Point","coordinates":[64.0,-58.0]},"properties":{"wind_kt":102.7,"wind_from_deg":279.0,"temperature_c":-27.5,"relative_humidity":17.0,"turbulence_score":0.429,"icing_score":0.0,"convection_score":0.0}},{"type":"Feature","geometry":{"type":"Point","coordinates":[68.0,-58.0]},"properties":{"wind_kt":102.7,"wind_from_deg":275.0,"temperature_c":-24.9,"relative_humidity":19.0,"turbulence_score":0.423,"icing_score":0.0,"convection_score":0.0}},{"type":"Feature","geometry":{"type":"Point","coordinates":[72.0,-58.0]},"properties":{"wind_kt":112.1,"wind_from_deg":273.0,"temperature_c":-18.7,"relative_humidity":13.0,"turbulence_score":0.509,"icing_score":0.0,"convection_score":0.206}},{"type":"Feature","geometry":{"type":"Point","coordinates":[76.0,-58.0]},"properties":{"wind_kt":113.9,"wind_from_deg":265.0,"temperature_c":-18.8,"relative_humidity":72.0,"turbulence_score":0.513,"icing_score":0.08,"convection_score":0.3}},{"type":"Feature","geometry":{"type":"Point","coordinates":[80.0,-58.0]},"properties":{"wind_kt":103.7,"wind_from_deg":256.0,"temperature_c":-17.8,"relative_humidity":88.0,"turbulence_score":0.451,"icing_score":0.297,"convection_score":0.299}},{"type":"Feature","geometry":{"type":"Point","coordinates":[84.0,-58.0]},"properties":{"wind_kt":95.0,"wind_from_deg":254.0,"temperature_c":-17.7,"relative_humidity":98.0,"turbulence_score":0.453,"icing_score":0.432,"convection_score":0.3}},{"type":"Feature","geometry":{"type":"Point","coordinates":[88.0,-58.0]},"properties":{"wind_kt":85.8,"wind_from_deg":245.0,"temperature_c":-20.6,"relative_humidity":100.0,"turbulence_score":0.443,"icing_score":0.302,"convection_score":0.012}},{"type":"Feature","geometry":{"type":"Point","coordinates":[92.0,-58.0]},"properties":{"wind_kt":64.1,"wind_from_deg":243.0,"temperature_c":-25.0,"relative_humidity":100.0,"turbulence_score":0.282,"icing_score":0.054,"convection_score":0.3}},{"type":"Feature","geometry":{"type":"Point","coordinates":[96.0,-58.0]},"properties":{"wind_kt":60.8,"wind_from_deg":229.0,"temperature_c":-28.7,"relative_humidity":17.0,"turbulence_score":0.215,"icing_score":0.0,"convection_score":0.232}},{"type":"Feature","geometry":{"type":"Point","coordinates":[100.0,-58.0]},"properties":{"wind_kt":63.1,"wind_from_deg":222.0,"temperature_c":-32.5,"relative_humidity":17.0,"turbulence_score":0.304,"icing_score":0.0,"convection_score":0.109}},{"type":"Feature","geometry":{"type":"Point","coordinates":[104.0,-58.0]},"properties":{"wind_kt":37.0,"wind_from_deg":223.0,"temperature_c":-36.1,"relative_humidity":12.0,"turbulence_score":0.084,"icing_score":0.0,"convection_score":0.019}},{"type":"Feature","geometry":{"type":"Point","coordinates":[108.0,-58.0]},"properties":{"wind_kt":20.2,"wind_from_deg":255.0,"temperature_c":-38.1,"relative_humidity":13.0,"turbulence_score":0.002,"icing_score":0.0,"convection_score":0.019}},{"type":"Feature","geometry":{"type":"Point","coordinates":[112.0,-58.0]},"properties":{"wind_kt":51.6,"wind_from_deg":283.0,"temperature_c":-40.0,"relative_humidity":90.0,"turbulence_score":0.196,"icing_score":0.0,"convection_score":0.3}},{"type":"Feature","geometry":{"type":"Point","coordinates":[116.0,-58.0]},"properties":{"wind_kt":47.5,"wind_from_deg":281.0,"temperature_c":-37.6,"relative_humidity":32.0,"turbulence_score":0.082,"icing_score":0.0,"convection_score":0.018}},{"type":"Feature","geometry":{"type":"Point","coordinates":[120.0,-58.0]},"properties":{"wind_kt":55.7,"wind_from_deg":283.0,"temperature_c":-34.9,"relative_humidity":71.0,"turbulence_score":0.23,"icing_score":0.0,"convection_score":0.024}},{"type":"Feature","geometry":{"type":"Point","coordinates":[124.0,-58.0]},"properties":{"wind_kt":57.0,"wind_from_deg":295.0,"temperature_c":-33.3,"relative_humidity":71.0,"turbulence_score":0.161,"icing_score":0.0,"convection_score":0.048}},{"type":"Feature","geometry":{"type":"Point","coordinates":[128.0,-58.0]},"properties":{"wind_kt":62.1,"wind_from_deg":297.0,"temperature_c":-32.1,"relative_humidity":94.0,"turbulence_score":0.204,"icing_score":0.0,"convection_score":0.177}},{"type":"Feature","geometry":{"type":"Point","coordinates":[132.0,-58.0]},"properties":{"wind_kt":61.3,"wind_from_deg":295.0,"temperature_c":-31.1,"relative_humidity":58.0,"turbulence_score":0.159,"icing_score":0.0,"convection_score":0.001}},{"type":"Feature","geometry":{"type":"Point","coordinates":[136.0,-58.0]},"properties":{"wind_kt":63.6,"wind_from_deg":300.0,"temperature_c":-31.1,"relative_humidity":40.0,"turbulence_score":0.201,"icing_score":0.0,"convection_score":0.022}},{"type":"Feature","geometry":{"type":"Point","coordinates":[140.0,-58.0]},"properties":{"wind_kt":97.9,"wind_from_deg":305.0,"temperature_c":-29.0,"relative_humidity":93.0,"turbulence_score":0.577,"icing_score":0.0,"convection_score":0.0}},{"type":"Feature","geometry":{"type":"Point","coordinates":[144.0,-58.0]},"properties":{"wind_kt":92.8,"wind_from_deg":302.0,"temperature_c":-26.0,"relative_humidity":100.0,"turbulence_score":0.363,"icing_score":0.0,"convection_score":0.001}},{"type":"Feature","geometry":{"type":"Point","coordinates":[148.0,-58.0]},"properties":{"wind_kt":79.7,"wind_from_deg":297.0,"temperature_c":-25.1,"relative_humidity":100.0,"turbulence_score":0.211,"icing_score":0.051,"convection_score":0.3}},{"type":"Feature","geometry":{"type":"Point","coordinates":[152.0,-58.0]},"properties":{"wind_kt":84.1,"wind_from_deg":294.0,"temperature_c":-23.3,"relative_humidity":100.0,"turbulence_score":0.353,"icing_score":0.152,"convection_score":0.25}},{"type":"Feature","geometry":{"type":"Point","coordinates":[156.0,-58.0]},"properties":{"wind_kt":78.3,"wind_from_deg":290.0,"temperature_c":-22.4,"relative_humidity":100.0,"turbulence_score":0.253,"icing_score":0.203,"convection_score":0.216}},{"type":"Feature","geometry":{"type":"Point","coordinates":[160.0,-58.0]},"properties":{"wind_kt":69.6,"wind_from_deg":285.0,"temperature_c":-22.0,"relative_humidity":100.0,"turbulence_score":0.178,"icing_score":0.222,"convection_score":0.204}},{"type":"Feature","geometry":{"type":"Point","coordinates":[164.0,-58.0]},"properties":{"wind_kt":67.0,"wind_from_deg":273.0,"temperature_c":-22.5,"relative_humidity":100.0,"turbulence_score":0.173,"icing_score":0.194,"convection_score":0.096}},{"type":"Feature","geometry":{"type":"Point","coordinates":[168.0,-58.0]},"properties":{"wind_kt":69.2,"wind_from_deg":263.0,"temperature_c":-22.9,"relative_humidity":100.0,"turbulence_score":0.171,"icing_score":0.173,"convection_score":0.153}},{"type":"Feature","geometry":{"type":"Point","coordinates":[172.0,-58.0]},"properties":{"wind_kt":73.0,"wind_from_deg":257.0,"temperature_c":-22.4,"relative_humidity":85.0,"turbulence_score":0.184,"icing_score":0.116,"convection_score":0.311}},{"type":"Feature","geometry":{"type":"Point","coordinates":[176.0,-58.0]},"properties":{"wind_kt":76.3,"wind_from_deg":249.0,"temperature_c":-23.0,"relative_humidity":82.0,"turbulence_score":0.221,"icing_score":0.082,"convection_score":0.312}},{"type":"Feature","geometry":{"type":"Point","coordinates":[180.0,-58.0]},"properties":{"wind_kt":71.9,"wind_from_deg":247.0,"temperature_c":-24.1,"relative_humidity":82.0,"turbulence_score":0.161,"icing_score":0.051,"convection_score":0.314}},{"type":"Feature","geometry":{"type":"Point","coordinates":[184.0,-58.0]},"properties":{"wind_kt":74.2,"wind_from_deg":244.0,"temperature_c":-25.2,"relative_humidity":44.0,"turbulence_score":0.201,"icing_score":0.0,"convection_score":0.04}},{"type":"Feature","geometry":{"type":"Point","coordinates":[188.0,-58.0]},"properties":{"wind_kt":82.0,"wind_from_deg":233.0,"temperature_c":-26.7,"relative_humidity":37.0,"turbulence_score":0.288,"icing_score":0.0,"convection_score":0.031}},{"type":"Feature","geometry":{"type":"Point","coordinates":[192.0,-58.0]},"properties":{"wind_kt":82.4,"wind_from_deg":242.0,"temperature_c":-28.2,"relative_humidity":11.0,"turbulence_score":0.314,"icing_score":0.0,"convection_score":0.032}},{"type":"Feature","geometry":{"type":"Point","coordinates":[196.0,-58.0]},"properties":{"wind_kt":60.8,"wind_from_deg":264.0,"temperature_c":-28.6,"relative_humidity":12.0,"turbulence_score":0.13,"icing_score":0.0,"convection_score":0.027}},{"type":"Feature","geometry":{"type":"Point","coordinates":[200.0,-58.0]},"properties":{"wind_kt":66.2,"wind_from_deg":292.0,"temperature_c":-25.8,"relative_humidity":100.0,"turbulence_score":0.16,"icing_score":0.011,"convection_score":0.303}},{"type":"Feature","geometry":{"type":"Point","coordinates":[204.0,-58.0]},"properties":{"wind_kt":52.3,"wind_from_deg":291.0,"temperature_c":-23.7,"relative_humidity":100.0,"turbulence_score":0.11,"icing_score":0.128,"convection_score":0.298}},{"type":"Feature","geometry":{"type":"Point","coordinates":[208.0,-58.0]},"properties":{"wind_kt":41.5,"wind_from_deg":273.0,"temperature_c":-22.4,"relative_humidity":100.0,"turbulence_score":0.058,"icing_score":0.203,"convection_score":0.015}},{"type":"Feature","geometry":{"type":"Point","coordinates":[212.0,-58.0]},"properties":{"wind_kt":45.7,"wind_from_deg":243.0,"temperature_c":-23.2,"relative_humidity":100.0,"turbulence_score":0.122,"icing_score":0.154,"convection_score":0.3}},{"type":"Feature","geometry":{"type":"Point","coordinates":[216.0,-58.0]},"properties":{"wind_kt":47.0,"wind_from_deg":227.0,"temperature_c":-25.4,"relative_humidity":100.0,"turbulence_score":0.1,"icing_score":0.034,"convection_score":0.0}},{"type":"Feature","geometry":{"type":"Point","coordinates":[220.0,-58.0]},"properties":{"wind_kt":66.7,"wind_from_deg":209.0,"temperature_c":-26.3,"relative_humidity":16.0,"turbulence_score":0.332,"icing_score":0.0,"convection_score":0.0}},{"type":"Feature","geometry":{"type":"Point","coordinates":[224.0,-58.0]},"properties":{"wind_kt":40.3,"wind_from_deg":213.0,"temperature_c":-33.1,"relative_humidity":16.0,"turbulence_score":0.016,"icing_score":0.0,"convection_score":0.018}},{"type":"Feature","geometry":{"type":"Point","coordinates":[228.0,-58.0]},"properties":{"wind_kt":67.7,"wind_from_deg":202.0,"temperature_c":-32.4,"relative_humidity":36.0,"turbulence_score":0.176,"icing_score":0.0,"convection_score":0.311}},{"type":"Feature","geometry":{"type":"Point","coordinates":[232.0,-58.0]},"properties":{"wind_kt":24.7,"wind_from_deg":227.0,"temperature_c":-35.5,"relative_humidity":71.0,"turbulence_score":0.0,"icing_score":0.0,"convection_score":0.224}},{"type":"Feature","geometry":{"type":"Point","coordinates":[236.0,-58.0]},"properties":{"wind_kt":14.8,"wind_from_deg":271.0,"temperature_c":-36.9,"relative_humidity":35.0,"turbulence_score":0.0,"icing_score":0.0,"convection_score":0.055}},{"type":"Feature","geometry":{"type":"Point","coordinates":[240.0,-58.0]},"properties":{"wind_kt":28.1,"wind_from_deg":315.0,"temperature_c":-38.6,"relative_humidity":58.0,"turbulence_score":0.005,"icing_score":0.0,"convection_score":0.028}},{"type":"Feature","geometry":{"type":"Point","coordinates":[244.0,-58.0]},"properties":{"wind_kt":38.6,"wind_from_deg":326.0,"temperature_c":-38.0,"relative_humidity":94.0,"turbulence_score":0.094,"icing_score":0.0,"convection_score":0.037}},{"type":"Feature","geometry":{"type":"Point","coordinates":[248.0,-58.0]},"properties":{"wind_kt":37.8,"wind_from_deg":334.0,"temperature_c":-36.2,"relative_humidity":98.0,"turbulence_score":0.027,"icing_score":0.0,"convection_score":0.073}},{"type":"Feature","geometry":{"type":"Point","coordinates":[252.0,-58.0]},"properties":{"wind_kt":82.7,"wind_from_deg":321.0,"temperature_c":-33.9,"relative_humidity":89.0,"turbulence_score":0.322,"icing_score":0.0,"convection_score":0.28}},{"type":"Feature","geometry":{"type":"Point","coordinates":[256.0,-58.0]},"properties":{"wind_kt":55.0,"wind_from_deg":323.0,"temperature_c":-32.3,"relative_humidity":100.0,"turbulence_score":0.092,"icing_score":0.0,"convection_score":0.005}},{"type":"Feature","geometry":{"type":"Point","coordinates":[260.0,-58.0]},"properties":{"wind_kt":60.6,"wind_from_deg":310.0,"temperature_c":-28.9,"relative_humidity":50.0,"turbulence_score":0.197,"icing_score":0.0,"convection_score":0.012}},{"type":"Feature","geometry":{"type":"Point","coordinates":[264.0,-58.0]},"properties":{"wind_kt":58.8,"wind_from_deg":295.0,"temperature_c":-27.7,"relative_humidity":34.0,"turbulence_score":0.173,"icing_score":0.0,"convection_score":0.015}},{"type":"Feature","geometry":{"type":"Point","coordinates":[268.0,-58.0]},"properties":{"wind_kt":63.3,"wind_from_deg":293.0,"temperature_c":-28.5,"relative_humidity":34.0,"turbulence_score":0.129,"icing_score":0.0,"convection_score":0.193}},{"type":"Feature","geometry":{"type":"Point","coordinates":[272.0,-58.0]},"properties":{"wind_kt":69.5,"wind_from_deg":292.0,"temperature_c":-28.1,"relative_humidity":89.0,"turbulence_score":0.215,"icing_score":0.0,"convection_score":0.051}},{"type":"Feature","geometry":{"type":"Point","coordinates":[276.0,-58.0]},"properties":{"wind_kt":64.7,"wind_from_deg":282.0,"temperature_c":-25.8,"relative_humidity":76.0,"turbulence_score":0.197,"icing_score":0.003,"convection_score":0.015}},{"type":"Feature","geometry":{"type":"Point","coordinates":[280.0,-58.0]},"properties":{"wind_kt":52.8,"wind_from_deg":282.0,"temperature_c":-24.9,"relative_humidity":47.0,"turbulence_score":0.121,"icing_score":0.0,"convection_score":0.016}},{"type":"Feature","geometry":{"type":"Point","coordinates":[284.0,-58.0]},"properties":{"wind_kt":47.3,"wind_from_deg":271.0,"temperature_c":-25.6,"relative_humidity":37.0,"turbulence_score":0.104,"icing_score":0.0,"convection_score":0.0}},{"type":"Feature","geometry":{"type":"Point","coordinates":[288.0,-58.0]},"properties":{"wind_kt":44.3,"wind_from_deg":258.0,"temperature_c":-26.3,"relative_humidity":93.0,"turbulence_score":0.074,"icing_score":0.0,"convection_score":0.001}},{"type":"Feature","geometry":{"type":"Point","coordinates":[292.0,-58.0]},"properties":{"wind_kt":45.5,"wind_from_deg":243.0,"temperature_c":-26.9,"relative_humidity":52.0,"turbulence_score":0.068,"icing_score":0.0,"convection_score":0.003}},{"type":"Feature","geometry":{"type":"Point","coordinates":[296.0,-58.0]},"properties":{"wind_kt":43.4,"wind_from_deg":235.0,"temperature_c":-30.1,"relative_humidity":24.0,"turbulence_score":0.027,"icing_score":0.0,"convection_score":0.002}},{"type":"Feature","geometry":{"type":"Point","coordinates":[300.0,-58.0]},"properties":{"wind_kt":35.4,"wind_from_deg":270.0,"temperature_c":-29.9,"relative_humidity":15.0,"turbulence_score":0.036,"icing_score":0.0,"convection_score":0.3}},{"type":"Feature","geometry":{"type":"Point","coordinates":[304.0,-58.0]},"properties":{"wind_kt":27.3,"wind_from_deg":273.0,"temperature_c":-27.3,"relative_humidity":100.0,"turbulence_score":0.001,"icing_score":0.0,"convection_score":0.3}},{"type":"Feature","geometry":{"type":"Point","coordinates":[308.0,-58.0]},"properties":{"wind_kt":23.6,"wind_from_deg":278.0,"temperature_c":-28.0,"relative_humidity":25.0,"turbulence_score":0.0,"icing_score":0.0,"convection_score":0.015}},{"type":"Feature","geometry":{"type":"Point","coordinates":[312.0,-58.0]},"properties":{"wind_kt":22.3,"wind_from_deg":275.0,"temperature_c":-27.8,"relative_humidity":29.0,"turbulence_score":0.0,"icing_score":0.0,"convection_score":0.0}},{"type":"Feature","geometry":{"type":"Point","coordinates":[316.0,-58.0]},"properties":{"wind_kt":25.5,"wind_from_deg":268.0,"temperature_c":-27.7,"relative_humidity":54.0,"turbulence_score":0.0,"icing_score":0.0,"convection_score":0.0}},{"type":"Feature","geometry":{"type":"Point","coordinates":[320.0,-58.0]},"properties":{"wind_kt":30.2,"wind_from_deg":247.0,"temperature_c":-26.4,"relative_humidity":12.0,"turbulence_score":0.019,"icing_score":0.0,"convection_score":0.001}},{"type":"Feature","geometry":{"type":"Point","coordinates":[324.0,-58.0]},"properties":{"wind_kt":29.4,"wind_from_deg":235.0,"temperature_c":-26.6,"relative_humidity":7.0,"turbulence_score":0.0,"icing_score":0.0,"convection_score":0.0}},{"type":"Feature","geometry":{"type":"Point","coordinates":[328.0,-58.0]},"properties":{"wind_kt":43.4,"wind_from_deg":221.0,"temperature_c":-27.3,"relative_humidity":10.0,"turbulence_score":0.047,"icing_score":0.0,"convection_score":0.0}},{"type":"Feature","geometry":{"type":"Point","coordinates":[332.0,-58.0]},"properties":{"wind_kt":60.1,"wind_from_deg":211.0,"temperature_c":-28.4,"relative_humidity":19.0,"turbulence_score":0.132,"icing_score":0.0,"convection_score":0.0}},{"type":"Feature","geometry":{"type":"Point","coordinates":[336.0,-58.0]},"properties":{"wind_kt":88.9,"wind_from_deg":201.0,"temperature_c":-29.2,"relative_humidity":3.0,"turbulence_score":0.443,"icing_score":0.0,"convection_score":0.002}},{"type":"Feature","geometry":{"type":"Point","coordinates":[340.0,-58.0]},"properties":{"wind_kt":54.4,"wind_from_deg":204.0,"temperature_c":-32.2,"relative_humidity":40.0,"turbulence_score":0.114,"icing_score":0.0,"convection_score":0.005}},{"type":"Feature","geometry":{"type":"Point","coordinates":[344.0,-58.0]},"properties":{"wind_kt":66.5,"wind_from_deg":195.0,"temperature_c":-33.2,"relative_humidity":32.0,"turbulence_score":0.219,"icing_score":0.0,"convection_score":0.242}},{"type":"Feature","geometry":{"type":"Point","coordinates":[348.0,-58.0]},"properties":{"wind_kt":51.3,"wind_from_deg":205.0,"temperature_c":-38.4,"relative_humidity":8.0,"turbulence_score":0.103,"icing_score":0.0,"convection_score":0.314}},{"type":"Feature","geometry":{"type":"Point","coordinates":[352.0,-58.0]},"properties":{"wind_kt":33.0,"wind_from_deg":249.0,"temperature_c":-40.3,"relative_humidity":9.0,"turbulence_score":0.027,"icing_score":0.0,"convection_score":0.311}},{"type":"Feature","geometry":{"type":"Point","coordinates":[356.0,-58.0]},"properties":{"wind_kt":39.3,"wind_from_deg":294.0,"temperature_c":-40.4,"relative_humidity":28.0,"turbulence_score":0.079,"icing_score":0.0,"convection_score":0.297}},{"type":"Feature","geometry":{"type":"Point","coordinates":[0.0,-62.0]},"properties":{"wind_kt":10.1,"wind_from_deg":29.0,"temperature_c":-40.3,"relative_humidity":5.0,"turbulence_score":0.0,"icing_score":0.0,"convection_score":0.264}},{"type":"Feature","geometry":{"type":"Point","coordinates":[4.0,-62.0]},"properties":{"wind_kt":19.7,"wind_from_deg":353.0,"temperature_c":-40.8,"relative_humidity":15.0,"turbulence_score":0.0,"icing_score":0.0,"convection_score":0.285}},{"type":"Feature","geometry":{"type":"Point","coordinates":[8.0,-62.0]},"properties":{"wind_kt":32.8,"wind_from_deg":327.0,"temperature_c":-39.2,"relative_humidity":100.0,"turbulence_score":0.024,"icing_score":0.0,"convection_score":0.301}},{"type":"Feature","geometry":{"type":"Point","coordinates":[12.0,-62.0]},"properties":{"wind_kt":41.3,"wind_from_deg":300.0,"temperature_c":-38.4,"relative_humidity":100.0,"turbulence_score":0.088,"icing_score":0.0,"convection_score":0.161}},{"type":"Feature","geometry":{"type":"Point","coordinates":[16.0,-62.0]},"properties":{"wind_kt":42.7,"wind_from_deg":278.0,"temperature_c":-37.6,"relative_humidity":99.0,"turbulence_score":0.093,"icing_score":0.0,"convection_score":0.093}},{"type":"Feature","geometry":{"type":"Point","coordinates":[20.0,-62.0]},"properties":{"wind_kt":36.6,"wind_from_deg":278.0,"temperature_c":-38.8,"relative_humidity":36.0,"turbulence_score":0.071,"icing_score":0.0,"convection_score":0.191}},{"type":"Feature","geometry":{"type":"Point","coordinates":[24.0,-62.0]},"properties":{"wind_kt":32.4,"wind_from_deg":277.0,"temperature_c":-37.5,"relative_humidity":100.0,"turbulence_score":0.03,"icing_score":0.0,"convection_score":0.283}},{"type":"Feature","geometry":{"type":"Point","coordinates":[28.0,-62.0]},"properties":{"wind_kt":29.7,"wind_from_deg":284.0,"temperature_c":-34.9,"relative_humidity":100.0,"turbulence_score":0.025,"icing_score":0.0,"convection_score":0.151}},{"type":"Feature","geometry":{"type":"Point","coordinates":[32.0,-62.0]},"properties":{"wind_kt":31.8,"wind_from_deg":285.0,"temperature_c":-33.0,"relative_humidity":100.0,"turbulence_score":0.051,"icing_score":0.0,"convection_score":0.203}},{"type":"Feature","geometry":{"type":"Point","coordinates":[36.0,-62.0]},"properties":{"wind_kt":37.7,"wind_from_deg":285.0,"temperature_c":-31.9,"relative_humidity":99.0,"turbulence_score":0.059,"icing_score":0.0,"convection_score":0.005}},{"type":"Feature","geometry":{"type":"Point","coordinates":[40.0,-62.0]},"properties":{"wind_kt":39.0,"wind_from_deg":289.0,"temperature_c":-30.8,"relative_humidity":56.0,"turbulence_score":0.07,"icing_score":0.0,"convection_score":0.007}},{"type":"Feature","geometry":{"type":"Point","coordinates":[44.0,-62.0]},"properties":{"wind_kt":42.8,"wind_from_deg":288.0,"temperature_c":-30.4,"relative_humidity":44.0,"turbulence_score":0.045,"icing_score":0.0,"convection_score":0.279}},{"type":"Feature","geometry":{"type":"Point","coordinates":[48.0,-62.0]},"properties":{"wind_kt":48.4,"wind_from_deg":286.0,"temperature_c":-31.0,"relative_humidity":64.0,"turbulence_score":0.089,"icing_score":0.0,"convection_score":0.004}},{"type":"Feature","geometry":{"type":"Point","coordinates":[52.0,-62.0]},"properties":{"wind_kt":50.6,"wind_from_deg":281.0,"temperature_c":-31.9,"relative_humidity":63.0,"turbulence_score":0.102,"icing_score":0.0,"convection_score":0.298}},{"type":"Feature","geometry":{"type":"Point","coordinates":[56.0,-62.0]},"properties":{"wind_kt":47.7,"wind_from_deg":265.0,"temperature_c":-32.9,"relative_humidity":42.0,"turbulence_score":0.054,"icing_score":0.0,"convection_score":0.0}},{"type":"Feature","geometry":{"type":"Point","coordinates":[60.0,-62.0]},"properties":{"wind_kt":47.7,"wind_from_deg":273.0,"temperature_c":-36.9,"relative_humidity":76.0,"turbulence_score":0.044,"icing_score":0.0,"convection_score":0.167}},{"type":"Feature","geometry":{"type":"Point","coordinates":[64.0,-62.0]},"properties":{"wind_kt":46.1,"wind_from_deg":265.0,"temperature_c":-34.7,"relative_humidity":47.0,"turbulence_score":0.091,"icing_score":0.0,"convection_score":0.3}},{"type":"Feature","geometry":{"type":"Point","coordinates":[68.0,-62.0]},"properties":{"wind_kt":46.1,"wind_from_deg":256.0,"temperature_c":-32.4,"relative_humidity":71.0,"turbulence_score":0.153,"icing_score":0.0,"convection_score":0.297}},{"type":"Feature","geometry":{"type":"Point","coordinates":[72.0,-62.0]},"properties":{"wind_kt":61.7,"wind_from_deg":267.0,"temperature_c":-30.2,"relative_humidity":25.0,"turbulence_score":0.389,"icing_score":0.0,"convection_score":0.3}},{"type":"Feature","geometry":{"type":"Point","coordinates":[76.0,-62.0]},"properties":{"wind_kt":59.2,"wind_from_deg":263.0,"temperature_c":-28.6,"relative_humidity":75.0,"turbulence_score":0.304,"icing_score":0.0,"convection_score":0.3}},{"type":"Feature","geometry":{"type":"Point","coordinates":[80.0,-62.0]},"properties":{"wind_kt":56.5,"wind_from_deg":264.0,"temperature_c":-27.0,"relative_humidity":100.0,"turbulence_score":0.22,"icing_score":0.0,"convection_score":0.3}},{"type":"Feature","geometry":{"type":"Point","coordinates":[84.0,-62.0]},"properties":{"wind_kt":48.0,"wind_from_deg":265.0,"temperature_c":-28.7,"relative_humidity":100.0,"turbulence_score":0.194,"icing_score":0.0,"convection_score":0.301}},{"type":"Feature","geometry":{"type":"Point","coordinates":[88.0,-62.0]},"properties":{"wind_kt":47.0,"wind_from_deg":256.0,"temperature_c":-28.8,"relative_humidity":100.0,"turbulence_score":0.149,"icing_score":0.0,"convection_score":0.0}},{"type":"Feature","geometry":{"type":"Point","coordinates":[92.0,-62.0]},"properties":{"wind_kt":50.2,"wind_from_deg":237.0,"temperature_c":-30.8,"relative_humidity":8.0,"turbulence_score":0.163,"icing_score":0.0,"convection_score":0.001}},{"type":"Feature","geometry":{"type":"Point","coordinates":[96.0,-62.0]},"properties":{"wind_kt":50.5,"wind_from_deg":230.0,"temperature_c":-33.4,"relative_humidity":21.0,"turbulence_score":0.18,"icing_score":0.0,"convection_score":0.004}},{"type":"Feature","geometry":{"type":"Point","coordinates":[100.0,-62.0]},"properties":{"wind_kt":33.3,"wind_from_deg":232.0,"temperature_c":-37.0,"relative_humidity":10.0,"turbulence_score":0.0,"icing_score":0.0,"convection_score":0.002}},{"type":"Feature","geometry":{"type":"Point","coordinates":[104.0,-62.0]},"properties":{"wind_kt":25.6,"wind_from_deg":234.0,"temperature_c":-37.4,"relative_humidity":16.0,"turbulence_score":0.0,"icing_score":0.0,"convection_score":0.002}},{"type":"Feature","geometry":{"type":"Point","coordinates":[108.0,-62.0]},"properties":{"wind_kt":13.1,"wind_from_deg":259.0,"temperature_c":-38.0,"relative_humidity":28.0,"turbulence_score":0.0,"icing_score":0.0,"convection_score":0.198}},{"type":"Feature","geometry":{"type":"Point","coordinates":[112.0,-62.0]},"properties":{"wind_kt":12.9,"wind_from_deg":307.0,"temperature_c":-37.2,"relative_humidity":34.0,"turbulence_score":0.0,"icing_score":0.0,"convection_score":0.061}},{"type":"Feature","geometry":{"type":"Point","coordinates":[116.0,-62.0]},"properties":{"wind_kt":14.4,"wind_from_deg":291.0,"temperature_c":-37.7,"relative_humidity":72.0,"turbulence_score":0.0,"icing_score":0.0,"convection_score":0.302}},{"type":"Feature","geometry":{"type":"Point","coordinates":[120.0,-62.0]},"properties":{"wind_kt":18.8,"wind_from_deg":285.0,"temperature_c":-37.5,"relative_humidity":73.0,"turbulence_score":0.0,"icing_score":0.0,"convection_score":0.302}},{"type":"Feature","geometry":{"type":"Point","coordinates":[124.0,-62.0]},"properties":{"wind_kt":24.4,"wind_from_deg":293.0,"temperature_c":-37.8,"relative_humidity":86.0,"turbulence_score":0.0,"icing_score":0.0,"convection_score":0.006}},{"type":"Feature","geometry":{"type":"Point","coordinates":[128.0,-62.0]},"properties":{"wind_kt":31.3,"wind_from_deg":290.0,"temperature_c":-38.0,"relative_humidity":97.0,"turbulence_score":0.015,"icing_score":0.0,"convection_score":0.313}},{"type":"Feature","geometry":{"type":"Point","coordinates":[132.0,-62.0]},"properties":{"wind_kt":34.2,"wind_from_deg":299.0,"temperature_c":-38.7,"relative_humidity":72.0,"turbulence_score":0.063,"icing_score":0.0,"convection_score":0.037}},{"type":"Feature","geometry":{"type":"Point","coordinates":[136.0,-62.0]},"properties":{"wind_kt":48.0,"wind_from_deg":305.0,"temperature_c":-38.3,"relative_humidity":16.0,"turbulence_score":0.068,"icing_score":0.0,"convection_score":0.032}},{"type":"Feature","geometry":{"type":"Point","coordinates":[140.0,-62.0]},"properties":{"wind_kt":60.7,"wind_from_deg":300.0,"temperature_c":-36.0,"relative_humidity":12.0,"turbulence_score":0.149,"icing_score":0.0,"convection_score":0.019}},{"type":"Feature","geometry":{"type":"Point","coordinates":[144.0,-62.0]},"properties":{"wind_kt":85.1,"wind_from_deg":294.0,"temperature_c":-32.6,"relative_humidity":26.0,"turbulence_score":0.392,"icing_score":0.0,"convection_score":0.022}},{"type":"Feature","geometry":{"type":"Point","coordinates":[148.0,-62.0]},"properties":{"wind_kt":79.9,"wind_from_deg":293.0,"temperature_c":-31.1,"relative_humidity":35.0,"turbulence_score":0.352,"icing_score":0.0,"convection_score":0.004}},{"type":"Feature","geometry":{"type":"Point","coordinates":[152.0,-62.0]},"properties":{"wind_kt":80.6,"wind_from_deg":291.0,"temperature_c":-29.9,"relative_humidity":8.0,"turbulence_score":0.326,"icing_score":0.0,"convection_score":0.005}},{"type":"Feature","geometry":{"type":"Point","coordinates":[156.0,-62.0]},"properties":{"wind_kt":110.5,"wind_from_deg":290.0,"temperature_c":-26.7,"relative_humidity":60.0,"turbulence_score":0.559,"icing_score":0.0,"convection_score":0.008}},{"type":"Feature","geometry":{"type":"Point","coordinates":[160.0,-62.0]},"properties":{"wind_kt":101.5,"wind_from_deg":281.0,"temperature_c":-26.8,"relative_humidity":100.0,"turbulence_score":0.413,"icing_score":0.0,"convection_score":0.002}},{"type":"Feature","geometry":{"type":"Point","coordinates":[164.0,-62.0]},"properties":{"wind_kt":88.8,"wind_from_deg":274.0,"temperature_c":-26.5,"relative_humidity":92.0,"turbulence_score":0.295,"icing_score":0.0,"convection_score":0.136}},{"type":"Feature","geometry":{"type":"Point","coordinates":[168.0,-62.0]},"properties":{"wind_kt":81.2,"wind_from_deg":273.0,"temperature_c":-26.4,"relative_humidity":100.0,"turbulence_score":0.223,"icing_score":0.0,"convection_score":0.192}},{"type":"Feature","geometry":{"type":"Point","coordinates":[172.0,-62.0]},"properties":{"wind_kt":88.0,"wind_from_deg":259.0,"temperature_c":-26.7,"relative_humidity":100.0,"turbulence_score":0.32,"icing_score":0.0,"convection_score":0.296}},{"type":"Feature","geometry":{"type":"Point","coordinates":[176.0,-62.0]},"properties":{"wind_kt":91.3,"wind_from_deg":250.0,"temperature_c":-27.9,"relative_humidity":91.0,"turbulence_score":0.326,"icing_score":0.0,"convection_score":0.268}},{"type":"Feature","geometry":{"type":"Point","coordinates":[180.0,-62.0]},"properties":{"wind_kt":84.6,"wind_from_deg":251.0,"temperature_c":-28.7,"relative_humidity":100.0,"turbulence_score":0.262,"icing_score":0.0,"convection_score":0.102}},{"type":"Feature","geometry":{"type":"Point","coordinates":[184.0,-62.0]},"properties":{"wind_kt":90.5,"wind_from_deg":239.0,"temperature_c":-29.1,"relative_humidity":92.0,"turbulence_score":0.361,"icing_score":0.0,"convection_score":0.052}},{"type":"Feature","geometry":{"type":"Point","coordinates":[188.0,-62.0]},"properties":{"wind_kt":80.6,"wind_from_deg":238.0,"temperature_c":-30.2,"relative_humidity":43.0,"turbulence_score":0.319,"icing_score":0.0,"convection_score":0.024}},{"type":"Feature","geometry":{"type":"Point","coordinates":[192.0,-62.0]},"properties":{"wind_kt":45.5,"wind_from_deg":264.0,"temperature_c":-35.2,"relative_humidity":100.0,"turbulence_score":0.033,"icing_score":0.0,"convection_score":0.3}},{"type":"Feature","geometry":{"type":"Point","coordinates":[196.0,-62.0]},"properties":{"wind_kt":48.5,"wind_from_deg":276.0,"temperature_c":-32.4,"relative_humidity":62.0,"turbulence_score":0.061,"icing_score":0.0,"convection_score":0.024}},{"type":"Feature","geometry":{"type":"Point","coordinates":[200.0,-62.0]},"properties":{"wind_kt":52.6,"wind_from_deg":336.0,"temperature_c":-26.8,"relative_humidity":100.0,"turbulence_score":0.147,"icing_score":0.0,"convection_score":0.3}},{"type":"Feature","geometry":{"type":"Point","coordinates":[204.0,-62.0]},"properties":{"wind_kt":33.8,"wind_from_deg":300.0,"temperature_c":-25.0,"relative_humidity":100.0,"turbulence_score":0.027,"icing_score":0.058,"convection_score":0.3}},{"type":"Feature","geometry":{"type":"Point","coordinates":[208.0,-62.0]},"properties":{"wind_kt":33.6,"wind_from_deg":276.0,"temperature_c":-23.7,"relative_humidity":100.0,"turbulence_score":0.027,"icing_score":0.128,"convection_score":0.3}},{"type":"Feature","geometry":{"type":"Point","coordinates":[212.0,-62.0]},"properties":{"wind_kt":27.1,"wind_from_deg":258.0,"temperature_c":-25.6,"relative_humidity":98.0,"turbulence_score":0.018,"icing_score":0.02,"convection_score":0.0}},{"type":"Feature","geometry":{"type":"Point","coordinates":[216.0,-62.0]},"properties":{"wind_kt":39.4,"wind_from_deg":219.0,"temperature_c":-26.7,"relative_humidity":25.0,"turbulence_score":0.164,"icing_score":0.0,"convection_score":0.0}},{"type":"Feature","geometry":{"type":"Point","coordinates":[220.0,-62.0]},"properties":{"wind_kt":44.4,"wind_from_deg":203.0,"temperature_c":-30.7,"relative_humidity":4.0,"turbulence_score":0.196,"icing_score":0.0,"convection_score":0.0}},{"type":"Feature","geometry":{"type":"Point","coordinates":[224.0,-62.0]},"properties":{"wind_kt":29.4,"wind_from_deg":188.0,"temperature_c":-34.5,"relative_humidity":71.0,"turbulence_score":0.0,"icing_score":0.0,"convection_score":0.017}},{"type":"Feature","geometry":{"type":"Point","coordinates":[228.0,-62.0]},"properties":{"wind_kt":44.3,"wind_from_deg":172.0,"temperature_c":-33.6,"relative_humidity":38.0,"turbulence_score":0.102,"icing_score":0.0,"convection_score":0.077}},{"type":"Feature","geometry":{"type":"Point","coordinates":[232.0,-62.0]},"properties":{"wind_kt":31.4,"wind_from_deg":130.0,"temperature_c":-36.0,"relative_humidity":95.0,"turbulence_score":0.022,"icing_score":0.0,"convection_score":0.059}},{"type":"Feature","geometry":{"type":"Point","coordinates":[236.0,-62.0]},"properties":{"wind_kt":38.5,"wind_from_deg":118.0,"temperature_c":-35.3,"relative_humidity":100.0,"turbulence_score":0.173,"icing_score":0.0,"convection_score":0.002}},{"type":"Feature","geometry":{"type":"Point","coordinates":[240.0,-62.0]},"properties":{"wind_kt":29.7,"wind_from_deg":72.0,"temperature_c":-37.3,"relative_humidity":71.0,"turbulence_score":0.011,"icing_score":0.0,"convection_score":0.001}},{"type":"Feature","geometry":{"type":"Point","coordinates":[244.0,-62.0]},"properties":{"wind_kt":34.1,"wind_from_deg":29.0,"temperature_c":-36.7,"relative_humidity":69.0,"turbulence_score":0.059,"icing_score":0.0,"convection_score":0.121}},{"type":"Feature","geometry":{"type":"Point","coordinates":[248.0,-62.0]},"properties":{"wind_kt":33.9,"wind_from_deg":34.0,"temperature_c":-33.7,"relative_humidity":100.0,"turbulence_score":0.023,"icing_score":0.0,"convection_score":0.298}},{"type":"Feature","geometry":{"type":"Point","coordinates":[252.0,-62.0]},"properties":{"wind_kt":40.3,"wind_from_deg":354.0,"temperature_c":-33.3,"relative_humidity":100.0,"turbulence_score":0.056,"icing_score":0.0,"convection_score":0.012}},{"type":"Feature","geometry":{"type":"Point","coordinates":[256.0,-62.0]},"properties":{"wind_kt":42.3,"wind_from_deg":326.0,"temperature_c":-33.0,"relative_humidity":100.0,"turbulence_score":0.112,"icing_score":0.0,"convection_score":0.01}},{"type":"Feature","geometry":{"type":"Point","coordinates":[260.0,-62.0]},"properties":{"wind_kt":40.1,"wind_from_deg":277.0,"temperature_c":-33.0,"relative_humidity":35.0,"turbulence_score":0.072,"icing_score":0.0,"convection_score":0.0}},{"type":"Feature","geometry":{"type":"Point","coordinates":[264.0,-62.0]},"properties":{"wind_kt":38.8,"wind_from_deg":291.0,"temperature_c":-33.1,"relative_humidity":18.0,"turbulence_score":0.057,"icing_score":0.0,"convection_score":0.009}},{"type":"Feature","geometry":{"type":"Point","coordinates":[268.0,-62.0]},"properties":{"wind_kt":44.9,"wind_from_deg":297.0,"temperature_c":-31.4,"relative_humidity":9.0,"turbulence_score":0.121,"icing_score":0.0,"convection_score":0.016}},{"type":"Feature","geometry":{"type":"Point","coordinates":[272.0,-62.0]},"properties":{"wind_kt":69.8,"wind_from_deg":307.0,"temperature_c":-30.8,"relative_humidity":98.0,"turbulence_score":0.224,"icing_score":0.0,"convection_score":0.3}},{"type":"Feature","geometry":{"type":"Point","coordinates":[276.0,-62.0]},"properties":{"wind_kt":47.3,"wind_from_deg":302.0,"temperature_c":-29.9,"relative_humidity":100.0,"turbulence_score":0.034,"icing_score":0.0,"convection_score":0.3}},{"type":"Feature","geometry":{"type":"Point","coordinates":[280.0,-62.0]},"properties":{"wind_kt":39.5,"wind_from_deg":296.0,"temperature_c":-29.2,"relative_humidity":100.0,"turbulence_score":0.015,"icing_score":0.0,"convection_score":0.3}},{"type":"Feature","geometry":{"type":"Point","coordinates":[284.0,-62.0]},"properties":{"wind_kt":45.3,"wind_from_deg":277.0,"temperature_c":-29.2,"relative_humidity":100.0,"turbulence_score":0.061,"icing_score":0.0,"convection_score":0.212}},{"type":"Feature","geometry":{"type":"Point","coordinates":[288.0,-62.0]},"properties":{"wind_kt":50.1,"wind_from_deg":241.0,"temperature_c":-30.0,"relative_humidity":35.0,"turbulence_score":0.093,"icing_score":0.0,"convection_score":0.015}},{"type":"Feature","geometry":{"type":"Point","coordinates":[292.0,-62.0]},"properties":{"wind_kt":48.2,"wind_from_deg":247.0,"temperature_c":-30.3,"relative_humidity":24.0,"turbulence_score":0.066,"icing_score":0.0,"convection_score":0.169}},{"type":"Feature","geometry":{"type":"Point","coordinates":[296.0,-62.0]},"properties":{"wind_kt":43.6,"wind_from_deg":248.0,"temperature_c":-30.4,"relative_humidity":81.0,"turbulence_score":0.101,"icing_score":0.0,"convection_score":0.29}},{"type":"Feature","geometry":{"type":"Point","coordinates":[300.0,-62.0]},"properties":{"wind_kt":31.1,"wind_from_deg":299.0,"temperature_c":-30.7,"relative_humidity":8.0,"turbulence_score":0.031,"icing_score":0.0,"convection_score":0.3}},{"type":"Feature","geometry":{"type":"Point","coordinates":[304.0,-62.0]},"properties":{"wind_kt":27.4,"wind_from_deg":301.0,"temperature_c":-27.9,"relative_humidity":98.0,"turbulence_score":0.0,"icing_score":0.0,"convection_score":0.043}},{"type":"Feature","geometry":{"type":"Point","coordinates":[308.0,-62.0]},"properties":{"wind_kt":27.1,"wind_from_deg":274.0,"temperature_c":-26.6,"relative_humidity":100.0,"turbulence_score":0.0,"icing_score":0.0,"convection_score":0.262}},{"type":"Feature","geometry":{"type":"Point","coordinates":[312.0,-62.0]},"properties":{"wind_kt":28.5,"wind_from_deg":258.0,"temperature_c":-26.6,"relative_humidity":29.0,"turbulence_score":0.0,"icing_score":0.0,"convection_score":0.0}},{"type":"Feature","geometry":{"type":"Point","coordinates":[316.0,-62.0]},"properties":{"wind_kt":43.5,"wind_from_deg":249.0,"temperature_c":-26.7,"relative_humidity":20.0,"turbulence_score":0.074,"icing_score":0.0,"convection_score":0.005}},{"type":"Feature","geometry":{"type":"Point","coordinates":[320.0,-62.0]},"properties":{"wind_kt":52.7,"wind_from_deg":270.0,"temperature_c":-28.7,"relative_humidity":23.0,"turbulence_score":0.175,"icing_score":0.0,"convection_score":0.001}},{"type":"Feature","geometry":{"type":"Point","coordinates":[324.0,-62.0]},"properties":{"wind_kt":40.2,"wind_from_deg":247.0,"temperature_c":-29.3,"relative_humidity":65.0,"turbulence_score":0.072,"icing_score":0.0,"convection_score":0.0}},{"type":"Feature","geometry":{"type":"Point","coordinates":[328.0,-62.0]},"properties":{"wind_kt":48.9,"wind_from_deg":219.0,"temperature_c":-29.1,"relative_humidity":30.0,"turbulence_score":0.086,"icing_score":0.0,"convection_score":0.0}},{"type":"Feature","geometry":{"type":"Point","coordinates":[332.0,-62.0]},"properties":{"wind_kt":61.6,"wind_from_deg":207.0,"temperature_c":-29.9,"relative_humidity":52.0,"turbulence_score":0.138,"icing_score":0.0,"convection_score":0.0}},{"type":"Feature","geometry":{"type":"Point","coordinates":[336.0,-62.0]},"properties":{"wind_kt":55.4,"wind_from_deg":201.0,"temperature_c":-32.0,"relative_humidity":4.0,"turbulence_score":0.197,"icing_score":0.0,"convection_score":0.0}},{"type":"Feature","geometry":{"type":"Point","coordinates":[340.0,-62.0]},"properties":{"wind_kt":41.3,"wind_from_deg":187.0,"temperature_c":-33.5,"relative_humidity":64.0,"turbulence_score":0.045,"icing_score":0.0,"convection_score":0.022}},{"type":"Feature","geometry":{"type":"Point","coordinates":[344.0,-62.0]},"properties":{"wind_kt":42.3,"wind_from_deg":178.0,"temperature_c":-34.2,"relative_humidity":76.0,"turbulence_score":0.031,"icing_score":0.0,"convection_score":0.288}},{"type":"Feature","geometry":{"type":"Point","coordinates":[348.0,-62.0]},"properties":{"wind_kt":52.2,"wind_from_deg":154.0,"temperature_c":-36.1,"relative_humidity":4.0,"turbulence_score":0.176,"icing_score":0.0,"convection_score":0.082}},{"type":"Feature","geometry":{"type":"Point","coordinates":[352.0,-62.0]},"properties":{"wind_kt":32.6,"wind_from_deg":133.0,"temperature_c":-38.9,"relative_humidity":6.0,"turbulence_score":0.0,"icing_score":0.0,"convection_score":0.002}},{"type":"Feature","geometry":{"type":"Point","coordinates":[356.0,-62.0]},"properties":{"wind_kt":16.4,"wind_from_deg":103.0,"temperature_c":-39.9,"relative_humidity":11.0,"turbulence_score":0.013,"icing_score":0.0,"convection_score":0.005}},{"type":"Feature","geometry":{"type":"Point","coordinates":[0.0,-66.0]},"properties":{"wind_kt":27.1,"wind_from_deg":115.0,"temperature_c":-35.6,"relative_humidity":44.0,"turbulence_score":0.037,"icing_score":0.0,"convection_score":0.0}},{"type":"Feature","geometry":{"type":"Point","coordinates":[4.0,-66.0]},"properties":{"wind_kt":18.0,"wind_from_deg":113.0,"temperature_c":-37.1,"relative_humidity":38.0,"turbulence_score":0.0,"icing_score":0.0,"convection_score":0.029}},{"type":"Feature","geometry":{"type":"Point","coordinates":[8.0,-66.0]},"properties":{"wind_kt":3.5,"wind_from_deg":158.0,"temperature_c":-38.9,"relative_humidity":30.0,"turbulence_score":0.0,"icing_score":0.0,"convection_score":0.039}},{"type":"Feature","geometry":{"type":"Point","coordinates":[12.0,-66.0]},"properties":{"wind_kt":3.4,"wind_from_deg":20.0,"temperature_c":-41.2,"relative_humidity":33.0,"turbulence_score":0.0,"icing_score":0.0,"convection_score":0.01}},{"type":"Feature","geometry":{"type":"Point","coordinates":[16.0,-66.0]},"properties":{"wind_kt":4.7,"wind_from_deg":273.0,"temperature_c":-41.9,"relative_humidity":47.0,"turbulence_score":0.0,"icing_score":0.0,"convection_score":0.014}},{"type":"Feature","geometry":{"type":"Point","coordinates":[20.0,-66.0]},"properties":{"wind_kt":15.9,"wind_from_deg":256.0,"temperature_c":-42.2,"relative_humidity":65.0,"turbulence_score":0.0,"icing_score":0.0,"convection_score":0.141}},{"type":"Feature","geometry":{"type":"Point","coordinates":[24.0,-66.0]},"properties":{"wind_kt":20.5,"wind_from_deg":274.0,"temperature_c":-42.8,"relative_humidity":67.0,"turbulence_score":0.0,"icing_score":0.0,"convection_score":0.301}},{"type":"Feature","geometry":{"type":"Point","coordinates":[28.0,-66.0]},"properties":{"wind_kt":21.6,"wind_from_deg":281.0,"temperature_c":-42.7,"relative_humidity":59.0,"turbulence_score":0.0,"icing_score":0.0,"convection_score":0.011}},{"type":"Feature","geometry":{"type":"Point","coordinates":[32.0,-66.0]},"properties":{"wind_kt":16.5,"wind_from_deg":284.0,"temperature_c":-44.0,"relative_humidity":80.0,"turbulence_score":0.0,"icing_score":0.0,"convection_score":0.141}},{"type":"Feature","geometry":{"type":"Point","coordinates":[36.0,-66.0]},"properties":{"wind_kt":12.5,"wind_from_deg":293.0,"temperature_c":-44.4,"relative_humidity":94.0,"turbulence_score":0.0,"icing_score":0.0,"convection_score":0.001}},{"type":"Feature","geometry":{"type":"Point","coordinates":[40.0,-66.0]},"properties":{"wind_kt":12.5,"wind_from_deg":285.0,"temperature_c":-43.3,"relative_humidity":93.0,"turbulence_score":0.0,"icing_score":0.0,"convection_score":0.0}},{"type":"Feature","geometry":{"type":"Point","coordinates":[44.0,-66.0]},"properties":{"wind_kt":12.9,"wind_from_deg":315.0,"temperature_c":-42.6,"relative_humidity":100.0,"turbulence_score":0.0,"icing_score":0.0,"convection_score":0.0}},{"type":"Feature","geometry":{"type":"Point","coordinates":[48.0,-66.0]},"properties":{"wind_kt":23.6,"wind_from_deg":297.0,"temperature_c":-41.2,"relative_humidity":100.0,"turbulence_score":0.0,"icing_score":0.0,"convection_score":0.0}},{"type":"Feature","geometry":{"type":"Point","coordinates":[52.0,-66.0]},"properties":{"wind_kt":34.3,"wind_from_deg":295.0,"temperature_c":-40.4,"relative_humidity":100.0,"turbulence_score":0.018,"icing_score":0.0,"convection_score":0.263}},{"type":"Feature","geometry":{"type":"Point","coordinates":[56.0,-66.0]},"properties":{"wind_kt":35.6,"wind_from_deg":288.0,"temperature_c":-40.0,"relative_humidity":100.0,"turbulence_score":0.063,"icing_score":0.0,"convection_score":0.3}},{"type":"Feature","geometry":{"type":"Point","coordinates":[60.0,-66.0]},"properties":{"wind_kt":37.4,"wind_from_deg":274.0,"temperature_c":-37.6,"relative_humidity":96.0,"turbulence_score":0.02,"icing_score":0.0,"convection_score":0.0}},{"type":"Feature","geometry":{"type":"Point","coordinates":[64.0,-66.0]},"properties":{"wind_kt":39.7,"wind_from_deg":268.0,"temperature_c":-37.4,"relative_humidity":94.0,"turbulence_score":0.031,"icing_score":0.0,"convection_score":0.0}},{"type":"Feature","geometry":{"type":"Point","coordinates":[68.0,-66.0]},"properties":{"wind_kt":39.6,"wind_from_deg":259.0,"temperature_c":-35.7,"relative_humidity":100.0,"turbulence_score":0.05,"icing_score":0.0,"convection_score":0.0}},{"type":"Feature","geometry":{"type":"Point","coordinates":[72.0,-66.0]},"properties":{"wind_kt":39.6,"wind_from_deg":261.0,"temperature_c":-34.5,"relative_humidity":100.0,"turbulence_score":0.06,"icing_score":0.0,"convection_score":0.3}},{"type":"Feature","geometry":{"type":"Point","coordinates":[76.0,-66.0]},"properties":{"wind_kt":43.3,"wind_from_deg":257.0,"temperature_c":-33.6,"relative_humidity":93.0,"turbulence_score":0.111,"icing_score":0.0,"convection_score":0.011}},{"type":"Feature","geometry":{"type":"Point","coordinates":[80.0,-66.0]},"properties":{"wind_kt":45.3,"wind_from_deg":259.0,"temperature_c":-33.8,"relative_humidity":48.0,"turbulence_score":0.132,"icing_score":0.0,"convection_score":0.0}},{"type":"Feature","geometry":{"type":"Point","coordinates":[84.0,-66.0]},"properties":{"wind_kt":40.2,"wind_from_deg":258.0,"temperature_c":-34.9,"relative_humidity":41.0,"turbulence_score":0.079,"icing_score":0.0,"convection_score":0.0}},{"type":"Feature","geometry":{"type":"Point","coordinates":[88.0,-66.0]},"properties":{"wind_kt":38.3,"wind_from_deg":253.0,"temperature_c":-35.4,"relative_humidity":55.0,"turbulence_score":0.07,"icing_score":0.0,"convection_score":0.0}},{"type":"Feature","geometry":{"type":"Point","coordinates":[92.0,-66.0]},"properties":{"wind_kt":34.7,"wind_from_deg":245.0,"temperature_c":-35.7,"relative_humidity":16.0,"turbulence_score":0.086,"icing_score":0.0,"convection_score":0.0}},{"type":"Feature","geometry":{"type":"Point","coordinates":[96.0,-66.0]},"properties":{"wind_kt":23.7,"wind_from_deg":239.0,"temperature_c":-37.2,"relative_humidity":12.0,"turbulence_score":0.0,"icing_score":0.0,"convection_score":0.0}},{"type":"Feature","geometry":{"type":"Point","coordinates":[100.0,-66.0]},"properties":{"wind_kt":18.2,"wind_from_deg":234.0,"temperature_c":-36.3,"relative_humidity":10.0,"turbulence_score":0.0,"icing_score":0.0,"convection_score":0.0}},{"type":"Feature","geometry":{"type":"Point","coordinates":[104.0,-66.0]},"properties":{"wind_kt":5.5,"wind_from_deg":254.0,"temperature_c":-36.1,"relative_humidity":5.0,"turbulence_score":0.0,"icing_score":0.0,"convection_score":0.0}},{"type":"Feature","geometry":{"type":"Point","coordinates":[108.0,-66.0]},"properties":{"wind_kt":8.5,"wind_from_deg":8.0,"temperature_c":-36.7,"relative_humidity":13.0,"turbulence_score":0.0,"icing_score":0.0,"convection_score":0.0}},{"type":"Feature","geometry":{"type":"Point","coordinates":[112.0,-66.0]},"properties":{"wind_kt":3.6,"wind_from_deg":44.0,"temperature_c":-36.5,"relative_humidity":100.0,"turbulence_score":0.0,"icing_score":0.0,"convection_score":0.0}},{"type":"Feature","geometry":{"type":"Point","coordinates":[116.0,-66.0]},"properties":{"wind_kt":9.0,"wind_from_deg":51.0,"temperature_c":-38.5,"relative_humidity":99.0,"turbulence_score":0.0,"icing_score":0.0,"convection_score":0.289}},{"type":"Feature","geometry":{"type":"Point","coordinates":[120.0,-66.0]},"properties":{"wind_kt":12.1,"wind_from_deg":60.0,"temperature_c":-39.1,"relative_humidity":100.0,"turbulence_score":0.0,"icing_score":0.0,"convection_score":0.3}},{"type":"Feature","geometry":{"type":"Point","coordinates":[124.0,-66.0]},"properties":{"wind_kt":10.6,"wind_from_deg":123.0,"temperature_c":-39.2,"relative_humidity":91.0,"turbulence_score":0.0,"icing_score":0.0,"convection_score":0.015}},{"type":"Feature","geometry":{"type":"Point","coordinates":[128.0,-66.0]},"properties":{"wind_kt":11.9,"wind_from_deg":71.0,"temperature_c":-39.8,"relative_humidity":100.0,"turbulence_score":0.0,"icing_score":0.0,"convection_score":0.012}},{"type":"Feature","geometry":{"type":"Point","coordinates":[132.0,-66.0]},"properties":{"wind_kt":19.7,"wind_from_deg":31.0,"temperature_c":-39.7,"relative_humidity":99.0,"turbulence_score":0.002,"icing_score":0.0,"convection_score":0.3}},{"type":"Feature","geometry":{"type":"Point","coordinates":[136.0,-66.0]},"properties":{"wind_kt":8.6,"wind_from_deg":344.0,"temperature_c":-39.1,"relative_humidity":99.0,"turbulence_score":0.0,"icing_score":0.0,"convection_score":0.287}},{"type":"Feature","geometry":{"type":"Point","coordinates":[140.0,-66.0]},"properties":{"wind_kt":17.1,"wind_from_deg":342.0,"temperature_c":-38.6,"relative_humidity":100.0,"turbulence_score":0.0,"icing_score":0.0,"convection_score":0.19}},{"type":"Feature","geometry":{"type":"Point","coordinates":[144.0,-66.0]},"properties":{"wind_kt":24.8,"wind_from_deg":328.0,"temperature_c":-38.4,"relative_humidity":88.0,"turbulence_score":0.0,"icing_score":0.0,"convection_score":0.202}},{"type":"Feature","geometry":{"type":"Point","coordinates":[148.0,-66.0]},"properties":{"wind_kt":30.9,"wind_from_deg":303.0,"temperature_c":-38.3,"relative_humidity":59.0,"turbulence_score":0.0,"icing_score":0.0,"convection_score":0.016}},{"type":"Feature","geometry":{"type":"Point","coordinates":[152.0,-66.0]},"properties":{"wind_kt":28.3,"wind_from_deg":313.0,"temperature_c":-38.0,"relative_humidity":12.0,"turbulence_score":0.0,"icing_score":0.0,"convection_score":0.015}},{"type":"Feature","geometry":{"type":"Point","coordinates":[156.0,-66.0]},"properties":{"wind_kt":36.9,"wind_from_deg":308.0,"temperature_c":-34.5,"relative_humidity":3.0,"turbulence_score":0.055,"icing_score":0.0,"convection_score":0.3}},{"type":"Feature","geometry":{"type":"Point","coordinates":[160.0,-66.0]},"properties":{"wind_kt":35.9,"wind_from_deg":299.0,"temperature_c":-31.5,"relative_humidity":2.0,"turbulence_score":0.041,"icing_score":0.0,"convection_score":0.294}},{"type":"Feature","geometry":{"type":"Point","coordinates":[164.0,-66.0]},"properties":{"wind_kt":41.4,"wind_from_deg":271.0,"temperature_c":-31.8,"relative_humidity":9.0,"turbulence_score":0.064,"icing_score":0.0,"convection_score":0.3}},{"type":"Feature","geometry":{"type":"Point","coordinates":[168.0,-66.0]},"properties":{"wind_kt":28.0,"wind_from_deg":265.0,"temperature_c":-32.3,"relative_humidity":48.0,"turbulence_score":0.065,"icing_score":0.0,"convection_score":0.282}},{"type":"Feature","geometry":{"type":"Point","coordinates":[172.0,-66.0]},"properties":{"wind_kt":46.1,"wind_from_deg":258.0,"temperature_c":-31.1,"relative_humidity":89.0,"turbulence_score":0.075,"icing_score":0.0,"convection_score":0.009}},{"type":"Feature","geometry":{"type":"Point","coordinates":[176.0,-66.0]},"properties":{"wind_kt":50.8,"wind_from_deg":256.0,"temperature_c":-30.8,"relative_humidity":87.0,"turbulence_score":0.047,"icing_score":0.0,"convection_score":0.003}},{"type":"Feature","geometry":{"type":"Point","coordinates":[180.0,-66.0]},"properties":{"wind_kt":38.7,"wind_from_deg":251.0,"temperature_c":-31.0,"relative_humidity":93.0,"turbulence_score":0.018,"icing_score":0.0,"convection_score":0.015}},{"type":"Feature","geometry":{"type":"Point","coordinates":[184.0,-66.0]},"properties":{"wind_kt":12.0,"wind_from_deg":180.0,"temperature_c":-33.2,"relative_humidity":28.0,"turbulence_score":0.035,"icing_score":0.0,"convection_score":0.047}},{"type":"Feature","geometry":{"type":"Point","coordinates":[188.0,-66.0]},"properties":{"wind_kt":20.6,"wind_from_deg":89.0,"temperature_c":-33.1,"relative_humidity":100.0,"turbulence_score":0.0,"icing_score":0.0,"convection_score":0.0}},{"type":"Feature","geometry":{"type":"Point","coordinates":[192.0,-66.0]},"properties":{"wind_kt":36.8,"wind_from_deg":31.0,"temperature_c":-29.6,"relative_humidity":100.0,"turbulence_score":0.197,"icing_score":0.0,"convection_score":0.3}},{"type":"Feature","geometry":{"type":"Point","coordinates":[196.0,-66.0]},"properties":{"wind_kt":31.2,"wind_from_deg":21.0,"temperature_c":-27.5,"relative_humidity":100.0,"turbulence_score":0.096,"icing_score":0.0,"convection_score":0.3}},{"type":"Feature","geometry":{"type":"Point","coordinates":[200.0,-66.0]},"properties":{"wind_kt":24.0,"wind_from_deg":344.0,"temperature_c":-27.0,"relative_humidity":100.0,"turbulence_score":0.0,"icing_score":0.0,"convection_score":0.3}},{"type":"Feature","geometry":{"type":"Point","coordinates":[204.0,-66.0]},"properties":{"wind_kt":22.0,"wind_from_deg":336.0,"temperature_c":-26.8,"relative_humidity":100.0,"turbulence_score":0.0,"icing_score":0.0,"convection_score":0.3}},{"type":"Feature","geometry":{"type":"Point","coordinates":[208.0,-66.0]},"properties":{"wind_kt":17.3,"wind_from_deg":310.0,"temperature_c":-26.7,"relative_humidity":100.0,"turbulence_score":0.0,"icing_score":0.0,"convection_score":0.0}},{"type":"Feature","geometry":{"type":"Point","coordinates":[212.0,-66.0]},"properties":{"wind_kt":19.6,"wind_from_deg":236.0,"temperature_c":-27.0,"relative_humidity":23.0,"turbulence_score":0.006,"icing_score":0.0,"convection_score":0.0}},{"type":"Feature","geometry":{"type":"Point","coordinates":[216.0,-66.0]},"properties":{"wind_kt":25.7,"wind_from_deg":213.0,"temperature_c":-30.0,"relative_humidity":4.0,"turbulence_score":0.077,"icing_score":0.0,"convection_score":0.0}},{"type":"Feature","geometry":{"type":"Point","coordinates":[220.0,-66.0]},"properties":{"wind_kt":28.2,"wind_from_deg":201.0,"temperature_c":-32.7,"relative_humidity":13.0,"turbulence_score":0.071,"icing_score":0.0,"convection_score":0.0}},{"type":"Feature","geometry":{"type":"Point","coordinates":[224.0,-66.0]},"properties":{"wind_kt":12.3,"wind_from_deg":256.0,"temperature_c":-37.0,"relative_humidity":78.0,"turbulence_score":0.0,"icing_score":0.0,"convection_score":0.0}},{"type":"Feature","geometry":{"type":"Point","coordinates":[228.0,-66.0]},"properties":{"wind_kt":24.0,"wind_from_deg":164.0,"temperature_c":-35.6,"relative_humidity":36.0,"turbulence_score":0.008,"icing_score":0.0,"convection_score":0.004}},{"type":"Feature","geometry":{"type":"Point","coordinates":[232.0,-66.0]},"properties":{"wind_kt":32.5,"wind_from_deg":137.0,"temperature_c":-34.5,"relative_humidity":74.0,"turbulence_score":0.005,"icing_score":0.0,"convection_score":0.157}},{"type":"Feature","geometry":{"type":"Point","coordinates":[236.0,-66.0]},"properties":{"wind_kt":3.7,"wind_from_deg":289.0,"temperature_c":-35.8,"relative_humidity":70.0,"turbulence_score":0.0,"icing_score":0.0,"convection_score":0.011}},{"type":"Feature","geometry":{"type":"Point","coordinates":[240.0,-66.0]},"properties":{"wind_kt":13.2,"wind_from_deg":302.0,"temperature_c":-35.6,"relative_humidity":71.0,"turbulence_score":0.0,"icing_score":0.0,"convection_score":0.013}},{"type":"Feature","geometry":{"type":"Point","coordinates":[244.0,-66.0]},"properties":{"wind_kt":17.6,"wind_from_deg":312.0,"temperature_c":-35.6,"relative_humidity":41.0,"turbulence_score":0.0,"icing_score":0.0,"convection_score":0.014}},{"type":"Feature","geometry":{"type":"Point","coordinates":[248.0,-66.0]},"properties":{"wind_kt":21.9,"wind_from_deg":289.0,"temperature_c":-35.7,"relative_humidity":66.0,"turbulence_score":0.0,"icing_score":0.0,"convection_score":0.0}},{"type":"Feature","geometry":{"type":"Point","coordinates":[252.0,-66.0]},"properties":{"wind_kt":22.1,"wind_from_deg":282.0,"temperature_c":-35.8,"relative_humidity":54.0,"turbulence_score":0.0,"icing_score":0.0,"convection_score":0.015}},{"type":"Feature","geometry":{"type":"Point","coordinates":[256.0,-66.0]},"properties":{"wind_kt":19.6,"wind_from_deg":316.0,"temperature_c":-35.1,"relative_humidity":56.0,"turbulence_score":0.0,"icing_score":0.0,"convection_score":0.016}},{"type":"Feature","geometry":{"type":"Point","coordinates":[260.0,-66.0]},"properties":{"wind_kt":24.7,"wind_from_deg":301.0,"temperature_c":-34.1,"relative_humidity":21.0,"turbulence_score":0.0,"icing_score":0.0,"convection_score":0.0}},{"type":"Feature","geometry":{"type":"Point","coordinates":[264.0,-66.0]},"properties":{"wind_kt":23.6,"wind_from_deg":313.0,"temperature_c":-34.1,"relative_humidity":31.0,"turbulence_score":0.005,"icing_score":0.0,"convection_score":0.0}},{"type":"Feature","geometry":{"type":"Point","coordinates":[268.0,-66.0]},"properties":{"wind_kt":22.8,"wind_from_deg":295.0,"temperature_c":-33.7,"relative_humidity":27.0,"turbulence_score":0.012,"icing_score":0.0,"convection_score":0.0}},{"type":"Feature","geometry":{"type":"Point","coordinates":[272.0,-66.0]},"properties":{"wind_kt":39.6,"wind_from_deg":320.0,"temperature_c":-34.6,"relative_humidity":100.0,"turbulence_score":0.091,"icing_score":0.0,"convection_score":0.0}},{"type":"Feature","geometry":{"type":"Point","coordinates":[276.0,-66.0]},"properties":{"wind_kt":42.6,"wind_from_deg":308.0,"temperature_c":-32.3,"relative_humidity":99.0,"turbulence_score":0.126,"icing_score":0.0,"convection_score":0.0}},{"type":"Feature","geometry":{"type":"Point","coordinates":[280.0,-66.0]},"properties":{"wind_kt":30.2,"wind_from_deg":279.0,"temperature_c":-31.7,"relative_humidity":24.0,"turbulence_score":0.04,"icing_score":0.0,"convection_score":0.3}},{"type":"Feature","geometry":{"type":"Point","coordinates":[284.0,-66.0]},"properties":{"wind_kt":28.6,"wind_from_deg":288.0,"temperature_c":-32.1,"relative_humidity":100.0,"turbulence_score":0.04,"icing_score":0.0,"convection_score":0.025}},{"type":"Feature","geometry":{"type":"Point","coordinates":[288.0,-66.0]},"properties":{"wind_kt":27.7,"wind_from_deg":272.0,"temperature_c":-31.5,"relative_humidity":60.0,"turbulence_score":0.005,"icing_score":0.0,"convection_score":0.024}},{"type":"Feature","geometry":{"type":"Point","coordinates":[292.0,-66.0]},"properties":{"wind_kt":20.0,"wind_from_deg":257.0,"temperature_c":-31.0,"relative_humidity":78.0,"turbulence_score":0.0,"icing_score":0.0,"convection_score":0.3}},{"type":"Feature","geometry":{"type":"Point","coordinates":[296.0,-66.0]},"properties":{"wind_kt":14.4,"wind_from_deg":317.0,"temperature_c":-30.6,"relative_humidity":92.0,"turbulence_score":0.005,"icing_score":0.0,"convection_score":0.002}},{"type":"Feature","geometry":{"type":"Point","coordinates":[300.0,-66.0]},"properties":{"wind_kt":17.7,"wind_from_deg":292.0,"temperature_c":-30.4,"relative_humidity":100.0,"turbulence_score":0.0,"icing_score":0.0,"convection_score":0.0}},{"type":"Feature","geometry":{"type":"Point","coordinates":[304.0,-66.0]},"properties":{"wind_kt":24.4,"wind_from_deg":272.0,"temperature_c":-28.7,"relative_humidity":90.0,"turbulence_score":0.054,"icing_score":0.0,"convection_score":0.0}},{"type":"Feature","geometry":{"type":"Point","coordinates":[308.0,-66.0]},"properties":{"wind_kt":24.6,"wind_from_deg":264.0,"temperature_c":-28.3,"relative_humidity":85.0,"turbulence_score":0.014,"icing_score":0.0,"convection_score":0.0}},{"type":"Feature","geometry":{"type":"Point","coordinates":[312.0,-66.0]},"properties":{"wind_kt":29.4,"wind_from_deg":258.0,"temperature_c":-28.9,"relative_humidity":100.0,"turbulence_score":0.037,"icing_score":0.0,"convection_score":0.0}},{"type":"Feature","geometry":{"type":"Point","coordinates":[316.0,-66.0]},"properties":{"wind_kt":22.4,"wind_from_deg":234.0,"temperature_c":-29.2,"relative_humidity":37.0,"turbulence_score":0.0,"icing_score":0.0,"convection_score":0.0}},{"type":"Feature","geometry":{"type":"Point","coordinates":[320.0,-66.0]},"properties":{"wind_kt":31.6,"wind_from_deg":244.0,"temperature_c":-30.5,"relative_humidity":23.0,"turbulence_score":0.038,"icing_score":0.0,"convection_score":0.0}},{"type":"Feature","geometry":{"type":"Point","coordinates":[324.0,-66.0]},"properties":{"wind_kt":35.1,"wind_from_deg":233.0,"temperature_c":-31.3,"relative_humidity":66.0,"turbulence_score":0.024,"icing_score":0.0,"convection_score":0.0}},{"type":"Feature","geometry":{"type":"Point","coordinates":[328.0,-66.0]},"properties":{"wind_kt":36.2,"wind_from_deg":217.0,"temperature_c":-31.1,"relative_humidity":86.0,"turbulence_score":0.003,"icing_score":0.0,"convection_score":0.0}},{"type":"Feature","geometry":{"type":"Point","coordinates":[332.0,-66.0]},"properties":{"wind_kt":63.0,"wind_from_deg":199.0,"temperature_c":-31.3,"relative_humidity":6.0,"turbulence_score":0.246,"icing_score":0.0,"convection_score":0.0}},{"type":"Feature","geometry":{"type":"Point","coordinates":[336.0,-66.0]},"properties":{"wind_kt":20.6,"wind_from_deg":189.0,"temperature_c":-33.2,"relative_humidity":53.0,"turbulence_score":0.0,"icing_score":0.0,"convection_score":0.0}},{"type":"Feature","geometry":{"type":"Point","coordinates":[340.0,-66.0]},"properties":{"wind_kt":19.0,"wind_from_deg":171.0,"temperature_c":-33.4,"relative_humidity":61.0,"turbulence_score":0.0,"icing_score":0.0,"convection_score":0.015}},{"type":"Feature","geometry":{"type":"Point","coordinates":[344.0,-66.0]},"properties":{"wind_kt":25.1,"wind_from_deg":155.0,"temperature_c":-33.9,"relative_humidity":37.0,"turbulence_score":0.0,"icing_score":0.0,"convection_score":0.194}},{"type":"Feature","geometry":{"type":"Point","coordinates":[348.0,-66.0]},"properties":{"wind_kt":29.7,"wind_from_deg":139.0,"temperature_c":-33.9,"relative_humidity":28.0,"turbulence_score":0.033,"icing_score":0.0,"convection_score":0.187}},{"type":"Feature","geometry":{"type":"Point","coordinates":[352.0,-66.0]},"properties":{"wind_kt":31.1,"wind_from_deg":129.0,"temperature_c":-34.5,"relative_humidity":33.0,"turbulence_score":0.05,"icing_score":0.0,"convection_score":0.014}},{"type":"Feature","geometry":{"type":"Point","coordinates":[356.0,-66.0]},"properties":{"wind_kt":30.7,"wind_from_deg":124.0,"temperature_c":-35.4,"relative_humidity":54.0,"turbulence_score":0.059,"icing_score":0.0,"convection_score":0.0}},{"type":"Feature","geometry":{"type":"Point","coordinates":[0.0,-70.0]},"properties":{"wind_kt":16.3,"wind_from_deg":164.0,"temperature_c":-36.8,"relative_humidity":94.0,"turbulence_score":0.0,"icing_score":0.0,"convection_score":0.0}},{"type":"Feature","geometry":{"type":"Point","coordinates":[4.0,-70.0]},"properties":{"wind_kt":7.4,"wind_from_deg":155.0,"temperature_c":-37.5,"relative_humidity":84.0,"turbulence_score":0.0,"icing_score":0.0,"convection_score":0.182}},{"type":"Feature","geometry":{"type":"Point","coordinates":[8.0,-70.0]},"properties":{"wind_kt":5.8,"wind_from_deg":159.0,"temperature_c":-38.4,"relative_humidity":87.0,"turbulence_score":0.0,"icing_score":0.0,"convection_score":0.018}},{"type":"Feature","geometry":{"type":"Point","coordinates":[12.0,-70.0]},"properties":{"wind_kt":7.1,"wind_from_deg":130.0,"temperature_c":-40.2,"relative_humidity":81.0,"turbulence_score":0.0,"icing_score":0.0,"convection_score":0.015}},{"type":"Feature","geometry":{"type":"Point","coordinates":[16.0,-70.0]},"properties":{"wind_kt":19.3,"wind_from_deg":125.0,"temperature_c":-42.2,"relative_humidity":56.0,"turbulence_score":0.0,"icing_score":0.0,"convection_score":0.015}},{"type":"Feature","geometry":{"type":"Point","coordinates":[20.0,-70.0]},"properties":{"wind_kt":17.8,"wind_from_deg":116.0,"temperature_c":-42.0,"relative_humidity":79.0,"turbulence_score":0.0,"icing_score":0.0,"convection_score":0.024}},{"type":"Feature","geometry":{"type":"Point","coordinates":[24.0,-70.0]},"properties":{"wind_kt":21.2,"wind_from_deg":92.0,"temperature_c":-43.0,"relative_humidity":94.0,"turbulence_score":0.0,"icing_score":0.0,"convection_score":0.286}},{"type":"Feature","geometry":{"type":"Point","coordinates":[28.0,-70.0]},"properties":{"wind_kt":14.2,"wind_from_deg":94.0,"temperature_c":-43.0,"relative_humidity":100.0,"turbulence_score":0.0,"icing_score":0.0,"convection_score":0.137}},{"type":"Feature","geometry":{"type":"Point","coordinates":[32.0,-70.0]},"properties":{"wind_kt":28.1,"wind_from_deg":44.0,"temperature_c":-43.2,"relative_humidity":100.0,"turbulence_score":0.063,"icing_score":0.0,"convection_score":0.3}},{"type":"Feature","geometry":{"type":"Point","coordinates":[36.0,-70.0]},"properties":{"wind_kt":11.3,"wind_from_deg":45.0,"temperature_c":-42.7,"relative_humidity":100.0,"turbulence_score":0.0,"icing_score":0.0,"convection_score":0.0}},{"type":"Feature","geometry":{"type":"Point","coordinates":[40.0,-70.0]},"properties":{"wind_kt":5.7,"wind_from_deg":249.0,"temperature_c":-42.5,"relative_humidity":99.0,"turbulence_score":0.0,"icing_score":0.0,"convection_score":0.0}},{"type":"Feature","geometry":{"type":"Point","coordinates":[44.0,-70.0]},"properties":{"wind_kt":9.5,"wind_from_deg":242.0,"temperature_c":-41.8,"relative_humidity":88.0,"turbulence_score":0.0,"icing_score":0.0,"convection_score":0.0}},{"type":"Feature","geometry":{"type":"Point","coordinates":[48.0,-70.0]},"properties":{"wind_kt":7.6,"wind_from_deg":251.0,"temperature_c":-40.6,"relative_humidity":100.0,"turbulence_score":0.0,"icing_score":0.0,"convection_score":0.0}},{"type":"Feature","geometry":{"type":"Point","coordinates":[52.0,-70.0]},"properties":{"wind_kt":10.1,"wind_from_deg":268.0,"temperature_c":-40.2,"relative_humidity":100.0,"turbulence_score":0.0,"icing_score":0.0,"convection_score":0.0}},{"type":"Feature","geometry":{"type":"Point","coordinates":[56.0,-70.0]},"properties":{"wind_kt":14.9,"wind_from_deg":259.0,"temperature_c":-40.2,"relative_humidity":100.0,"turbulence_score":0.0,"icing_score":0.0,"convection_score":0.0}},{"type":"Feature","geometry":{"type":"Point","coordinates":[60.0,-70.0]},"properties":{"wind_kt":24.1,"wind_from_deg":246.0,"temperature_c":-39.4,"relative_humidity":80.0,"turbulence_score":0.033,"icing_score":0.0,"convection_score":0.0}},{"type":"Feature","geometry":{"type":"Point","coordinates":[64.0,-70.0]},"properties":{"wind_kt":30.6,"wind_from_deg":252.0,"temperature_c":-39.9,"relative_humidity":28.0,"turbulence_score":0.01,"icing_score":0.0,"convection_score":0.0}},{"type":"Feature","geometry":{"type":"Point","coordinates":[68.0,-70.0]},"properties":{"wind_kt":47.8,"wind_from_deg":242.0,"temperature_c":-38.6,"relative_humidity":11.0,"turbulence_score":0.151,"icing_score":0.0,"convection_score":0.0}},{"type":"Feature","geometry":{"type":"Point","coordinates":[72.0,-70.0]},"properties":{"wind_kt":49.6,"wind_from_deg":245.0,"temperature_c":-38.0,"relative_humidity":7.0,"turbulence_score":0.14,"icing_score":0.0,"convection_score":0.0}},{"type":"Feature","geometry":{"type":"Point","coordinates":[76.0,-70.0]},"properties":{"wind_kt":45.5,"wind_from_deg":252.0,"temperature_c":-38.4,"relative_humidity":8.0,"turbulence_score":0.19,"icing_score":0.0,"convection_score":0.0}},{"type":"Feature","geometry":{"type":"Point","coordinates":[80.0,-70.0]},"properties":{"wind_kt":36.3,"wind_from_deg":266.0,"temperature_c":-38.6,"relative_humidity":9.0,"turbulence_score":0.134,"icing_score":0.0,"convection_score":0.0}},{"type":"Feature","geometry":{"type":"Point","coordinates":[84.0,-70.0]},"properties":{"wind_kt":25.0,"wind_from_deg":288.0,"temperature_c":-39.8,"relative_humidity":13.0,"turbulence_score":0.061,"icing_score":0.0,"convection_score":0.0}},{"type":"Feature","geometry":{"type":"Point","coordinates":[88.0,-70.0]},"properties":{"wind_kt":17.0,"wind_from_deg":317.0,"temperature_c":-40.8,"relative_humidity":16.0,"turbulence_score":0.0,"icing_score":0.0,"convection_score":0.0}},{"type":"Feature","geometry":{"type":"Point","coordinates":[92.0,-70.0]},"properties":{"wind_kt":22.0,"wind_from_deg":353.0,"temperature_c":-41.3,"relative_humidity":20.0,"turbulence_score":0.011,"icing_score":0.0,"convection_score":0.0}},{"type":"Feature","geometry":{"type":"Point","coordinates":[96.0,-70.0]},"properties":{"wind_kt":13.1,"wind_from_deg":359.0,"temperature_c":-38.9,"relative_humidity":15.0,"turbulence_score":0.0,"icing_score":0.0,"convection_score":0.0}},{"type":"Feature","geometry":{"type":"Point","coordinates":[100.0,-70.0]},"properties":{"wind_kt":15.4,"wind_from_deg":29.0,"temperature_c":-38.4,"relative_humidity":20.0,"turbulence_score":0.0,"icing_score":0.0,"convection_score":0.0}},{"type":"Feature","geometry":{"type":"Point","coordinates":[104.0,-70.0]},"properties":{"wind_kt":23.2,"wind_from_deg":29.0,"temperature_c":-36.2,"relative_humidity":48.0,"turbulence_score":0.025,"icing_score":0.0,"convection_score":0.0}},{"type":"Feature","geometry":{"type":"Point","coordinates":[108.0,-70.0]},"properties":{"wind_kt":19.0,"wind_from_deg":46.0,"temperature_c":-36.6,"relative_humidity":100.0,"turbulence_score":0.0,"icing_score":0.0,"convection_score":0.0}},{"type":"Feature","geometry":{"type":"Point","coordinates":[112.0,-70.0]},"properties":{"wind_kt":16.5,"wind_from_deg":55.0,"temperature_c":-37.5,"relative_humidity":100.0,"turbulence_score":0.0,"icing_score":0.0,"convection_score":0.0}},{"type":"Feature","geometry":{"type":"Point","coordinates":[116.0,-70.0]},"properties":{"wind_kt":23.4,"wind_from_deg":57.0,"temperature_c":-36.6,"relative_humidity":80.0,"turbulence_score":0.0,"icing_score":0.0,"convection_score":0.0}},{"type":"Feature","geometry":{"type":"Point","coordinates":[120.0,-70.0]},"properties":{"wind_kt":13.8,"wind_from_deg":61.0,"temperature_c":-37.9,"relative_humidity":100.0,"turbulence_score":0.0,"icing_score":0.0,"convection_score":0.0}},{"type":"Feature","geometry":{"type":"Point","coordinates":[124.0,-70.0]},"properties":{"wind_kt":13.6,"wind_from_deg":38.0,"temperature_c":-38.6,"relative_humidity":100.0,"turbulence_score":0.0,"icing_score":0.0,"convection_score":0.0}},{"type":"Feature","geometry":{"type":"Point","coordinates":[128.0,-70.0]},"properties":{"wind_kt":20.1,"wind_from_deg":60.0,"temperature_c":-38.4,"relative_humidity":100.0,"turbulence_score":0.002,"icing_score":0.0,"convection_score":0.0}},{"type":"Feature","geometry":{"type":"Point","coordinates":[132.0,-70.0]},"properties":{"wind_kt":20.9,"wind_from_deg":57.0,"temperature_c":-38.0,"relative_humidity":100.0,"turbulence_score":0.0,"icing_score":0.0,"convection_score":0.0}},{"type":"Feature","geometry":{"type":"Point","coordinates":[136.0,-70.0]},"properties":{"wind_kt":18.4,"wind_from_deg":58.0,"temperature_c":-37.8,"relative_humidity":100.0,"turbulence_score":0.0,"icing_score":0.0,"convection_score":0.0}},{"type":"Feature","geometry":{"type":"Point","coordinates":[140.0,-70.0]},"properties":{"wind_kt":23.0,"wind_from_deg":47.0,"temperature_c":-36.7,"relative_humidity":100.0,"turbulence_score":0.0,"icing_score":0.0,"convection_score":0.0}},{"type":"Feature","geometry":{"type":"Point","coordinates":[144.0,-70.0]},"properties":{"wind_kt":22.6,"wind_from_deg":48.0,"temperature_c":-36.1,"relative_humidity":100.0,"turbulence_score":0.0,"icing_score":0.0,"convection_score":0.0}},{"type":"Feature","geometry":{"type":"Point","coordinates":[148.0,-70.0]},"properties":{"wind_kt":24.4,"wind_from_deg":38.0,"temperature_c":-35.5,"relative_humidity":100.0,"turbulence_score":0.055,"icing_score":0.0,"convection_score":0.0}},{"type":"Feature","geometry":{"type":"Point","coordinates":[152.0,-70.0]},"properties":{"wind_kt":22.2,"wind_from_deg":35.0,"temperature_c":-35.0,"relative_humidity":100.0,"turbulence_score":0.0,"icing_score":0.0,"convection_score":0.0}},{"type":"Feature","geometry":{"type":"Point","coordinates":[156.0,-70.0]},"properties":{"wind_kt":14.9,"wind_from_deg":36.0,"temperature_c":-34.3,"relative_humidity":100.0,"turbulence_score":0.0,"icing_score":0.0,"convection_score":0.0}},{"type":"Feature","geometry":{"type":"Point","coordinates":[160.0,-70.0]},"properties":{"wind_kt":9.7,"wind_from_deg":51.0,"temperature_c":-33.1,"relative_humidity":100.0,"turbulence_score":0.0,"icing_score":0.0,"convection_score":0.261}},{"type":"Feature","geometry":{"type":"Point","coordinates":[164.0,-70.0]},"properties":{"wind_kt":9.0,"wind_from_deg":44.0,"temperature_c":-30.5,"relative_humidity":100.0,"turbulence_score":0.044,"icing_score":0.0,"convection_score":0.296}},{"type":"Feature","geometry":{"type":"Point","coordinates":[168.0,-70.0]},"properties":{"wind_kt":11.6,"wind_from_deg":120.0,"temperature_c":-30.3,"relative_humidity":100.0,"turbulence_score":0.075,"icing_score":0.0,"convection_score":0.3}},{"type":"Feature","geometry":{"type":"Point","coordinates":[172.0,-70.0]},"properties":{"wind_kt":17.1,"wind_from_deg":68.0,"temperature_c":-30.4,"relative_humidity":15.0,"turbulence_score":0.0,"icing_score":0.0,"convection_score":0.3}},{"type":"Feature","geometry":{"type":"Point","coordinates":[176.0,-70.0]},"properties":{"wind_kt":20.2,"wind_from_deg":66.0,"temperature_c":-30.1,"relative_humidity":66.0,"turbulence_score":0.007,"icing_score":0.0,"convection_score":0.3}},{"type":"Feature","geometry":{"type":"Point","coordinates":[180.0,-70.0]},"properties":{"wind_kt":15.8,"wind_from_deg":67.0,"temperature_c":-29.0,"relative_humidity":100.0,"turbulence_score":0.0,"icing_score":0.0,"convection_score":0.292}},{"type":"Feature","geometry":{"type":"Point","coordinates":[184.0,-70.0]},"properties":{"wind_kt":15.2,"wind_from_deg":80.0,"temperature_c":-28.5,"relative_humidity":100.0,"turbulence_score":0.0,"icing_score":0.0,"convection_score":0.3}},{"type":"Feature","geometry":{"type":"Point","coordinates":[188.0,-70.0]},"properties":{"wind_kt":12.3,"wind_from_deg":48.0,"temperature_c":-29.0,"relative_humidity":100.0,"turbulence_score":0.0,"icing_score":0.0,"convection_score":0.3}},{"type":"Feature","geometry":{"type":"Point","coordinates":[192.0,-70.0]},"properties":{"wind_kt":10.6,"wind_from_deg":25.0,"temperature_c":-28.5,"relative_humidity":100.0,"turbulence_score":0.0,"icing_score":0.0,"convection_score":0.275}},{"type":"Feature","geometry":{"type":"Point","coordinates":[196.0,-70.0]},"properties":{"wind_kt":11.0,"wind_from_deg":6.0,"temperature_c":-27.9,"relative_humidity":100.0,"turbulence_score":0.0,"icing_score":0.0,"convection_score":0.3}},{"type":"Feature","geometry":{"type":"Point","coordinates":[200.0,-70.0]},"properties":{"wind_kt":10.4,"wind_from_deg":345.0,"temperature_c":-27.7,"relative_humidity":100.0,"turbulence_score":0.0,"icing_score":0.0,"convection_score":0.105}},{"type":"Feature","geometry":{"type":"Point","coordinates":[204.0,-70.0]},"properties":{"wind_kt":10.8,"wind_from_deg":297.0,"temperature_c":-27.6,"relative_humidity":54.0,"turbulence_score":0.0,"icing_score":0.0,"convection_score":0.0}},{"type":"Feature","geometry":{"type":"Point","coordinates":[208.0,-70.0]},"properties":{"wind_kt":16.9,"wind_from_deg":254.0,"temperature_c":-28.1,"relative_humidity":25.0,"turbulence_score":0.0,"icing_score":0.0,"convection_score":0.0}},{"type":"Feature","geometry":{"type":"Point","coordinates":[212.0,-70.0]},"properties":{"wind_kt":25.2,"wind_from_deg":238.0,"temperature_c":-29.5,"relative_humidity":34.0,"turbulence_score":0.069,"icing_score":0.0,"convection_score":0.0}},{"type":"Feature","geometry":{"type":"Point","coordinates":[216.0,-70.0]},"properties":{"wind_kt":18.9,"wind_from_deg":250.0,"temperature_c":-33.2,"relative_humidity":30.0,"turbulence_score":0.043,"icing_score":0.0,"convection_score":0.0}},{"type":"Feature","geometry":{"type":"Point","coordinates":[220.0,-70.0]},"properties":{"wind_kt":19.6,"wind_from_deg":230.0,"temperature_c":-33.5,"relative_humidity":30.0,"turbulence_score":0.012,"icing_score":0.0,"convection_score":0.0}},{"type":"Feature","geometry":{"type":"Point","coordinates":[224.0,-70.0]},"properties":{"wind_kt":14.7,"wind_from_deg":216.0,"temperature_c":-35.0,"relative_humidity":35.0,"turbulence_score":0.0,"icing_score":0.0,"convection_score":0.0}},{"type":"Feature","geometry":{"type":"Point","coordinates":[228.0,-70.0]},"properties":{"wind_kt":13.5,"wind_from_deg":260.0,"temperature_c":-36.9,"relative_humidity":24.0,"turbulence_score":0.0,"icing_score":0.0,"convection_score":0.0}},{"type":"Feature","geometry":{"type":"Point","coordinates":[232.0,-70.0]},"properties":{"wind_kt":12.6,"wind_from_deg":256.0,"temperature_c":-37.8,"relative_humidity":43.0,"turbulence_score":0.0,"icing_score":0.0,"convection_score":0.0}},{"type":"Feature","geometry":{"type":"Point","coordinates":[236.0,-70.0]},"properties":{"wind_kt":12.6,"wind_from_deg":320.0,"temperature_c":-35.5,"relative_humidity":67.0,"turbulence_score":0.0,"icing_score":0.0,"convection_score":0.0}},{"type":"Feature","geometry":{"type":"Point","coordinates":[240.0,-70.0]},"properties":{"wind_kt":6.0,"wind_from_deg":18.0,"temperature_c":-34.3,"relative_humidity":100.0,"turbulence_score":0.0,"icing_score":0.0,"convection_score":0.008}},{"type":"Feature","geometry":{"type":"Point","coordinates":[244.0,-70.0]},"properties":{"wind_kt":10.2,"wind_from_deg":61.0,"temperature_c":-33.7,"relative_humidity":100.0,"turbulence_score":0.0,"icing_score":0.0,"convection_score":0.3}},{"type":"Feature","geometry":{"type":"Point","coordinates":[248.0,-70.0]},"properties":{"wind_kt":19.3,"wind_from_deg":37.0,"temperature_c":-33.1,"relative_humidity":100.0,"turbulence_score":0.0,"icing_score":0.0,"convection_score":0.3}},{"type":"Feature","geometry":{"type":"Point","coordinates":[252.0,-70.0]},"properties":{"wind_kt":22.4,"wind_from_deg":37.0,"temperature_c":-33.1,"relative_humidity":100.0,"turbulence_score":0.0,"icing_score":0.0,"convection_score":0.3}},{"type":"Feature","geometry":{"type":"Point","coordinates":[256.0,-70.0]},"properties":{"wind_kt":12.6,"wind_from_deg":31.0,"temperature_c":-32.8,"relative_humidity":99.0,"turbulence_score":0.0,"icing_score":0.0,"convection_score":0.003}},{"type":"Feature","geometry":{"type":"Point","coordinates":[260.0,-70.0]},"properties":{"wind_kt":14.3,"wind_from_deg":4.0,"temperature_c":-32.9,"relative_humidity":100.0,"turbulence_score":0.0,"icing_score":0.0,"convection_score":0.0}},{"type":"Feature","geometry":{"type":"Point","coordinates":[264.0,-70.0]},"properties":{"wind_kt":22.6,"wind_from_deg":0.0,"temperature_c":-32.3,"relative_humidity":40.0,"turbulence_score":0.012,"icing_score":0.0,"convection_score":0.014}},{"type":"Feature","geometry":{"type":"Point","coordinates":[268.0,-70.0]},"properties":{"wind_kt":15.4,"wind_from_deg":24.0,"temperature_c":-31.4,"relative_humidity":5.0,"turbulence_score":0.0,"icing_score":0.0,"convection_score":0.274}},{"type":"Feature","geometry":{"type":"Point","coordinates":[272.0,-70.0]},"properties":{"wind_kt":9.7,"wind_from_deg":45.0,"temperature_c":-32.0,"relative_humidity":6.0,"turbulence_score":0.0,"icing_score":0.0,"convection_score":0.286}},{"type":"Feature","geometry":{"type":"Point","coordinates":[276.0,-70.0]},"properties":{"wind_kt":3.9,"wind_from_deg":311.0,"temperature_c":-33.2,"relative_humidity":12.0,"turbulence_score":0.0,"icing_score":0.0,"convection_score":0.015}},{"type":"Feature","geometry":{"type":"Point","coordinates":[280.0,-70.0]},"properties":{"wind_kt":11.4,"wind_from_deg":286.0,"temperature_c":-34.6,"relative_humidity":34.0,"turbulence_score":0.0,"icing_score":0.0,"convection_score":0.0}},{"type":"Feature","geometry":{"type":"Point","coordinates":[284.0,-70.0]},"properties":{"wind_kt":11.7,"wind_from_deg":247.0,"temperature_c":-35.5,"relative_humidity":34.0,"turbulence_score":0.0,"icing_score":0.0,"convection_score":0.0}},{"type":"Feature","geometry":{"type":"Point","coordinates":[288.0,-70.0]},"properties":{"wind_kt":23.0,"wind_from_deg":295.0,"temperature_c":-34.8,"relative_humidity":53.0,"turbulence_score":0.036,"icing_score":0.0,"convection_score":0.293}},{"type":"Feature","geometry":{"type":"Point","coordinates":[292.0,-70.0]},"properties":{"wind_kt":30.2,"wind_from_deg":295.0,"temperature_c":-33.7,"relative_humidity":100.0,"turbulence_score":0.094,"icing_score":0.0,"convection_score":0.279}},{"type":"Feature","geometry":{"type":"Point","coordinates":[296.0,-70.0]},"properties":{"wind_kt":22.5,"wind_from_deg":282.0,"temperature_c":-32.7,"relative_humidity":100.0,"turbulence_score":0.0,"icing_score":0.0,"convection_score":0.0}},{"type":"Feature","geometry":{"type":"Point","coordinates":[300.0,-70.0]},"properties":{"wind_kt":22.0,"wind_from_deg":268.0,"temperature_c":-31.1,"relative_humidity":76.0,"turbulence_score":0.012,"icing_score":0.0,"convection_score":0.0}},{"type":"Feature","geometry":{"type":"Point","coordinates":[304.0,-70.0]},"properties":{"wind_kt":20.3,"wind_from_deg":256.0,"temperature_c":-31.0,"relative_humidity":86.0,"turbulence_score":0.0,"icing_score":0.0,"convection_score":0.0}},{"type":"Feature","geometry":{"type":"Point","coordinates":[308.0,-70.0]},"properties":{"wind_kt":20.0,"wind_from_deg":257.0,"temperature_c":-30.7,"relative_humidity":94.0,"turbulence_score":0.0,"icing_score":0.0,"convection_score":0.0}},{"type":"Feature","geometry":{"type":"Point","coordinates":[312.0,-70.0]},"properties":{"wind_kt":21.4,"wind_from_deg":242.0,"temperature_c":-30.8,"relative_humidity":40.0,"turbulence_score":0.011,"icing_score":0.0,"convection_score":0.001}},{"type":"Feature","geometry":{"type":"Point","coordinates":[316.0,-70.0]},"properties":{"wind_kt":18.8,"wind_from_deg":232.0,"temperature_c":-32.3,"relative_humidity":71.0,"turbulence_score":0.0,"icing_score":0.0,"convection_score":0.0}},{"type":"Feature","geometry":{"type":"Point","coordinates":[320.0,-70.0]},"properties":{"wind_kt":13.1,"wind_from_deg":241.0,"temperature_c":-31.9,"relative_humidity":98.0,"turbulence_score":0.0,"icing_score":0.0,"convection_score":0.0}},{"type":"Feature","geometry":{"type":"Point","coordinates":[324.0,-70.0]},"properties":{"wind_kt":14.3,"wind_from_deg":224.0,"temperature_c":-31.7,"relative_humidity":100.0,"turbulence_score":0.0,"icing_score":0.0,"convection_score":0.0}},{"type":"Feature","geometry":{"type":"Point","coordinates":[328.0,-70.0]},"properties":{"wind_kt":26.9,"wind_from_deg":189.0,"temperature_c":-32.0,"relative_humidity":26.0,"turbulence_score":0.0,"icing_score":0.0,"convection_score":0.0}},{"type":"Feature","geometry":{"type":"Point","coordinates":[332.0,-70.0]},"properties":{"wind_kt":40.0,"wind_from_deg":174.0,"temperature_c":-32.5,"relative_humidity":10.0,"turbulence_score":0.102,"icing_score":0.0,"convection_score":0.0}},{"type":"Feature","geometry":{"type":"Point","coordinates":[336.0,-70.0]},"properties":{"wind_kt":25.3,"wind_from_deg":188.0,"temperature_c":-33.8,"relative_humidity":43.0,"turbulence_score":0.047,"icing_score":0.0,"convection_score":0.0}},{"type":"Feature","geometry":{"type":"Point","coordinates":[340.0,-70.0]},"properties":{"wind_kt":20.3,"wind_from_deg":198.0,"temperature_c":-34.2,"relative_humidity":63.0,"turbulence_score":0.0,"icing_score":0.0,"convection_score":0.0}},{"type":"Feature","geometry":{"type":"Point","coordinates":[344.0,-70.0]},"properties":{"wind_kt":18.8,"wind_from_deg":189.0,"temperature_c":-34.8,"relative_humidity":51.0,"turbulence_score":0.0,"icing_score":0.0,"convection_score":0.0}},{"type":"Feature","geometry":{"type":"Point","coordinates":[348.0,-70.0]},"properties":{"wind_kt":16.0,"wind_from_deg":187.0,"temperature_c":-35.8,"relative_humidity":80.0,"turbulence_score":0.0,"icing_score":0.0,"convection_score":0.0}},{"type":"Feature","geometry":{"type":"Point","coordinates":[352.0,-70.0]},"properties":{"wind_kt":15.4,"wind_from_deg":192.0,"temperature_c":-36.3,"relative_humidity":83.0,"turbulence_score":0.0,"icing_score":0.0,"convection_score":0.0}},{"type":"Feature","geometry":{"type":"Point","coordinates":[356.0,-70.0]},"properties":{"wind_kt":19.6,"wind_from_deg":177.0,"temperature_c":-36.4,"relative_humidity":89.0,"turbulence_score":0.0,"icing_score":0.0,"convection_score":0.29}},{"type":"Feature","geometry":{"type":"Point","coordinates":[0.0,-74.0]},"properties":{"wind_kt":15.5,"wind_from_deg":209.0,"temperature_c":-38.7,"relative_humidity":30.0,"turbulence_score":0.0,"icing_score":0.0,"convection_score":0.0}},{"type":"Feature","geometry":{"type":"Point","coordinates":[4.0,-74.0]},"properties":{"wind_kt":12.2,"wind_from_deg":215.0,"temperature_c":-39.0,"relative_humidity":85.0,"turbulence_score":0.0,"icing_score":0.0,"convection_score":0.0}},{"type":"Feature","geometry":{"type":"Point","coordinates":[8.0,-74.0]},"properties":{"wind_kt":8.7,"wind_from_deg":260.0,"temperature_c":-39.9,"relative_humidity":100.0,"turbulence_score":0.0,"icing_score":0.0,"convection_score":0.0}},{"type":"Feature","geometry":{"type":"Point","coordinates":[12.0,-74.0]},"properties":{"wind_kt":7.4,"wind_from_deg":274.0,"temperature_c":-41.2,"relative_humidity":100.0,"turbulence_score":0.0,"icing_score":0.0,"convection_score":0.0}},{"type":"Feature","geometry":{"type":"Point","coordinates":[16.0,-74.0]},"properties":{"wind_kt":5.8,"wind_from_deg":290.0,"temperature_c":-41.4,"relative_humidity":100.0,"turbulence_score":0.0,"icing_score":0.0,"convection_score":0.0}},{"type":"Feature","geometry":{"type":"Point","coordinates":[20.0,-74.0]},"properties":{"wind_kt":5.7,"wind_from_deg":275.0,"temperature_c":-41.6,"relative_humidity":100.0,"turbulence_score":0.0,"icing_score":0.0,"convection_score":0.0}},{"type":"Feature","geometry":{"type":"Point","coordinates":[24.0,-74.0]},"properties":{"wind_kt":5.7,"wind_from_deg":279.0,"temperature_c":-41.7,"relative_humidity":100.0,"turbulence_score":0.0,"icing_score":0.0,"convection_score":0.0}},{"type":"Feature","geometry":{"type":"Point","coordinates":[28.0,-74.0]},"properties":{"wind_kt":7.3,"wind_from_deg":249.0,"temperature_c":-41.7,"relative_humidity":100.0,"turbulence_score":0.0,"icing_score":0.0,"convection_score":0.0}},{"type":"Feature","geometry":{"type":"Point","coordinates":[32.0,-74.0]},"properties":{"wind_kt":6.7,"wind_from_deg":220.0,"temperature_c":-41.8,"relative_humidity":95.0,"turbulence_score":0.0,"icing_score":0.0,"convection_score":0.0}},{"type":"Feature","geometry":{"type":"Point","coordinates":[36.0,-74.0]},"properties":{"wind_kt":4.7,"wind_from_deg":190.0,"temperature_c":-42.2,"relative_humidity":87.0,"turbulence_score":0.0,"icing_score":0.0,"convection_score":0.0}},{"type":"Feature","geometry":{"type":"Point","coordinates":[40.0,-74.0]},"properties":{"wind_kt":3.8,"wind_from_deg":143.0,"temperature_c":-42.9,"relative_humidity":52.0,"turbulence_score":0.0,"icing_score":0.0,"convection_score":0.0}},{"type":"Feature","geometry":{"type":"Point","coordinates":[44.0,-74.0]},"properties":{"wind_kt":5.6,"wind_from_deg":112.0,"temperature_c":-43.4,"relative_humidity":97.0,"turbulence_score":0.0,"icing_score":0.0,"convection_score":0.0}},{"type":"Feature","geometry":{"type":"Point","coordinates":[48.0,-74.0]},"properties":{"wind_kt":6.9,"wind_from_deg":150.0,"temperature_c":-43.5,"relative_humidity":46.0,"turbulence_score":0.0,"icing_score":0.0,"convection_score":0.0}},{"type":"Feature","geometry":{"type":"Point","coordinates":[52.0,-74.0]},"properties":{"wind_kt":13.2,"wind_from_deg":176.0,"temperature_c":-43.9,"relative_humidity":35.0,"turbulence_score":0.0,"icing_score":0.0,"convection_score":0.0}},{"type":"Feature","geometry":{"type":"Point","coordinates":[56.0,-74.0]},"properties":{"wind_kt":22.5,"wind_from_deg":183.0,"temperature_c":-44.4,"relative_humidity":40.0,"turbulence_score":0.0,"icing_score":0.0,"convection_score":0.0}},{"type":"Feature","geometry":{"type":"Point","coordinates":[60.0,-74.0]},"properties":{"wind_kt":25.4,"wind_from_deg":179.0,"temperature_c":-43.3,"relative_humidity":38.0,"turbulence_score":0.031,"icing_score":0.0,"convection_score":0.0}},{"type":"Feature","geometry":{"type":"Point","coordinates":[64.0,-74.0]},"properties":{"wind_kt":24.7,"wind_from_deg":166.0,"temperature_c":-42.6,"relative_humidity":58.0,"turbulence_score":0.0,"icing_score":0.0,"convection_score":0.0}},{"type":"Feature","geometry":{"type":"Point","coordinates":[68.0,-74.0]},"properties":{"wind_kt":25.3,"wind_from_deg":156.0,"temperature_c":-42.6,"relative_humidity":40.0,"turbulence_score":0.001,"icing_score":0.0,"convection_score":0.0}},{"type":"Feature","geometry":{"type":"Point","coordinates":[72.0,-74.0]},"properties":{"wind_kt":19.2,"wind_from_deg":104.0,"temperature_c":-43.9,"relative_humidity":29.0,"turbulence_score":0.0,"icing_score":0.0,"convection_score":0.0}},{"type":"Feature","geometry":{"type":"Point","coordinates":[76.0,-74.0]},"properties":{"wind_kt":25.0,"wind_from_deg":67.0,"temperature_c":-44.6,"relative_humidity":38.0,"turbulence_score":0.001,"icing_score":0.0,"convection_score":0.0}},{"type":"Feature","geometry":{"type":"Point","coordinates":[80.0,-74.0]},"properties":{"wind_kt":39.6,"wind_from_deg":52.0,"temperature_c":-45.1,"relative_humidity":72.0,"turbulence_score":0.133,"icing_score":0.0,"convection_score":0.0}},{"type":"Feature","geometry":{"type":"Point","coordinates":[84.0,-74.0]},"properties":{"wind_kt":40.1,"wind_from_deg":42.0,"temperature_c":-44.1,"relative_humidity":90.0,"turbulence_score":0.127,"icing_score":0.0,"convection_score":0.0}},{"type":"Feature","geometry":{"type":"Point","coordinates":[88.0,-74.0]},"properties":{"wind_kt":36.2,"wind_from_deg":36.0,"temperature_c":-43.6,"relative_humidity":100.0,"turbulence_score":0.096,"icing_score":0.0,"convection_score":0.0}},{"type":"Feature","geometry":{"type":"Point","coordinates":[92.0,-74.0]},"properties":{"wind_kt":32.0,"wind_from_deg":33.0,"temperature_c":-42.9,"relative_humidity":100.0,"turbulence_score":0.067,"icing_score":0.0,"convection_score":0.0}},{"type":"Feature","geometry":{"type":"Point","coordinates":[96.0,-74.0]},"properties":{"wind_kt":27.9,"wind_from_deg":34.0,"temperature_c":-42.6,"relative_humidity":100.0,"turbulence_score":0.061,"icing_score":0.0,"convection_score":0.0}},{"type":"Feature","geometry":{"type":"Point","coordinates":[100.0,-74.0]},"properties":{"wind_kt":26.6,"wind_from_deg":30.0,"temperature_c":-41.4,"relative_humidity":100.0,"turbulence_score":0.062,"icing_score":0.0,"convection_score":0.0}},{"type":"Feature","geometry":{"type":"Point","coordinates":[104.0,-74.0]},"properties":{"wind_kt":29.0,"wind_from_deg":27.0,"temperature_c":-39.4,"relative_humidity":26.0,"turbulence_score":0.093,"icing_score":0.0,"convection_score":0.0}},{"type":"Feature","geometry":{"type":"Point","coordinates":[108.0,-74.0]},"properties":{"wind_kt":26.1,"wind_from_deg":22.0,"temperature_c":-37.2,"relative_humidity":100.0,"turbulence_score":0.061,"icing_score":0.0,"convection_score":0.0}},{"type":"Feature","geometry":{"type":"Point","coordinates":[112.0,-74.0]},"properties":{"wind_kt":21.4,"wind_from_deg":28.0,"temperature_c":-36.7,"relative_humidity":100.0,"turbulence_score":0.013,"icing_score":0.0,"convection_score":0.0}},{"type":"Feature","geometry":{"type":"Point","coordinates":[116.0,-74.0]},"properties":{"wind_kt":19.5,"wind_from_deg":35.0,"temperature_c":-36.0,"relative_humidity":84.0,"turbulence_score":0.0,"icing_score":0.0,"convection_score":0.0}},{"type":"Feature","geometry":{"type":"Point","coordinates":[120.0,-74.0]},"properties":{"wind_kt":25.5,"wind_from_deg":41.0,"temperature_c":-36.8,"relative_humidity":100.0,"turbulence_score":0.049,"icing_score":0.0,"convection_score":0.0}},{"type":"Feature","geometry":{"type":"Point","coordinates":[124.0,-74.0]},"properties":{"wind_kt":24.9,"wind_from_deg":43.0,"temperature_c":-37.3,"relative_humidity":100.0,"turbulence_score":0.045,"icing_score":0.0,"convection_score":0.0}},{"type":"Feature","geometry":{"type":"Point","coordinates":[128.0,-74.0]},"properties":{"wind_kt":19.4,"wind_from_deg":48.0,"temperature_c":-37.4,"relative_humidity":100.0,"turbulence_score":0.011,"icing_score":0.0,"convection_score":0.0}},{"type":"Feature","geometry":{"type":"Point","coordinates":[132.0,-74.0]},"properties":{"wind_kt":14.7,"wind_from_deg":50.0,"temperature_c":-38.0,"relative_humidity":100.0,"turbulence_score":0.0,"icing_score":0.0,"convection_score":0.0}},{"type":"Feature","geometry":{"type":"Point","coordinates":[136.0,-74.0]},"properties":{"wind_kt":16.7,"wind_from_deg":47.0,"temperature_c":-37.8,"relative_humidity":100.0,"turbulence_score":0.0,"icing_score":0.0,"convection_score":0.0}},{"type":"Feature","geometry":{"type":"Point","coordinates":[140.0,-74.0]},"properties":{"wind_kt":15.2,"wind_from_deg":45.0,"temperature_c":-37.2,"relative_humidity":100.0,"turbulence_score":0.0,"icing_score":0.0,"convection_score":0.0}},{"type":"Feature","geometry":{"type":"Point","coordinates":[144.0,-74.0]},"properties":{"wind_kt":15.0,"wind_from_deg":26.0,"temperature_c":-36.4,"relative_humidity":100.0,"turbulence_score":0.0,"icing_score":0.0,"convection_score":0.0}},{"type":"Feature","geometry":{"type":"Point","coordinates":[148.0,-74.0]},"properties":{"wind_kt":12.5,"wind_from_deg":10.0,"temperature_c":-35.5,"relative_humidity":100.0,"turbulence_score":0.0,"icing_score":0.0,"convection_score":0.0}},{"type":"Feature","geometry":{"type":"Point","coordinates":[152.0,-74.0]},"properties":{"wind_kt":9.0,"wind_from_deg":343.0,"temperature_c":-34.6,"relative_humidity":100.0,"turbulence_score":0.0,"icing_score":0.0,"convection_score":0.0}},{"type":"Feature","geometry":{"type":"Point","coordinates":[156.0,-74.0]},"properties":{"wind_kt":7.9,"wind_from_deg":351.0,"temperature_c":-33.8,"relative_humidity":97.0,"turbulence_score":0.0,"icing_score":0.0,"convection_score":0.0}},{"type":"Feature","geometry":{"type":"Point","coordinates":[160.0,-74.0]},"properties":{"wind_kt":12.3,"wind_from_deg":358.0,"temperature_c":-32.9,"relative_humidity":100.0,"turbulence_score":0.0,"icing_score":0.0,"convection_score":0.0}},{"type":"Feature","geometry":{"type":"Point","coordinates":[164.0,-74.0]},"properties":{"wind_kt":13.0,"wind_from_deg":352.0,"temperature_c":-31.7,"relative_humidity":99.0,"turbulence_score":0.0,"icing_score":0.0,"convection_score":0.0}},{"type":"Feature","geometry":{"type":"Point","coordinates":[168.0,-74.0]},"properties":{"wind_kt":11.0,"wind_from_deg":5.0,"temperature_c":-31.0,"relative_humidity":100.0,"turbulence_score":0.0,"icing_score":0.0,"convection_score":0.295}},{"type":"Feature","geometry":{"type":"Point","coordinates":[172.0,-74.0]},"properties":{"wind_kt":7.9,"wind_from_deg":351.0,"temperature_c":-30.7,"relative_humidity":100.0,"turbulence_score":0.0,"icing_score":0.0,"convection_score":0.002}},{"type":"Feature","geometry":{"type":"Point","coordinates":[176.0,-74.0]},"properties":{"wind_kt":5.1,"wind_from_deg":333.0,"temperature_c":-30.3,"relative_humidity":100.0,"turbulence_score":0.0,"icing_score":0.0,"convection_score":0.0}},{"type":"Feature","geometry":{"type":"Point","coordinates":[180.0,-74.0]},"properties":{"wind_kt":6.2,"wind_from_deg":289.0,"temperature_c":-30.0,"relative_humidity":100.0,"turbulence_score":0.0,"icing_score":0.0,"convection_score":0.0}},{"type":"Feature","geometry":{"type":"Point","coordinates":[184.0,-74.0]},"properties":{"wind_kt":9.5,"wind_from_deg":240.0,"temperature_c":-30.1,"relative_humidity":86.0,"turbulence_score":0.0,"icing_score":0.0,"convection_score":0.0}},{"type":"Feature","geometry":{"type":"Point","coordinates":[188.0,-74.0]},"properties":{"wind_kt":13.9,"wind_from_deg":246.0,"temperature_c":-29.6,"relative_humidity":58.0,"turbulence_score":0.0,"icing_score":0.0,"convection_score":0.0}},{"type":"Feature","geometry":{"type":"Point","coordinates":[192.0,-74.0]},"properties":{"wind_kt":20.1,"wind_from_deg":246.0,"temperature_c":-29.7,"relative_humidity":53.0,"turbulence_score":0.019,"icing_score":0.0,"convection_score":0.0}},{"type":"Feature","geometry":{"type":"Point","coordinates":[196.0,-74.0]},"properties":{"wind_kt":26.4,"wind_from_deg":248.0,"temperature_c":-30.0,"relative_humidity":17.0,"turbulence_score":0.07,"icing_score":0.0,"convection_score":0.0}},{"type":"Feature","geometry":{"type":"Point","coordinates":[200.0,-74.0]},"properties":{"wind_kt":33.1,"wind_from_deg":250.0,"temperature_c":-30.7,"relative_humidity":10.0,"turbulence_score":0.111,"icing_score":0.0,"convection_score":0.0}},{"type":"Feature","geometry":{"type":"Point","coordinates":[204.0,-74.0]},"properties":{"wind_kt":34.2,"wind_from_deg":250.0,"temperature_c":-33.1,"relative_humidity":16.0,"turbulence_score":0.087,"icing_score":0.0,"convection_score":0.001}},{"type":"Feature","geometry":{"type":"Point","coordinates":[208.0,-74.0]},"properties":{"wind_kt":28.4,"wind_from_deg":255.0,"temperature_c":-35.9,"relative_humidity":82.0,"turbulence_score":0.021,"icing_score":0.0,"convection_score":0.015}},{"type":"Feature","geometry":{"type":"Point","coordinates":[212.0,-74.0]},"properties":{"wind_kt":25.3,"wind_from_deg":262.0,"temperature_c":-36.3,"relative_humidity":100.0,"turbulence_score":0.0,"icing_score":0.0,"convection_score":0.291}},{"type":"Feature","geometry":{"type":"Point","coordinates":[216.0,-74.0]},"properties":{"wind_kt":25.4,"wind_from_deg":265.0,"temperature_c":-35.9,"relative_humidity":100.0,"turbulence_score":0.0,"icing_score":0.0,"convection_score":0.222}},{"type":"Feature","geometry":{"type":"Point","coordinates":[220.0,-74.0]},"properties":{"wind_kt":24.9,"wind_from_deg":263.0,"temperature_c":-35.5,"relative_humidity":98.0,"turbulence_score":0.0,"icing_score":0.0,"convection_score":0.3}},{"type":"Feature","geometry":{"type":"Point","coordinates":[224.0,-74.0]},"properties":{"wind_kt":28.4,"wind_from_deg":242.0,"temperature_c":-35.2,"relative_humidity":93.0,"turbulence_score":0.033,"icing_score":0.0,"convection_score":0.262}},{"type":"Feature","geometry":{"type":"Point","coordinates":[228.0,-74.0]},"properties":{"wind_kt":28.5,"wind_from_deg":237.0,"temperature_c":-35.8,"relative_humidity":34.0,"turbulence_score":0.03,"icing_score":0.0,"convection_score":0.004}},{"type":"Feature","geometry":{"type":"Point","coordinates":[232.0,-74.0]},"properties":{"wind_kt":24.9,"wind_from_deg":258.0,"temperature_c":-36.5,"relative_humidity":64.0,"turbulence_score":0.05,"icing_score":0.0,"convection_score":0.0}},{"type":"Feature","geometry":{"type":"Point","coordinates":[236.0,-74.0]},"properties":{"wind_kt":23.4,"wind_from_deg":293.0,"temperature_c":-37.2,"relative_humidity":40.0,"turbulence_score":0.072,"icing_score":0.0,"convection_score":0.0}},{"type":"Feature","geometry":{"type":"Point","coordinates":[240.0,-74.0]},"properties":{"wind_kt":28.6,"wind_from_deg":308.0,"temperature_c":-37.7,"relative_humidity":49.0,"turbulence_score":0.003,"icing_score":0.0,"convection_score":0.0}},{"type":"Feature","geometry":{"type":"Point","coordinates":[244.0,-74.0]},"properties":{"wind_kt":31.4,"wind_from_deg":309.0,"temperature_c":-38.3,"relative_humidity":59.0,"turbulence_score":0.053,"icing_score":0.0,"convection_score":0.0}},{"type":"Feature","geometry":{"type":"Point","coordinates":[248.0,-74.0]},"properties":{"wind_kt":31.0,"wind_from_deg":303.0,"temperature_c":-38.7,"relative_humidity":44.0,"turbulence_score":0.075,"icing_score":0.0,"convection_score":0.001}},{"type":"Feature","geometry":{"type":"Point","coordinates":[252.0,-74.0]},"properties":{"wind_kt":27.9,"wind_from_deg":301.0,"temperature_c":-38.3,"relative_humidity":27.0,"turbulence_score":0.057,"icing_score":0.0,"convection_score":0.0}},{"type":"Feature","geometry":{"type":"Point","coordinates":[256.0,-74.0]},"properties":{"wind_kt":30.9,"wind_from_deg":298.0,"temperature_c":-37.5,"relative_humidity":18.0,"turbulence_score":0.091,"icing_score":0.0,"convection_score":0.3}},{"type":"Feature","geometry":{"type":"Point","coordinates":[260.0,-74.0]},"properties":{"wind_kt":34.9,"wind_from_deg":291.0,"temperature_c":-36.5,"relative_humidity":27.0,"turbulence_score":0.146,"icing_score":0.0,"convection_score":0.063}},{"type":"Feature","geometry":{"type":"Point","coordinates":[264.0,-74.0]},"properties":{"wind_kt":39.4,"wind_from_deg":283.0,"temperature_c":-35.9,"relative_humidity":40.0,"turbulence_score":0.201,"icing_score":0.0,"convection_score":0.002}},{"type":"Feature","geometry":{"type":"Point","coordinates":[268.0,-74.0]},"properties":{"wind_kt":44.7,"wind_from_deg":275.0,"temperature_c":-35.0,"relative_humidity":43.0,"turbulence_score":0.23,"icing_score":0.0,"convection_score":0.012}},{"type":"Feature","geometry":{"type":"Point","coordinates":[272.0,-74.0]},"properties":{"wind_kt":44.6,"wind_from_deg":264.0,"temperature_c":-34.9,"relative_humidity":16.0,"turbulence_score":0.189,"icing_score":0.0,"convection_score":0.015}},{"type":"Feature","geometry":{"type":"Point","coordinates":[276.0,-74.0]},"properties":{"wind_kt":41.1,"wind_from_deg":266.0,"temperature_c":-35.4,"relative_humidity":10.0,"turbulence_score":0.186,"icing_score":0.0,"convection_score":0.152}},{"type":"Feature","geometry":{"type":"Point","coordinates":[280.0,-74.0]},"properties":{"wind_kt":29.0,"wind_from_deg":281.0,"temperature_c":-37.2,"relative_humidity":33.0,"turbulence_score":0.041,"icing_score":0.0,"convection_score":0.242}},{"type":"Feature","geometry":{"type":"Point","coordinates":[284.0,-74.0]},"properties":{"wind_kt":25.4,"wind_from_deg":295.0,"temperature_c":-37.4,"relative_humidity":89.0,"turbulence_score":0.001,"icing_score":0.0,"convection_score":0.302}},{"type":"Feature","geometry":{"type":"Point","coordinates":[288.0,-74.0]},"properties":{"wind_kt":24.2,"wind_from_deg":288.0,"temperature_c":-36.2,"relative_humidity":72.0,"turbulence_score":0.0,"icing_score":0.0,"convection_score":0.3}},{"type":"Feature","geometry":{"type":"Point","coordinates":[292.0,-74.0]},"properties":{"wind_kt":23.6,"wind_from_deg":256.0,"temperature_c":-35.9,"relative_humidity":100.0,"turbulence_score":0.0,"icing_score":0.0,"convection_score":0.0}},{"type":"Feature","geometry":{"type":"Point","coordinates":[296.0,-74.0]},"properties":{"wind_kt":19.4,"wind_from_deg":311.0,"temperature_c":-35.7,"relative_humidity":70.0,"turbulence_score":0.0,"icing_score":0.0,"convection_score":0.0}},{"type":"Feature","geometry":{"type":"Point","coordinates":[300.0,-74.0]},"properties":{"wind_kt":25.5,"wind_from_deg":301.0,"temperature_c":-32.3,"relative_humidity":48.0,"turbulence_score":0.0,"icing_score":0.0,"convection_score":0.0}},{"type":"Feature","geometry":{"type":"Point","coordinates":[304.0,-74.0]},"properties":{"wind_kt":23.6,"wind_from_deg":301.0,"temperature_c":-32.6,"relative_humidity":78.0,"turbulence_score":0.0,"icing_score":0.0,"convection_score":0.0}},{"type":"Feature","geometry":{"type":"Point","coordinates":[308.0,-74.0]},"properties":{"wind_kt":23.1,"wind_from_deg":286.0,"temperature_c":-31.8,"relative_humidity":62.0,"turbulence_score":0.021,"icing_score":0.0,"convection_score":0.008}},{"type":"Feature","geometry":{"type":"Point","coordinates":[312.0,-74.0]},"properties":{"wind_kt":16.4,"wind_from_deg":254.0,"temperature_c":-31.8,"relative_humidity":55.0,"turbulence_score":0.0,"icing_score":0.0,"convection_score":0.0}},{"type":"Feature","geometry":{"type":"Point","coordinates":[316.0,-74.0]},"properties":{"wind_kt":17.0,"wind_from_deg":266.0,"temperature_c":-32.3,"relative_humidity":98.0,"turbulence_score":0.0,"icing_score":0.0,"convection_score":0.0}},{"type":"Feature","geometry":{"type":"Point","coordinates":[320.0,-74.0]},"properties":{"wind_kt":13.9,"wind_from_deg":255.0,"temperature_c":-31.7,"relative_humidity":94.0,"turbulence_score":0.0,"icing_score":0.0,"convection_score":0.0}},{"type":"Feature","geometry":{"type":"Point","coordinates":[324.0,-74.0]},"properties":{"wind_kt":14.1,"wind_from_deg":241.0,"temperature_c":-31.9,"relative_humidity":100.0,"turbulence_score":0.0,"icing_score":0.0,"convection_score":0.0}},{"type":"Feature","geometry":{"type":"Point","coordinates":[328.0,-74.0]},"properties":{"wind_kt":18.0,"wind_from_deg":195.0,"temperature_c":-32.2,"relative_humidity":42.0,"turbulence_score":0.0,"icing_score":0.0,"convection_score":0.0}},{"type":"Feature","geometry":{"type":"Point","coordinates":[332.0,-74.0]},"properties":{"wind_kt":28.4,"wind_from_deg":184.0,"temperature_c":-33.0,"relative_humidity":61.0,"turbulence_score":0.012,"icing_score":0.0,"convection_score":0.0}},{"type":"Feature","geometry":{"type":"Point","coordinates":[336.0,-74.0]},"properties":{"wind_kt":33.9,"wind_from_deg":178.0,"temperature_c":-33.3,"relative_humidity":32.0,"turbulence_score":0.039,"icing_score":0.0,"convection_score":0.0}},{"type":"Feature","geometry":{"type":"Point","coordinates":[340.0,-74.0]},"properties":{"wind_kt":40.6,"wind_from_deg":177.0,"temperature_c":-34.2,"relative_humidity":24.0,"turbulence_score":0.096,"icing_score":0.0,"convection_score":0.0}},{"type":"Feature","geometry":{"type":"Point","coordinates":[344.0,-74.0]},"properties":{"wind_kt":26.2,"wind_from_deg":182.0,"temperature_c":-36.0,"relative_humidity":33.0,"turbulence_score":0.022,"icing_score":0.0,"convection_score":0.0}},{"type":"Feature","geometry":{"type":"Point","coordinates":[348.0,-74.0]},"properties":{"wind_kt":21.4,"wind_from_deg":184.0,"temperature_c":-36.0,"relative_humidity":23.0,"turbulence_score":0.0,"icing_score":0.0,"convection_score":0.0}},{"type":"Feature","geometry":{"type":"Point","coordinates":[352.0,-74.0]},"properties":{"wind_kt":19.9,"wind_from_deg":190.0,"temperature_c":-36.5,"relative_humidity":12.0,"turbulence_score":0.0,"icing_score":0.0,"convection_score":0.0}},{"type":"Feature","geometry":{"type":"Point","coordinates":[356.0,-74.0]},"properties":{"wind_kt":19.5,"wind_from_deg":191.0,"temperature_c":-36.9,"relative_humidity":7.0,"turbulence_score":0.032,"icing_score":0.0,"convection_score":0.0}},{"type":"Feature","geometry":{"type":"Point","coordinates":[0.0,-78.0]},"properties":{"wind_kt":22.8,"wind_from_deg":168.0,"temperature_c":-38.8,"relative_humidity":52.0,"turbulence_score":0.052,"icing_score":0.0,"convection_score":0.0}},{"type":"Feature","geometry":{"type":"Point","coordinates":[4.0,-78.0]},"properties":{"wind_kt":20.0,"wind_from_deg":172.0,"temperature_c":-40.2,"relative_humidity":70.0,"turbulence_score":0.017,"icing_score":0.0,"convection_score":0.0}},{"type":"Feature","geometry":{"type":"Point","coordinates":[8.0,-78.0]},"properties":{"wind_kt":8.9,"wind_from_deg":141.0,"temperature_c":-41.3,"relative_humidity":92.0,"turbulence_score":0.0,"icing_score":0.0,"convection_score":0.0}},{"type":"Feature","geometry":{"type":"Point","coordinates":[12.0,-78.0]},"properties":{"wind_kt":10.3,"wind_from_deg":97.0,"temperature_c":-41.7,"relative_humidity":43.0,"turbulence_score":0.0,"icing_score":0.0,"convection_score":0.0}},{"type":"Feature","geometry":{"type":"Point","coordinates":[16.0,-78.0]},"properties":{"wind_kt":14.8,"wind_from_deg":74.0,"temperature_c":-42.2,"relative_humidity":53.0,"turbulence_score":0.0,"icing_score":0.0,"convection_score":0.0}},{"type":"Feature","geometry":{"type":"Point","coordinates":[20.0,-78.0]},"properties":{"wind_kt":17.5,"wind_from_deg":73.0,"temperature_c":-42.5,"relative_humidity":62.0,"turbulence_score":0.0,"icing_score":0.0,"convection_score":0.0}},{"type":"Feature","geometry":{"type":"Point","coordinates":[24.0,-78.0]},"properties":{"wind_kt":15.3,"wind_from_deg":91.0,"temperature_c":-42.8,"relative_humidity":68.0,"turbulence_score":0.0,"icing_score":0.0,"convection_score":0.0}},{"type":"Feature","geometry":{"type":"Point","coordinates":[28.0,-78.0]},"properties":{"wind_kt":12.1,"wind_from_deg":109.0,"temperature_c":-43.2,"relative_humidity":84.0,"turbulence_score":0.0,"icing_score":0.0,"convection_score":0.0}},{"type":"Feature","geometry":{"type":"Point","coordinates":[32.0,-78.0]},"properties":{"wind_kt":10.3,"wind_from_deg":120.0,"temperature_c":-43.2,"relative_humidity":90.0,"turbulence_score":0.0,"icing_score":0.0,"convection_score":0.0}},{"type":"Feature","geometry":{"type":"Point","coordinates":[36.0,-78.0]},"properties":{"wind_kt":9.8,"wind_from_deg":117.0,"temperature_c":-43.5,"relative_humidity":100.0,"turbulence_score":0.0,"icing_score":0.0,"convection_score":0.0}},{"type":"Feature","geometry":{"type":"Point","coordinates":[40.0,-78.0]},"properties":{"wind_kt":9.7,"wind_from_deg":107.0,"temperature_c":-44.4,"relative_humidity":100.0,"turbulence_score":0.0,"icing_score":0.0,"convection_score":0.0}},{"type":"Feature","geometry":{"type":"Point","coordinates":[44.0,-78.0]},"properties":{"wind_kt":11.9,"wind_from_deg":127.0,"temperature_c":-45.1,"relative_humidity":100.0,"turbulence_score":0.0,"icing_score":0.0,"convection_score":0.0}},{"type":"Feature","geometry":{"type":"Point","coordinates":[48.0,-78.0]},"properties":{"wind_kt":14.0,"wind_from_deg":128.0,"temperature_c":-45.5,"relative_humidity":62.0,"turbulence_score":0.0,"icing_score":0.0,"convection_score":0.0}},{"type":"Feature","geometry":{"type":"Point","coordinates":[52.0,-78.0]},"properties":{"wind_kt":16.4,"wind_from_deg":129.0,"temperature_c":-45.3,"relative_humidity":59.0,"turbulence_score":0.0,"icing_score":0.0,"convection_score":0.0}},{"type":"Feature","geometry":{"type":"Point","coordinates":[56.0,-78.0]},"properties":{"wind_kt":19.9,"wind_from_deg":115.0,"temperature_c":-44.6,"relative_humidity":60.0,"turbulence_score":0.0,"icing_score":0.0,"convection_score":0.0}},{"type":"Feature","geometry":{"type":"Point","coordinates":[60.0,-78.0]},"properties":{"wind_kt":22.6,"wind_from_deg":113.0,"temperature_c":-44.1,"relative_humidity":100.0,"turbulence_score":0.005,"icing_score":0.0,"convection_score":0.0}},{"type":"Feature","geometry":{"type":"Point","coordinates":[64.0,-78.0]},"properties":{"wind_kt":27.8,"wind_from_deg":100.0,"temperature_c":-42.8,"relative_humidity":84.0,"turbulence_score":0.015,"icing_score":0.0,"convection_score":0.0}},{"type":"Feature","geometry":{"type":"Point","coordinates":[68.0,-78.0]},"properties":{"wind_kt":33.5,"wind_from_deg":93.0,"temperature_c":-42.9,"relative_humidity":90.0,"turbulence_score":0.054,"icing_score":0.0,"convection_score":0.0}},{"type":"Feature","geometry":{"type":"Point","coordinates":[72.0,-78.0]},"properties":{"wind_kt":36.5,"wind_from_deg":90.0,"temperature_c":-43.4,"relative_humidity":100.0,"turbulence_score":0.084,"icing_score":0.0,"convection_score":0.0}},{"type":"Feature","geometry":{"type":"Point","coordinates":[76.0,-78.0]},"properties":{"wind_kt":34.5,"wind_from_deg":84.0,"temperature_c":-43.5,"relative_humidity":100.0,"turbulence_score":0.056,"icing_score":0.0,"convection_score":0.0}},{"type":"Feature","geometry":{"type":"Point","coordinates":[80.0,-78.0]},"properties":{"wind_kt":32.5,"wind_from_deg":75.0,"temperature_c":-43.6,"relative_humidity":100.0,"turbulence_score":0.039,"icing_score":0.0,"convection_score":0.0}},{"type":"Feature","geometry":{"type":"Point","coordinates":[84.0,-78.0]},"properties":{"wind_kt":32.3,"wind_from_deg":65.0,"temperature_c":-44.0,"relative_humidity":100.0,"turbulence_score":0.048,"icing_score":0.0,"convection_score":0.0}},{"type":"Feature","geometry":{"type":"Point","coordinates":[88.0,-78.0]},"properties":{"wind_kt":32.9,"wind_from_deg":55.0,"temperature_c":-44.6,"relative_humidity":100.0,"turbulence_score":0.069,"icing_score":0.0,"convection_score":0.0}},{"type":"Feature","geometry":{"type":"Point","coordinates":[92.0,-78.0]},"properties":{"wind_kt":32.9,"wind_from_deg":50.0,"temperature_c":-44.7,"relative_humidity":100.0,"turbulence_score":0.075,"icing_score":0.0,"convection_score":0.0}},{"type":"Feature","geometry":{"type":"Point","coordinates":[96.0,-78.0]},"properties":{"wind_kt":32.1,"wind_from_deg":49.0,"temperature_c":-44.9,"relative_humidity":100.0,"turbulence_score":0.086,"icing_score":0.0,"convection_score":0.0}},{"type":"Feature","geometry":{"type":"Point","coordinates":[100.0,-78.0]},"properties":{"wind_kt":31.1,"wind_from_deg":44.0,"temperature_c":-43.7,"relative_humidity":100.0,"turbulence_score":0.097,"icing_score":0.0,"convection_score":0.0}},{"type":"Feature","geometry":{"type":"Point","coordinates":[104.0,-78.0]},"properties":{"wind_kt":31.6,"wind_from_deg":37.0,"temperature_c":-41.7,"relative_humidity":100.0,"turbulence_score":0.111,"icing_score":0.0,"convection_score":0.0}},{"type":"Feature","geometry":{"type":"Point","coordinates":[108.0,-78.0]},"properties":{"wind_kt":31.1,"wind_from_deg":32.0,"temperature_c":-39.8,"relative_humidity":100.0,"turbulence_score":0.097,"icing_score":0.0,"convection_score":0.0}},{"type":"Feature","geometry":{"type":"Point","coordinates":[112.0,-78.0]},"properties":{"wind_kt":29.3,"wind_from_deg":32.0,"temperature_c":-39.1,"relative_humidity":100.0,"turbulence_score":0.088,"icing_score":0.0,"convection_score":0.0}},{"type":"Feature","geometry":{"type":"Point","coordinates":[116.0,-78.0]},"properties":{"wind_kt":24.9,"wind_from_deg":31.0,"temperature_c":-38.3,"relative_humidity":100.0,"turbulence_score":0.057,"icing_score":0.0,"convection_score":0.0}},{"type":"Feature","geometry":{"type":"Point","coordinates":[120.0,-78.0]},"properties":{"wind_kt":21.6,"wind_from_deg":32.0,"temperature_c":-37.9,"relative_humidity":100.0,"turbulence_score":0.03,"icing_score":0.0,"convection_score":0.0}},{"type":"Feature","geometry":{"type":"Point","coordinates":[124.0,-78.0]},"properties":{"wind_kt":19.0,"wind_from_deg":35.0,"temperature_c":-37.7,"relative_humidity":100.0,"turbulence_score":0.017,"icing_score":0.0,"convection_score":0.0}},{"type":"Feature","geometry":{"type":"Point","coordinates":[128.0,-78.0]},"properties":{"wind_kt":17.1,"wind_from_deg":35.0,"temperature_c":-37.6,"relative_humidity":100.0,"turbulence_score":0.011,"icing_score":0.0,"convection_score":0.0}},{"type":"Feature","geometry":{"type":"Point","coordinates":[132.0,-78.0]},"properties":{"wind_kt":18.0,"wind_from_deg":36.0,"temperature_c":-37.4,"relative_humidity":100.0,"turbulence_score":0.026,"icing_score":0.0,"convection_score":0.0}},{"type":"Feature","geometry":{"type":"Point","coordinates":[136.0,-78.0]},"properties":{"wind_kt":17.0,"wind_from_deg":32.0,"temperature_c":-37.3,"relative_humidity":100.0,"turbulence_score":0.019,"icing_score":0.0,"convection_score":0.0}},{"type":"Feature","geometry":{"type":"Point","coordinates":[140.0,-78.0]},"properties":{"wind_kt":16.1,"wind_from_deg":33.0,"temperature_c":-37.2,"relative_humidity":100.0,"turbulence_score":0.0,"icing_score":0.0,"convection_score":0.0}},{"type":"Feature","geometry":{"type":"Point","coordinates":[144.0,-78.0]},"properties":{"wind_kt":13.1,"wind_from_deg":44.0,"temperature_c":-37.0,"relative_humidity":100.0,"turbulence_score":0.0,"icing_score":0.0,"convection_score":0.0}},{"type":"Feature","geometry":{"type":"Point","coordinates":[148.0,-78.0]},"properties":{"wind_kt":8.3,"wind_from_deg":50.0,"temperature_c":-36.6,"relative_humidity":97.0,"turbulence_score":0.0,"icing_score":0.0,"convection_score":0.0}},{"type":"Feature","geometry":{"type":"Point","coordinates":[152.0,-78.0]},"properties":{"wind_kt":6.1,"wind_from_deg":42.0,"temperature_c":-36.2,"relative_humidity":98.0,"turbulence_score":0.0,"icing_score":0.0,"convection_score":0.0}},{"type":"Feature","geometry":{"type":"Point","coordinates":[156.0,-78.0]},"properties":{"wind_kt":5.6,"wind_from_deg":18.0,"temperature_c":-35.6,"relative_humidity":94.0,"turbulence_score":0.0,"icing_score":0.0,"convection_score":0.0}},{"type":"Feature","geometry":{"type":"Point","coordinates":[160.0,-78.0]},"properties":{"wind_kt":5.8,"wind_from_deg":342.0,"temperature_c":-34.9,"relative_humidity":60.0,"turbulence_score":0.0,"icing_score":0.0,"convection_score":0.0}},{"type":"Feature","geometry":{"type":"Point","coordinates":[164.0,-78.0]},"properties":{"wind_kt":7.4,"wind_from_deg":299.0,"temperature_c":-34.1,"relative_humidity":28.0,"turbulence_score":0.0,"icing_score":0.0,"convection_score":0.002}},{"type":"Feature","geometry":{"type":"Point","coordinates":[168.0,-78.0]},"properties":{"wind_kt":13.1,"wind_from_deg":268.0,"temperature_c":-33.9,"relative_humidity":19.0,"turbulence_score":0.0,"icing_score":0.0,"convection_score":0.0}},{"type":"Feature","geometry":{"type":"Point","coordinates":[172.0,-78.0]},"properties":{"wind_kt":21.0,"wind_from_deg":244.0,"temperature_c":-34.3,"relative_humidity":16.0,"turbulence_score":0.014,"icing_score":0.0,"convection_score":0.0}},{"type":"Feature","geometry":{"type":"Point","coordinates":[176.0,-78.0]},"properties":{"wind_kt":21.1,"wind_from_deg":229.0,"temperature_c":-35.4,"relative_humidity":16.0,"turbulence_score":0.0,"icing_score":0.0,"convection_score":0.0}},{"type":"Feature","geometry":{"type":"Point","coordinates":[180.0,-78.0]},"properties":{"wind_kt":22.7,"wind_from_deg":226.0,"temperature_c":-35.9,"relative_humidity":25.0,"turbulence_score":0.0,"icing_score":0.0,"convection_score":0.0}},{"type":"Feature","geometry":{"type":"Point","coordinates":[184.0,-78.0]},"properties":{"wind_kt":25.1,"wind_from_deg":219.0,"temperature_c":-36.5,"relative_humidity":38.0,"turbulence_score":0.0,"icing_score":0.0,"convection_score":0.009}},{"type":"Feature","geometry":{"type":"Point","coordinates":[188.0,-78.0]},"properties":{"wind_kt":28.7,"wind_from_deg":210.0,"temperature_c":-37.6,"relative_humidity":23.0,"turbulence_score":0.022,"icing_score":0.0,"convection_score":0.0}},{"type":"Feature","geometry":{"type":"Point","coordinates":[192.0,-78.0]},"properties":{"wind_kt":27.1,"wind_from_deg":217.0,"temperature_c":-39.0,"relative_humidity":46.0,"turbulence_score":0.023,"icing_score":0.0,"convection_score":0.014}},{"type":"Feature","geometry":{"type":"Point","coordinates":[196.0,-78.0]},"properties":{"wind_kt":29.3,"wind_from_deg":205.0,"temperature_c":-38.7,"relative_humidity":64.0,"turbulence_score":0.044,"icing_score":0.0,"convection_score":0.015}},{"type":"Feature","geometry":{"type":"Point","coordinates":[200.0,-78.0]},"properties":{"wind_kt":19.0,"wind_from_deg":205.0,"temperature_c":-38.6,"relative_humidity":67.0,"turbulence_score":0.0,"icing_score":0.0,"convection_score":0.015}},{"type":"Feature","geometry":{"type":"Point","coordinates":[204.0,-78.0]},"properties":{"wind_kt":16.1,"wind_from_deg":206.0,"temperature_c":-39.9,"relative_humidity":83.0,"turbulence_score":0.0,"icing_score":0.0,"convection_score":0.255}},{"type":"Feature","geometry":{"type":"Point","coordinates":[208.0,-78.0]},"properties":{"wind_kt":8.4,"wind_from_deg":248.0,"temperature_c":-40.3,"relative_humidity":83.0,"turbulence_score":0.0,"icing_score":0.0,"convection_score":0.216}},{"type":"Feature","geometry":{"type":"Point","coordinates":[212.0,-78.0]},"properties":{"wind_kt":9.8,"wind_from_deg":316.0,"temperature_c":-40.4,"relative_humidity":85.0,"turbulence_score":0.0,"icing_score":0.0,"convection_score":0.271}},{"type":"Feature","geometry":{"type":"Point","coordinates":[216.0,-78.0]},"properties":{"wind_kt":15.6,"wind_from_deg":332.0,"temperature_c":-39.4,"relative_humidity":48.0,"turbulence_score":0.0,"icing_score":0.0,"convection_score":0.293}},{"type":"Feature","geometry":{"type":"Point","coordinates":[220.0,-78.0]},"properties":{"wind_kt":14.6,"wind_from_deg":332.0,"temperature_c":-38.2,"relative_humidity":43.0,"turbulence_score":0.0,"icing_score":0.0,"convection_score":0.018}},{"type":"Feature","geometry":{"type":"Point","coordinates":[224.0,-78.0]},"properties":{"wind_kt":13.6,"wind_from_deg":347.0,"temperature_c":-37.1,"relative_humidity":47.0,"turbulence_score":0.0,"icing_score":0.0,"convection_score":0.0}},{"type":"Feature","geometry":{"type":"Point","coordinates":[228.0,-78.0]},"properties":{"wind_kt":8.0,"wind_from_deg":343.0,"temperature_c":-37.1,"relative_humidity":60.0,"turbulence_score":0.0,"icing_score":0.0,"convection_score":0.0}},{"type":"Feature","geometry":{"type":"Point","coordinates":[232.0,-78.0]},"properties":{"wind_kt":3.0,"wind_from_deg":294.0,"temperature_c":-38.0,"relative_humidity":100.0,"turbulence_score":0.0,"icing_score":0.0,"convection_score":0.0}},{"type":"Feature","geometry":{"type":"Point","coordinates":[236.0,-78.0]},"properties":{"wind_kt":3.8,"wind_from_deg":359.0,"temperature_c":-39.3,"relative_humidity":96.0,"turbulence_score":0.0,"icing_score":0.0,"convection_score":0.0}},{"type":"Feature","geometry":{"type":"Point","coordinates":[240.0,-78.0]},"properties":{"wind_kt":2.3,"wind_from_deg":29.0,"temperature_c":-39.4,"relative_humidity":100.0,"turbulence_score":0.0,"icing_score":0.0,"convection_score":0.0}},{"type":"Feature","geometry":{"type":"Point","coordinates":[244.0,-78.0]},"properties":{"wind_kt":6.1,"wind_from_deg":306.0,"temperature_c":-39.7,"relative_humidity":100.0,"turbulence_score":0.0,"icing_score":0.0,"convection_score":0.0}},{"type":"Feature","geometry":{"type":"Point","coordinates":[248.0,-78.0]},"properties":{"wind_kt":14.2,"wind_from_deg":302.0,"temperature_c":-40.3,"relative_humidity":100.0,"turbulence_score":0.0,"icing_score":0.0,"convection_score":0.0}},{"type":"Feature","geometry":{"type":"Point","coordinates":[252.0,-78.0]},"properties":{"wind_kt":20.5,"wind_from_deg":298.0,"temperature_c":-40.5,"relative_humidity":100.0,"turbulence_score":0.006,"icing_score":0.0,"convection_score":0.0}},{"type":"Feature","geometry":{"type":"Point","coordinates":[256.0,-78.0]},"properties":{"wind_kt":20.4,"wind_from_deg":317.0,"temperature_c":-40.0,"relative_humidity":98.0,"turbulence_score":0.011,"icing_score":0.0,"convection_score":0.0}},{"type":"Feature","geometry":{"type":"Point","coordinates":[260.0,-78.0]},"properties":{"wind_kt":19.1,"wind_from_deg":318.0,"temperature_c":-40.0,"relative_humidity":96.0,"turbulence_score":0.0,"icing_score":0.0,"convection_score":0.0}},{"type":"Feature","geometry":{"type":"Point","coordinates":[264.0,-78.0]},"properties":{"wind_kt":19.9,"wind_from_deg":327.0,"temperature_c":-39.7,"relative_humidity":81.0,"turbulence_score":0.0,"icing_score":0.0,"convection_score":0.0}},{"type":"Feature","geometry":{"type":"Point","coordinates":[268.0,-78.0]},"properties":{"wind_kt":16.2,"wind_from_deg":319.0,"temperature_c":-38.5,"relative_humidity":83.0,"turbulence_score":0.0,"icing_score":0.0,"convection_score":0.0}},{"type":"Feature","geometry":{"type":"Point","coordinates":[272.0,-78.0]},"properties":{"wind_kt":13.5,"wind_from_deg":296.0,"temperature_c":-38.0,"relative_humidity":70.0,"turbulence_score":0.0,"icing_score":0.0,"convection_score":0.0}},{"type":"Feature","geometry":{"type":"Point","coordinates":[276.0,-78.0]},"properties":{"wind_kt":17.6,"wind_from_deg":306.0,"temperature_c":-37.5,"relative_humidity":98.0,"turbulence_score":0.008,"icing_score":0.0,"convection_score":0.042}},{"type":"Feature","geometry":{"type":"Point","coordinates":[280.0,-78.0]},"properties":{"wind_kt":23.4,"wind_from_deg":293.0,"temperature_c":-36.9,"relative_humidity":76.0,"turbulence_score":0.002,"icing_score":0.0,"convection_score":0.236}},{"type":"Feature","geometry":{"type":"Point","coordinates":[284.0,-78.0]},"properties":{"wind_kt":27.1,"wind_from_deg":289.0,"temperature_c":-36.6,"relative_humidity":58.0,"turbulence_score":0.019,"icing_score":0.0,"convection_score":0.184}},{"type":"Feature","geometry":{"type":"Point","coordinates":[288.0,-78.0]},"properties":{"wind_kt":24.5,"wind_from_deg":294.0,"temperature_c":-36.6,"relative_humidity":94.0,"turbulence_score":0.018,"icing_score":0.0,"convection_score":0.169}},{"type":"Feature","geometry":{"type":"Point","coordinates":[292.0,-78.0]},"properties":{"wind_kt":23.0,"wind_from_deg":278.0,"temperature_c":-36.2,"relative_humidity":100.0,"turbulence_score":0.007,"icing_score":0.0,"convection_score":0.258}},{"type":"Feature","geometry":{"type":"Point","coordinates":[296.0,-78.0]},"properties":{"wind_kt":22.9,"wind_from_deg":277.0,"temperature_c":-35.4,"relative_humidity":65.0,"turbulence_score":0.0,"icing_score":0.0,"convection_score":0.217}},{"type":"Feature","geometry":{"type":"Point","coordinates":[300.0,-78.0]},"properties":{"wind_kt":26.9,"wind_from_deg":295.0,"temperature_c":-35.4,"relative_humidity":93.0,"turbulence_score":0.038,"icing_score":0.0,"convection_score":0.171}},{"type":"Feature","geometry":{"type":"Point","coordinates":[304.0,-78.0]},"properties":{"wind_kt":18.2,"wind_from_deg":309.0,"temperature_c":-34.3,"relative_humidity":83.0,"turbulence_score":0.0,"icing_score":0.0,"convection_score":0.021}},{"type":"Feature","geometry":{"type":"Point","coordinates":[308.0,-78.0]},"properties":{"wind_kt":18.6,"wind_from_deg":294.0,"temperature_c":-34.3,"relative_humidity":92.0,"turbulence_score":0.0,"icing_score":0.0,"convection_score":0.027}},{"type":"Feature","geometry":{"type":"Point","coordinates":[312.0,-78.0]},"properties":{"wind_kt":15.9,"wind_from_deg":300.0,"temperature_c":-34.0,"relative_humidity":100.0,"turbulence_score":0.0,"icing_score":0.0,"convection_score":0.001}},{"type":"Feature","geometry":{"type":"Point","coordinates":[316.0,-78.0]},"properties":{"wind_kt":15.3,"wind_from_deg":302.0,"temperature_c":-33.2,"relative_humidity":100.0,"turbulence_score":0.0,"icing_score":0.0,"convection_score":0.015}},{"type":"Feature","geometry":{"type":"Point","coordinates":[320.0,-78.0]},"properties":{"wind_kt":13.3,"wind_from_deg":270.0,"temperature_c":-32.3,"relative_humidity":93.0,"turbulence_score":0.0,"icing_score":0.0,"convection_score":0.0}},{"type":"Feature","geometry":{"type":"Point","coordinates":[324.0,-78.0]},"properties":{"wind_kt":18.7,"wind_from_deg":240.0,"temperature_c":-32.0,"relative_humidity":59.0,"turbulence_score":0.0,"icing_score":0.0,"convection_score":0.0}},{"type":"Feature","geometry":{"type":"Point","coordinates":[328.0,-78.0]},"properties":{"wind_kt":17.9,"wind_from_deg":234.0,"temperature_c":-32.6,"relative_humidity":100.0,"turbulence_score":0.0,"icing_score":0.0,"convection_score":0.0}},{"type":"Feature","geometry":{"type":"Point","coordinates":[332.0,-78.0]},"properties":{"wind_kt":21.5,"wind_from_deg":210.0,"temperature_c":-32.9,"relative_humidity":100.0,"turbulence_score":0.0,"icing_score":0.0,"convection_score":0.0}},{"type":"Feature","geometry":{"type":"Point","coordinates":[336.0,-78.0]},"properties":{"wind_kt":28.6,"wind_from_deg":190.0,"temperature_c":-33.2,"relative_humidity":74.0,"turbulence_score":0.058,"icing_score":0.0,"convection_score":0.0}},{"type":"Feature","geometry":{"type":"Point","coordinates":[340.0,-78.0]},"properties":{"wind_kt":32.4,"wind_from_deg":179.0,"temperature_c":-34.0,"relative_humidity":59.0,"turbulence_score":0.088,"icing_score":0.0,"convection_score":0.0}},{"type":"Feature","geometry":{"type":"Point","coordinates":[344.0,-78.0]},"properties":{"wind_kt":38.9,"wind_from_deg":171.0,"temperature_c":-34.9,"relative_humidity":36.0,"turbulence_score":0.148,"icing_score":0.0,"convection_score":0.0}},{"type":"Feature","geometry":{"type":"Point","coordinates":[348.0,-78.0]},"properties":{"wind_kt":34.4,"wind_from_deg":169.0,"temperature_c":-36.7,"relative_humidity":37.0,"turbulence_score":0.126,"icing_score":0.0,"convection_score":0.0}},{"type":"Feature","geometry":{"type":"Point","coordinates":[352.0,-78.0]},"properties":{"wind_kt":26.2,"wind_from_deg":166.0,"temperature_c":-37.9,"relative_humidity":46.0,"turbulence_score":0.08,"icing_score":0.0,"convection_score":0.0}},{"type":"Feature","geometry":{"type":"Point","coordinates":[356.0,-78.0]},"properties":{"wind_kt":22.8,"wind_from_deg":162.0,"temperature_c":-38.6,"relative_humidity":46.0,"turbulence_score":0.04,"icing_score":0.0,"convection_score":0.0}},{"type":"Feature","geometry":{"type":"Point","coordinates":[0.0,-82.0]},"properties":{"wind_kt":26.2,"wind_from_deg":144.0,"temperature_c":-38.3,"relative_humidity":48.0,"turbulence_score":0.0,"icing_score":0.0,"convection_score":0.0}},{"type":"Feature","geometry":{"type":"Point","coordinates":[4.0,-82.0]},"properties":{"wind_kt":21.5,"wind_from_deg":132.0,"temperature_c":-38.9,"relative_humidity":64.0,"turbulence_score":0.0,"icing_score":0.0,"convection_score":0.0}},{"type":"Feature","geometry":{"type":"Point","coordinates":[8.0,-82.0]},"properties":{"wind_kt":24.2,"wind_from_deg":125.0,"temperature_c":-39.2,"relative_humidity":61.0,"turbulence_score":0.0,"icing_score":0.0,"convection_score":0.0}},{"type":"Feature","geometry":{"type":"Point","coordinates":[12.0,-82.0]},"properties":{"wind_kt":18.8,"wind_from_deg":119.0,"temperature_c":-39.7,"relative_humidity":29.0,"turbulence_score":0.0,"icing_score":0.0,"convection_score":0.0}},{"type":"Feature","geometry":{"type":"Point","coordinates":[16.0,-82.0]},"properties":{"wind_kt":15.1,"wind_from_deg":116.0,"temperature_c":-40.2,"relative_humidity":23.0,"turbulence_score":0.0,"icing_score":0.0,"convection_score":0.0}},{"type":"Feature","geometry":{"type":"Point","coordinates":[20.0,-82.0]},"properties":{"wind_kt":13.4,"wind_from_deg":116.0,"temperature_c":-40.5,"relative_humidity":28.0,"turbulence_score":0.0,"icing_score":0.0,"convection_score":0.0}},{"type":"Feature","geometry":{"type":"Point","coordinates":[24.0,-82.0]},"properties":{"wind_kt":12.5,"wind_from_deg":116.0,"temperature_c":-40.7,"relative_humidity":35.0,"turbulence_score":0.0,"icing_score":0.0,"convection_score":0.0}},{"type":"Feature","geometry":{"type":"Point","coordinates":[28.0,-82.0]},"properties":{"wind_kt":13.0,"wind_from_deg":110.0,"temperature_c":-41.1,"relative_humidity":49.0,"turbulence_score":0.0,"icing_score":0.0,"convection_score":0.0}},{"type":"Feature","geometry":{"type":"Point","coordinates":[32.0,-82.0]},"properties":{"wind_kt":13.9,"wind_from_deg":106.0,"temperature_c":-41.4,"relative_humidity":62.0,"turbulence_score":0.0,"icing_score":0.0,"convection_score":0.0}},{"type":"Feature","geometry":{"type":"Point","coordinates":[36.0,-82.0]},"properties":{"wind_kt":17.3,"wind_from_deg":102.0,"temperature_c":-41.8,"relative_humidity":76.0,"turbulence_score":0.0,"icing_score":0.0,"convection_score":0.0}},{"type":"Feature","geometry":{"type":"Point","coordinates":[40.0,-82.0]},"properties":{"wind_kt":17.3,"wind_from_deg":87.0,"temperature_c":-42.6,"relative_humidity":79.0,"turbulence_score":0.0,"icing_score":0.0,"convection_score":0.0}},{"type":"Feature","geometry":{"type":"Point","coordinates":[44.0,-82.0]},"properties":{"wind_kt":19.6,"wind_from_deg":81.0,"temperature_c":-43.3,"relative_humidity":70.0,"turbulence_score":0.012,"icing_score":0.0,"convection_score":0.0}},{"type":"Feature","geometry":{"type":"Point","coordinates":[48.0,-82.0]},"properties":{"wind_kt":19.5,"wind_from_deg":81.0,"temperature_c":-43.8,"relative_humidity":52.0,"turbulence_score":0.0,"icing_score":0.0,"convection_score":0.0}},{"type":"Feature","geometry":{"type":"Point","coordinates":[52.0,-82.0]},"properties":{"wind_kt":20.6,"wind_from_deg":72.0,"temperature_c":-43.9,"relative_humidity":50.0,"turbulence_score":0.007,"icing_score":0.0,"convection_score":0.0}},{"type":"Feature","geometry":{"type":"Point","coordinates":[56.0,-82.0]},"properties":{"wind_kt":21.8,"wind_from_deg":73.0,"temperature_c":-43.8,"relative_humidity":48.0,"turbulence_score":0.021,"icing_score":0.0,"convection_score":0.0}},{"type":"Feature","geometry":{"type":"Point","coordinates":[60.0,-82.0]},"properties":{"wind_kt":21.9,"wind_from_deg":70.0,"temperature_c":-43.8,"relative_humidity":58.0,"turbulence_score":0.021,"icing_score":0.0,"convection_score":0.0}},{"type":"Feature","geometry":{"type":"Point","coordinates":[64.0,-82.0]},"properties":{"wind_kt":22.6,"wind_from_deg":69.0,"temperature_c":-43.8,"relative_humidity":83.0,"turbulence_score":0.025,"icing_score":0.0,"convection_score":0.0}},{"type":"Feature","geometry":{"type":"Point","coordinates":[68.0,-82.0]},"properties":{"wind_kt":23.7,"wind_from_deg":67.0,"temperature_c":-43.7,"relative_humidity":89.0,"turbulence_score":0.032,"icing_score":0.0,"convection_score":0.0}},{"type":"Feature","geometry":{"type":"Point","coordinates":[72.0,-82.0]},"properties":{"wind_kt":25.9,"wind_from_deg":66.0,"temperature_c":-43.8,"relative_humidity":91.0,"turbulence_score":0.054,"icing_score":0.0,"convection_score":0.0}},{"type":"Feature","geometry":{"type":"Point","coordinates":[76.0,-82.0]},"properties":{"wind_kt":26.3,"wind_from_deg":65.0,"temperature_c":-44.0,"relative_humidity":98.0,"turbulence_score":0.079,"icing_score":0.0,"convection_score":0.0}},{"type":"Feature","geometry":{"type":"Point","coordinates":[80.0,-82.0]},"properties":{"wind_kt":25.6,"wind_from_deg":65.0,"temperature_c":-44.0,"relative_humidity":100.0,"turbulence_score":0.096,"icing_score":0.0,"convection_score":0.0}},{"type":"Feature","geometry":{"type":"Point","coordinates":[84.0,-82.0]},"properties":{"wind_kt":24.4,"wind_from_deg":63.0,"temperature_c":-43.7,"relative_humidity":100.0,"turbulence_score":0.093,"icing_score":0.0,"convection_score":0.0}},{"type":"Feature","geometry":{"type":"Point","coordinates":[88.0,-82.0]},"properties":{"wind_kt":23.2,"wind_from_deg":61.0,"temperature_c":-43.5,"relative_humidity":100.0,"turbulence_score":0.073,"icing_score":0.0,"convection_score":0.0}},{"type":"Feature","geometry":{"type":"Point","coordinates":[92.0,-82.0]},"properties":{"wind_kt":21.6,"wind_from_deg":58.0,"temperature_c":-43.1,"relative_humidity":100.0,"turbulence_score":0.055,"icing_score":0.0,"convection_score":0.0}},{"type":"Feature","geometry":{"type":"Point","coordinates":[96.0,-82.0]},"properties":{"wind_kt":19.8,"wind_from_deg":54.0,"temperature_c":-42.6,"relative_humidity":100.0,"turbulence_score":0.037,"icing_score":0.0,"convection_score":0.0}},{"type":"Feature","geometry":{"type":"Point","coordinates":[100.0,-82.0]},"properties":{"wind_kt":18.2,"wind_from_deg":46.0,"temperature_c":-41.9,"relative_humidity":100.0,"turbulence_score":0.02,"icing_score":0.0,"convection_score":0.0}},{"type":"Feature","geometry":{"type":"Point","coordinates":[104.0,-82.0]},"properties":{"wind_kt":16.4,"wind_from_deg":35.0,"temperature_c":-41.2,"relative_humidity":99.0,"turbulence_score":0.002,"icing_score":0.0,"convection_score":0.0}},{"type":"Feature","geometry":{"type":"Point","coordinates":[108.0,-82.0]},"properties":{"wind_kt":14.6,"wind_from_deg":23.0,"temperature_c":-40.6,"relative_humidity":98.0,"turbulence_score":0.0,"icing_score":0.0,"convection_score":0.0}},{"type":"Feature","geometry":{"type":"Point","coordinates":[112.0,-82.0]},"properties":{"wind_kt":13.0,"wind_from_deg":8.0,"temperature_c":-40.0,"relative_humidity":96.0,"turbulence_score":0.0,"icing_score":0.0,"convection_score":0.0}},{"type":"Feature","geometry":{"type":"Point","coordinates":[116.0,-82.0]},"properties":{"wind_kt":12.1,"wind_from_deg":352.0,"temperature_c":-39.5,"relative_humidity":94.0,"turbulence_score":0.0,"icing_score":0.0,"convection_score":0.0}},{"type":"Feature","geometry":{"type":"Point","coordinates":[120.0,-82.0]},"properties":{"wind_kt":11.4,"wind_from_deg":338.0,"temperature_c":-38.9,"relative_humidity":93.0,"turbulence_score":0.0,"icing_score":0.0,"convection_score":0.0}},{"type":"Feature","geometry":{"type":"Point","coordinates":[124.0,-82.0]},"properties":{"wind_kt":11.2,"wind_from_deg":324.0,"temperature_c":-38.3,"relative_humidity":86.0,"turbulence_score":0.0,"icing_score":0.0,"convection_score":0.0}},{"type":"Feature","geometry":{"type":"Point","coordinates":[128.0,-82.0]},"properties":{"wind_kt":11.4,"wind_from_deg":308.0,"temperature_c":-37.6,"relative_humidity":74.0,"turbulence_score":0.0,"icing_score":0.0,"convection_score":0.0}},{"type":"Feature","geometry":{"type":"Point","coordinates":[132.0,-82.0]},"properties":{"wind_kt":12.2,"wind_from_deg":294.0,"temperature_c":-36.9,"relative_humidity":58.0,"turbulence_score":0.0,"icing_score":0.0,"convection_score":0.0}},{"type":"Feature","geometry":{"type":"Point","coordinates":[136.0,-82.0]},"properties":{"wind_kt":13.7,"wind_from_deg":280.0,"temperature_c":-36.3,"relative_humidity":43.0,"turbulence_score":0.0,"icing_score":0.0,"convection_score":0.0}},{"type":"Feature","geometry":{"type":"Point","coordinates":[140.0,-82.0]},"properties":{"wind_kt":16.2,"wind_from_deg":269.0,"temperature_c":-35.8,"relative_humidity":34.0,"turbulence_score":0.0,"icing_score":0.0,"convection_score":0.0}},{"type":"Feature","geometry":{"type":"Point","coordinates":[144.0,-82.0]},"properties":{"wind_kt":19.2,"wind_from_deg":263.0,"temperature_c":-35.5,"relative_humidity":26.0,"turbulence_score":0.0,"icing_score":0.0,"convection_score":0.0}},{"type":"Feature","geometry":{"type":"Point","coordinates":[148.0,-82.0]},"properties":{"wind_kt":21.5,"wind_from_deg":258.0,"temperature_c":-35.5,"relative_humidity":20.0,"turbulence_score":0.0,"icing_score":0.0,"convection_score":0.0}},{"type":"Feature","geometry":{"type":"Point","coordinates":[152.0,-82.0]},"properties":{"wind_kt":20.6,"wind_from_deg":254.0,"temperature_c":-35.7,"relative_humidity":17.0,"turbulence_score":0.004,"icing_score":0.0,"convection_score":0.0}},{"type":"Feature","geometry":{"type":"Point","coordinates":[156.0,-82.0]},"properties":{"wind_kt":18.3,"wind_from_deg":255.0,"temperature_c":-36.4,"relative_humidity":21.0,"turbulence_score":0.011,"icing_score":0.0,"convection_score":0.0}},{"type":"Feature","geometry":{"type":"Point","coordinates":[160.0,-82.0]},"properties":{"wind_kt":17.6,"wind_from_deg":256.0,"temperature_c":-36.7,"relative_humidity":22.0,"turbulence_score":0.016,"icing_score":0.0,"convection_score":0.0}},{"type":"Feature","geometry":{"type":"Point","coordinates":[164.0,-82.0]},"properties":{"wind_kt":19.8,"wind_from_deg":254.0,"temperature_c":-36.6,"relative_humidity":19.0,"turbulence_score":0.007,"icing_score":0.0,"convection_score":0.003}},{"type":"Feature","geometry":{"type":"Point","coordinates":[168.0,-82.0]},"properties":{"wind_kt":19.1,"wind_from_deg":252.0,"temperature_c":-36.9,"relative_humidity":19.0,"turbulence_score":0.0,"icing_score":0.0,"convection_score":0.005}},{"type":"Feature","geometry":{"type":"Point","coordinates":[172.0,-82.0]},"properties":{"wind_kt":14.1,"wind_from_deg":248.0,"temperature_c":-37.6,"relative_humidity":20.0,"turbulence_score":0.0,"icing_score":0.0,"convection_score":0.0}},{"type":"Feature","geometry":{"type":"Point","coordinates":[176.0,-82.0]},"properties":{"wind_kt":11.7,"wind_from_deg":230.0,"temperature_c":-37.9,"relative_humidity":66.0,"turbulence_score":0.0,"icing_score":0.0,"convection_score":0.0}},{"type":"Feature","geometry":{"type":"Point","coordinates":[180.0,-82.0]},"properties":{"wind_kt":16.2,"wind_from_deg":221.0,"temperature_c":-38.9,"relative_humidity":54.0,"turbulence_score":0.0,"icing_score":0.0,"convection_score":0.011}},{"type":"Feature","geometry":{"type":"Point","coordinates":[184.0,-82.0]},"properties":{"wind_kt":22.4,"wind_from_deg":200.0,"temperature_c":-38.6,"relative_humidity":47.0,"turbulence_score":0.0,"icing_score":0.0,"convection_score":0.0}},{"type":"Feature","geometry":{"type":"Point","coordinates":[188.0,-82.0]},"properties":{"wind_kt":6.1,"wind_from_deg":148.0,"temperature_c":-37.9,"relative_humidity":38.0,"turbulence_score":0.027,"icing_score":0.0,"convection_score":0.0}},{"type":"Feature","geometry":{"type":"Point","coordinates":[192.0,-82.0]},"properties":{"wind_kt":6.6,"wind_from_deg":125.0,"temperature_c":-37.7,"relative_humidity":39.0,"turbulence_score":0.0,"icing_score":0.0,"convection_score":0.0}},{"type":"Feature","geometry":{"type":"Point","coordinates":[196.0,-82.0]},"properties":{"wind_kt":10.4,"wind_from_deg":130.0,"temperature_c":-37.8,"relative_humidity":54.0,"turbulence_score":0.0,"icing_score":0.0,"convection_score":0.0}},{"type":"Feature","geometry":{"type":"Point","coordinates":[200.0,-82.0]},"properties":{"wind_kt":11.8,"wind_from_deg":105.0,"temperature_c":-37.7,"relative_humidity":35.0,"turbulence_score":0.0,"icing_score":0.0,"convection_score":0.0}},{"type":"Feature","geometry":{"type":"Point","coordinates":[204.0,-82.0]},"properties":{"wind_kt":16.6,"wind_from_deg":84.0,"temperature_c":-36.8,"relative_humidity":20.0,"turbulence_score":0.0,"icing_score":0.0,"convection_score":0.0}},{"type":"Feature","geometry":{"type":"Point","coordinates":[208.0,-82.0]},"properties":{"wind_kt":18.7,"wind_from_deg":69.0,"temperature_c":-36.5,"relative_humidity":26.0,"turbulence_score":0.0,"icing_score":0.0,"convection_score":0.0}},{"type":"Feature","geometry":{"type":"Point","coordinates":[212.0,-82.0]},"properties":{"wind_kt":19.6,"wind_from_deg":64.0,"temperature_c":-36.2,"relative_humidity":83.0,"turbulence_score":0.006,"icing_score":0.0,"convection_score":0.0}},{"type":"Feature","geometry":{"type":"Point","coordinates":[216.0,-82.0]},"properties":{"wind_kt":20.4,"wind_from_deg":62.0,"temperature_c":-35.5,"relative_humidity":98.0,"turbulence_score":0.022,"icing_score":0.0,"convection_score":0.0}},{"type":"Feature","geometry":{"type":"Point","coordinates":[220.0,-82.0]},"properties":{"wind_kt":20.5,"wind_from_deg":52.0,"temperature_c":-35.3,"relative_humidity":100.0,"turbulence_score":0.022,"icing_score":0.0,"convection_score":0.0}},{"type":"Feature","geometry":{"type":"Point","coordinates":[224.0,-82.0]},"properties":{"wind_kt":18.7,"wind_from_deg":56.0,"temperature_c":-35.3,"relative_humidity":100.0,"turbulence_score":0.0,"icing_score":0.0,"convection_score":0.0}},{"type":"Feature","geometry":{"type":"Point","coordinates":[228.0,-82.0]},"properties":{"wind_kt":17.7,"wind_from_deg":53.0,"temperature_c":-35.6,"relative_humidity":100.0,"turbulence_score":0.0,"icing_score":0.0,"convection_score":0.0}},{"type":"Feature","geometry":{"type":"Point","coordinates":[232.0,-82.0]},"properties":{"wind_kt":21.0,"wind_from_deg":42.0,"temperature_c":-35.3,"relative_humidity":79.0,"turbulence_score":0.0,"icing_score":0.0,"convection_score":0.141}},{"type":"Feature","geometry":{"type":"Point","coordinates":[236.0,-82.0]},"properties":{"wind_kt":17.9,"wind_from_deg":39.0,"temperature_c":-35.4,"relative_humidity":80.0,"turbulence_score":0.0,"icing_score":0.0,"convection_score":0.0}},{"type":"Feature","geometry":{"type":"Point","coordinates":[240.0,-82.0]},"properties":{"wind_kt":16.8,"wind_from_deg":41.0,"temperature_c":-35.8,"relative_humidity":90.0,"turbulence_score":0.0,"icing_score":0.0,"convection_score":0.0}},{"type":"Feature","geometry":{"type":"Point","coordinates":[244.0,-82.0]},"properties":{"wind_kt":18.2,"wind_from_deg":44.0,"temperature_c":-35.9,"relative_humidity":94.0,"turbulence_score":0.0,"icing_score":0.0,"convection_score":0.0}},{"type":"Feature","geometry":{"type":"Point","coordinates":[248.0,-82.0]},"properties":{"wind_kt":16.3,"wind_from_deg":50.0,"temperature_c":-36.2,"relative_humidity":100.0,"turbulence_score":0.0,"icing_score":0.0,"convection_score":0.0}},{"type":"Feature","geometry":{"type":"Point","coordinates":[252.0,-82.0]},"properties":{"wind_kt":14.4,"wind_from_deg":57.0,"temperature_c":-36.5,"relative_humidity":100.0,"turbulence_score":0.0,"icing_score":0.0,"convection_score":0.0}},{"type":"Feature","geometry":{"type":"Point","coordinates":[256.0,-82.0]},"properties":{"wind_kt":11.9,"wind_from_deg":55.0,"temperature_c":-36.9,"relative_humidity":100.0,"turbulence_score":0.0,"icing_score":0.0,"convection_score":0.0}},{"type":"Feature","geometry":{"type":"Point","coordinates":[260.0,-82.0]},"properties":{"wind_kt":14.1,"wind_from_deg":62.0,"temperature_c":-36.8,"relative_humidity":88.0,"turbulence_score":0.0,"icing_score":0.0,"convection_score":0.0}},{"type":"Feature","geometry":{"type":"Point","coordinates":[264.0,-82.0]},"properties":{"wind_kt":15.5,"wind_from_deg":72.0,"temperature_c":-36.7,"relative_humidity":100.0,"turbulence_score":0.004,"icing_score":0.0,"convection_score":0.0}},{"type":"Feature","geometry":{"type":"Point","coordinates":[268.0,-82.0]},"properties":{"wind_kt":17.0,"wind_from_deg":74.0,"temperature_c":-36.4,"relative_humidity":100.0,"turbulence_score":0.004,"icing_score":0.0,"convection_score":0.0}},{"type":"Feature","geometry":{"type":"Point","coordinates":[272.0,-82.0]},"properties":{"wind_kt":18.0,"wind_from_deg":73.0,"temperature_c":-36.1,"relative_humidity":100.0,"turbulence_score":0.0,"icing_score":0.0,"convection_score":0.0}},{"type":"Feature","geometry":{"type":"Point","coordinates":[276.0,-82.0]},"properties":{"wind_kt":18.6,"wind_from_deg":76.0,"temperature_c":-35.8,"relative_humidity":99.0,"turbulence_score":0.009,"icing_score":0.0,"convection_score":0.0}},{"type":"Feature","geometry":{"type":"Point","coordinates":[280.0,-82.0]},"properties":{"wind_kt":16.9,"wind_from_deg":80.0,"temperature_c":-35.6,"relative_humidity":100.0,"turbulence_score":0.0,"icing_score":0.0,"convection_score":0.3}},{"type":"Feature","geometry":{"type":"Point","coordinates":[284.0,-82.0]},"properties":{"wind_kt":12.5,"wind_from_deg":83.0,"temperature_c":-35.5,"relative_humidity":100.0,"turbulence_score":0.0,"icing_score":0.0,"convection_score":0.289}},{"type":"Feature","geometry":{"type":"Point","coordinates":[288.0,-82.0]},"properties":{"wind_kt":11.0,"wind_from_deg":76.0,"temperature_c":-35.2,"relative_humidity":100.0,"turbulence_score":0.0,"icing_score":0.0,"convection_score":0.261}},{"type":"Feature","geometry":{"type":"Point","coordinates":[292.0,-82.0]},"properties":{"wind_kt":10.5,"wind_from_deg":70.0,"temperature_c":-35.0,"relative_humidity":100.0,"turbulence_score":0.0,"icing_score":0.0,"convection_score":0.232}},{"type":"Feature","geometry":{"type":"Point","coordinates":[296.0,-82.0]},"properties":{"wind_kt":8.4,"wind_from_deg":72.0,"temperature_c":-34.8,"relative_humidity":100.0,"turbulence_score":0.0,"icing_score":0.0,"convection_score":0.266}},{"type":"Feature","geometry":{"type":"Point","coordinates":[300.0,-82.0]},"properties":{"wind_kt":3.5,"wind_from_deg":62.0,"temperature_c":-34.5,"relative_humidity":100.0,"turbulence_score":0.0,"icing_score":0.0,"convection_score":0.25}},{"type":"Feature","geometry":{"type":"Point","coordinates":[304.0,-82.0]},"properties":{"wind_kt":4.6,"wind_from_deg":329.0,"temperature_c":-33.9,"relative_humidity":88.0,"turbulence_score":0.0,"icing_score":0.0,"convection_score":0.141}},{"type":"Feature","geometry":{"type":"Point","coordinates":[308.0,-82.0]},"properties":{"wind_kt":6.2,"wind_from_deg":320.0,"temperature_c":-33.5,"relative_humidity":72.0,"turbulence_score":0.0,"icing_score":0.0,"convection_score":0.025}},{"type":"Feature","geometry":{"type":"Point","coordinates":[312.0,-82.0]},"properties":{"wind_kt":5.3,"wind_from_deg":297.0,"temperature_c":-33.5,"relative_humidity":66.0,"turbulence_score":0.0,"icing_score":0.0,"convection_score":0.116}},{"type":"Feature","geometry":{"type":"Point","coordinates":[316.0,-82.0]},"properties":{"wind_kt":3.2,"wind_from_deg":275.0,"temperature_c":-33.8,"relative_humidity":100.0,"turbulence_score":0.0,"icing_score":0.0,"convection_score":0.0}},{"type":"Feature","geometry":{"type":"Point","coordinates":[320.0,-82.0]},"properties":{"wind_kt":5.0,"wind_from_deg":235.0,"temperature_c":-34.0,"relative_humidity":100.0,"turbulence_score":0.0,"icing_score":0.0,"convection_score":0.0}},{"type":"Feature","geometry":{"type":"Point","coordinates":[324.0,-82.0]},"properties":{"wind_kt":10.0,"wind_from_deg":223.0,"temperature_c":-34.2,"relative_humidity":100.0,"turbulence_score":0.0,"icing_score":0.0,"convection_score":0.0}},{"type":"Feature","geometry":{"type":"Point","coordinates":[328.0,-82.0]},"properties":{"wind_kt":12.1,"wind_from_deg":205.0,"temperature_c":-34.1,"relative_humidity":96.0,"turbulence_score":0.0,"icing_score":0.0,"convection_score":0.0}},{"type":"Feature","geometry":{"type":"Point","coordinates":[332.0,-82.0]},"properties":{"wind_kt":9.7,"wind_from_deg":184.0,"temperature_c":-34.3,"relative_humidity":94.0,"turbulence_score":0.0,"icing_score":0.0,"convection_score":0.0}},{"type":"Feature","geometry":{"type":"Point","coordinates":[336.0,-82.0]},"properties":{"wind_kt":17.4,"wind_from_deg":181.0,"temperature_c":-34.4,"relative_humidity":82.0,"turbulence_score":0.0,"icing_score":0.0,"convection_score":0.0}},{"type":"Feature","geometry":{"type":"Point","coordinates":[340.0,-82.0]},"properties":{"wind_kt":25.0,"wind_from_deg":172.0,"temperature_c":-34.5,"relative_humidity":78.0,"turbulence_score":0.026,"icing_score":0.0,"convection_score":0.0}},{"type":"Feature","geometry":{"type":"Point","coordinates":[344.0,-82.0]},"properties":{"wind_kt":28.7,"wind_from_deg":170.0,"temperature_c":-34.9,"relative_humidity":68.0,"turbulence_score":0.044,"icing_score":0.0,"convection_score":0.0}},{"type":"Feature","geometry":{"type":"Point","coordinates":[348.0,-82.0]},"properties":{"wind_kt":28.5,"wind_from_deg":163.0,"temperature_c":-36.1,"relative_humidity":68.0,"turbulence_score":0.004,"icing_score":0.0,"convection_score":0.0}},{"type":"Feature","geometry":{"type":"Point","coordinates":[352.0,-82.0]},"properties":{"wind_kt":30.3,"wind_from_deg":158.0,"temperature_c":-36.9,"relative_humidity":55.0,"turbulence_score":0.023,"icing_score":0.0,"convection_score":0.0}},{"type":"Feature","geometry":{"type":"Point","coordinates":[356.0,-82.0]},"properties":{"wind_kt":32.2,"wind_from_deg":149.0,"temperature_c":-37.6,"relative_humidity":46.0,"turbulence_score":0.044,"icing_score":0.0,"convection_score":0.0}},{"type":"Feature","geometry":{"type":"Point","coordinates":[0.0,-86.0]},"properties":{"wind_kt":22.0,"wind_from_deg":160.0,"temperature_c":-38.5,"relative_humidity":100.0,"turbulence_score":0.028,"icing_score":0.0,"convection_score":0.0}},{"type":"Feature","geometry":{"type":"Point","coordinates":[4.0,-86.0]},"properties":{"wind_kt":21.8,"wind_from_deg":159.0,"temperature_c":-38.8,"relative_humidity":100.0,"turbulence_score":0.03,"icing_score":0.0,"convection_score":0.0}},{"type":"Feature","geometry":{"type":"Point","coordinates":[8.0,-86.0]},"properties":{"wind_kt":20.7,"wind_from_deg":150.0,"temperature_c":-39.2,"relative_humidity":100.0,"turbulence_score":0.029,"icing_score":0.0,"convection_score":0.0}},{"type":"Feature","geometry":{"type":"Point","coordinates":[12.0,-86.0]},"properties":{"wind_kt":16.8,"wind_from_deg":147.0,"temperature_c":-39.5,"relative_humidity":99.0,"turbulence_score":0.0,"icing_score":0.0,"convection_score":0.0}},{"type":"Feature","geometry":{"type":"Point","coordinates":[16.0,-86.0]},"properties":{"wind_kt":14.4,"wind_from_deg":139.0,"temperature_c":-39.9,"relative_humidity":99.0,"turbulence_score":0.0,"icing_score":0.0,"convection_score":0.0}},{"type":"Feature","geometry":{"type":"Point","coordinates":[20.0,-86.0]},"properties":{"wind_kt":15.2,"wind_from_deg":131.0,"temperature_c":-40.0,"relative_humidity":96.0,"turbulence_score":0.0,"icing_score":0.0,"convection_score":0.0}},{"type":"Feature","geometry":{"type":"Point","coordinates":[24.0,-86.0]},"properties":{"wind_kt":17.8,"wind_from_deg":127.0,"temperature_c":-40.1,"relative_humidity":98.0,"turbulence_score":0.009,"icing_score":0.0,"convection_score":0.0}},{"type":"Feature","geometry":{"type":"Point","coordinates":[28.0,-86.0]},"properties":{"wind_kt":19.2,"wind_from_deg":121.0,"temperature_c":-40.3,"relative_humidity":98.0,"turbulence_score":0.007,"icing_score":0.0,"convection_score":0.0}},{"type":"Feature","geometry":{"type":"Point","coordinates":[32.0,-86.0]},"properties":{"wind_kt":18.8,"wind_from_deg":115.0,"temperature_c":-40.4,"relative_humidity":98.0,"turbulence_score":0.0,"icing_score":0.0,"convection_score":0.0}},{"type":"Feature","geometry":{"type":"Point","coordinates":[36.0,-86.0]},"properties":{"wind_kt":17.8,"wind_from_deg":107.0,"temperature_c":-40.6,"relative_humidity":98.0,"turbulence_score":0.0,"icing_score":0.0,"convection_score":0.0}},{"type":"Feature","geometry":{"type":"Point","coordinates":[40.0,-86.0]},"properties":{"wind_kt":16.0,"wind_from_deg":101.0,"temperature_c":-40.8,"relative_humidity":97.0,"turbulence_score":0.0,"icing_score":0.0,"convection_score":0.0}},{"type":"Feature","geometry":{"type":"Point","coordinates":[44.0,-86.0]},"properties":{"wind_kt":14.0,"wind_from_deg":96.0,"temperature_c":-41.0,"relative_humidity":95.0,"turbulence_score":0.0,"icing_score":0.0,"convection_score":0.0}},{"type":"Feature","geometry":{"type":"Point","coordinates":[48.0,-86.0]},"properties":{"wind_kt":12.6,"wind_from_deg":91.0,"temperature_c":-41.3,"relative_humidity":95.0,"turbulence_score":0.0,"icing_score":0.0,"convection_score":0.0}},{"type":"Feature","geometry":{"type":"Point","coordinates":[52.0,-86.0]},"properties":{"wind_kt":11.4,"wind_from_deg":88.0,"temperature_c":-41.5,"relative_humidity":97.0,"turbulence_score":0.0,"icing_score":0.0,"convection_score":0.0}},{"type":"Feature","geometry":{"type":"Point","coordinates":[56.0,-86.0]},"properties":{"wind_kt":10.2,"wind_from_deg":83.0,"temperature_c":-41.6,"relative_humidity":98.0,"turbulence_score":0.0,"icing_score":0.0,"convection_score":0.0}},{"type":"Feature","geometry":{"type":"Point","coordinates":[60.0,-86.0]},"properties":{"wind_kt":8.7,"wind_from_deg":79.0,"temperature_c":-41.7,"relative_humidity":99.0,"turbulence_score":0.0,"icing_score":0.0,"convection_score":0.0}},{"type":"Feature","geometry":{"type":"Point","coordinates":[64.0,-86.0]},"properties":{"wind_kt":7.2,"wind_from_deg":75.0,"temperature_c":-41.7,"relative_humidity":100.0,"turbulence_score":0.0,"icing_score":0.0,"convection_score":0.0}},{"type":"Feature","geometry":{"type":"Point","coordinates":[68.0,-86.0]},"properties":{"wind_kt":6.0,"wind_from_deg":74.0,"temperature_c":-41.7,"relative_humidity":99.0,"turbulence_score":0.0,"icing_score":0.0,"convection_score":0.0}},{"type":"Feature","geometry":{"type":"Point","coordinates":[72.0,-86.0]},"properties":{"wind_kt":5.5,"wind_from_deg":71.0,"temperature_c":-41.6,"relative_humidity":99.0,"turbulence_score":0.0,"icing_score":0.0,"convection_score":0.0}},{"type":"Feature","geometry":{"type":"Point","coordinates":[76.0,-86.0]},"properties":{"wind_kt":5.3,"wind_from_deg":70.0,"temperature_c":-41.4,"relative_humidity":99.0,"turbulence_score":0.0,"icing_score":0.0,"convection_score":0.0}},{"type":"Feature","geometry":{"type":"Point","coordinates":[80.0,-86.0]},"properties":{"wind_kt":5.8,"wind_from_deg":68.0,"temperature_c":-41.3,"relative_humidity":99.0,"turbulence_score":0.0,"icing_score":0.0,"convection_score":0.0}},{"type":"Feature","geometry":{"type":"Point","coordinates":[84.0,-86.0]},"properties":{"wind_kt":5.7,"wind_from_deg":65.0,"temperature_c":-41.1,"relative_humidity":100.0,"turbulence_score":0.0,"icing_score":0.0,"convection_score":0.0}},{"type":"Feature","geometry":{"type":"Point","coordinates":[88.0,-86.0]},"properties":{"wind_kt":5.1,"wind_from_deg":66.0,"temperature_c":-40.9,"relative_humidity":100.0,"turbulence_score":0.0,"icing_score":0.0,"convection_score":0.0}},{"type":"Feature","geometry":{"type":"Point","coordinates":[92.0,-86.0]},"properties":{"wind_kt":4.2,"wind_from_deg":67.0,"temperature_c":-40.7,"relative_humidity":99.0,"turbulence_score":0.0,"icing_score":0.0,"convection_score":0.0}},{"type":"Feature","geometry":{"type":"Point","coordinates":[96.0,-86.0]},"properties":{"wind_kt":3.1,"wind_from_deg":67.0,"temperature_c":-40.4,"relative_humidity":98.0,"turbulence_score":0.0,"icing_score":0.0,"convection_score":0.0}},{"type":"Feature","geometry":{"type":"Point","coordinates":[100.0,-86.0]},"properties":{"wind_kt":2.5,"wind_from_deg":65.0,"temperature_c":-40.2,"relative_humidity":97.0,"turbulence_score":0.0,"icing_score":0.0,"convection_score":0.0}},{"type":"Feature","geometry":{"type":"Point","coordinates":[104.0,-86.0]},"properties":{"wind_kt":1.8,"wind_from_deg":55.0,"temperature_c":-40.0,"relative_humidity":93.0,"turbulence_score":0.0,"icing_score":0.0,"convection_score":0.0}},{"type":"Feature","geometry":{"type":"Point","coordinates":[108.0,-86.0]},"properties":{"wind_kt":1.3,"wind_from_deg":16.0,"temperature_c":-39.8,"relative_humidity":86.0,"turbulence_score":0.0,"icing_score":0.0,"convection_score":0.0}},{"type":"Feature","geometry":{"type":"Point","coordinates":[112.0,-86.0]},"properties":{"wind_kt":1.7,"wind_from_deg":307.0,"temperature_c":-39.6,"relative_humidity":84.0,"turbulence_score":0.0,"icing_score":0.0,"convection_score":0.0}},{"type":"Feature","geometry":{"type":"Point","coordinates":[116.0,-86.0]},"properties":{"wind_kt":2.8,"wind_from_deg":268.0,"temperature_c":-39.4,"relative_humidity":82.0,"turbulence_score":0.0,"icing_score":0.0,"convection_score":0.0}},{"type":"Feature","geometry":{"type":"Point","coordinates":[120.0,-86.0]},"properties":{"wind_kt":3.5,"wind_from_deg":245.0,"temperature_c":-39.2,"relative_humidity":81.0,"turbulence_score":0.0,"icing_score":0.0,"convection_score":0.0}},{"type":"Feature","geometry":{"type":"Point","coordinates":[124.0,-86.0]},"properties":{"wind_kt":4.5,"wind_from_deg":228.0,"temperature_c":-39.2,"relative_humidity":80.0,"turbulence_score":0.0,"icing_score":0.0,"convection_score":0.0}},{"type":"Feature","geometry":{"type":"Point","coordinates":[128.0,-86.0]},"properties":{"wind_kt":6.9,"wind_from_deg":211.0,"temperature_c":-39.1,"relative_humidity":78.0,"turbulence_score":0.0,"icing_score":0.0,"convection_score":0.0}},{"type":"Feature","geometry":{"type":"Point","coordinates":[132.0,-86.0]},"properties":{"wind_kt":8.2,"wind_from_deg":195.0,"temperature_c":-39.1,"relative_humidity":80.0,"turbulence_score":0.0,"icing_score":0.0,"convection_score":0.0}},{"type":"Feature","geometry":{"type":"Point","coordinates":[136.0,-86.0]},"properties":{"wind_kt":7.0,"wind_from_deg":187.0,"temperature_c":-39.1,"relative_humidity":76.0,"turbulence_score":0.0,"icing_score":0.0,"convection_score":0.0}},{"type":"Feature","geometry":{"type":"Point","coordinates":[140.0,-86.0]},"properties":{"wind_kt":5.9,"wind_from_deg":182.0,"temperature_c":-39.2,"relative_humidity":71.0,"turbulence_score":0.0,"icing_score":0.0,"convection_score":0.0}},{"type":"Feature","geometry":{"type":"Point","coordinates":[144.0,-86.0]},"properties":{"wind_kt":3.8,"wind_from_deg":175.0,"temperature_c":-39.1,"relative_humidity":62.0,"turbulence_score":0.0,"icing_score":0.0,"convection_score":0.0}},{"type":"Feature","geometry":{"type":"Point","coordinates":[148.0,-86.0]},"properties":{"wind_kt":2.7,"wind_from_deg":155.0,"temperature_c":-39.2,"relative_humidity":59.0,"turbulence_score":0.0,"icing_score":0.0,"convection_score":0.0}},{"type":"Feature","geometry":{"type":"Point","coordinates":[152.0,-86.0]},"properties":{"wind_kt":3.1,"wind_from_deg":132.0,"temperature_c":-39.3,"relative_humidity":63.0,"turbulence_score":0.0,"icing_score":0.0,"convection_score":0.0}},{"type":"Feature","geometry":{"type":"Point","coordinates":[156.0,-86.0]},"properties":{"wind_kt":2.9,"wind_from_deg":88.0,"temperature_c":-39.3,"relative_humidity":65.0,"turbulence_score":0.0,"icing_score":0.0,"convection_score":0.0}},{"type":"Feature","geometry":{"type":"Point","coordinates":[160.0,-86.0]},"properties":{"wind_kt":3.6,"wind_from_deg":59.0,"temperature_c":-39.1,"relative_humidity":62.0,"turbulence_score":0.0,"icing_score":0.0,"convection_score":0.0}},{"type":"Feature","geometry":{"type":"Point","coordinates":[164.0,-86.0]},"properties":{"wind_kt":4.6,"wind_from_deg":49.0,"temperature_c":-38.9,"relative_humidity":59.0,"turbulence_score":0.0,"icing_score":0.0,"convection_score":0.0}},{"type":"Feature","geometry":{"type":"Point","coordinates":[168.0,-86.0]},"properties":{"wind_kt":5.3,"wind_from_deg":44.0,"temperature_c":-38.9,"relative_humidity":73.0,"turbulence_score":0.0,"icing_score":0.0,"convection_score":0.0}},{"type":"Feature","geometry":{"type":"Point","coordinates":[172.0,-86.0]},"properties":{"wind_kt":7.1,"wind_from_deg":48.0,"temperature_c":-38.7,"relative_humidity":76.0,"turbulence_score":0.0,"icing_score":0.0,"convection_score":0.0}},{"type":"Feature","geometry":{"type":"Point","coordinates":[176.0,-86.0]},"properties":{"wind_kt":8.2,"wind_from_deg":49.0,"temperature_c":-38.8,"relative_humidity":72.0,"turbulence_score":0.0,"icing_score":0.0,"convection_score":0.0}},{"type":"Feature","geometry":{"type":"Point","coordinates":[180.0,-86.0]},"properties":{"wind_kt":9.0,"wind_from_deg":44.0,"temperature_c":-38.6,"relative_humidity":61.0,"turbulence_score":0.0,"icing_score":0.0,"convection_score":0.0}},{"type":"Feature","geometry":{"type":"Point","coordinates":[184.0,-86.0]},"properties":{"wind_kt":9.1,"wind_from_deg":32.0,"temperature_c":-38.4,"relative_humidity":49.0,"turbulence_score":0.0,"icing_score":0.0,"convection_score":0.0}},{"type":"Feature","geometry":{"type":"Point","coordinates":[188.0,-86.0]},"properties":{"wind_kt":12.5,"wind_from_deg":31.0,"temperature_c":-38.1,"relative_humidity":45.0,"turbulence_score":0.0,"icing_score":0.0,"convection_score":0.0}},{"type":"Feature","geometry":{"type":"Point","coordinates":[192.0,-86.0]},"properties":{"wind_kt":12.7,"wind_from_deg":33.0,"temperature_c":-37.6,"relative_humidity":39.0,"turbulence_score":0.0,"icing_score":0.0,"convection_score":0.0}},{"type":"Feature","geometry":{"type":"Point","coordinates":[196.0,-86.0]},"properties":{"wind_kt":14.8,"wind_from_deg":32.0,"temperature_c":-37.0,"relative_humidity":40.0,"turbulence_score":0.0,"icing_score":0.0,"convection_score":0.0}},{"type":"Feature","geometry":{"type":"Point","coordinates":[200.0,-86.0]},"properties":{"wind_kt":16.0,"wind_from_deg":28.0,"temperature_c":-37.1,"relative_humidity":37.0,"turbulence_score":0.02,"icing_score":0.0,"convection_score":0.0}},{"type":"Feature","geometry":{"type":"Point","coordinates":[204.0,-86.0]},"properties":{"wind_kt":16.7,"wind_from_deg":34.0,"temperature_c":-36.7,"relative_humidity":39.0,"turbulence_score":0.013,"icing_score":0.0,"convection_score":0.0}},{"type":"Feature","geometry":{"type":"Point","coordinates":[208.0,-86.0]},"properties":{"wind_kt":19.7,"wind_from_deg":27.0,"temperature_c":-36.3,"relative_humidity":59.0,"turbulence_score":0.053,"icing_score":0.0,"convection_score":0.0}},{"type":"Feature","geometry":{"type":"Point","coordinates":[212.0,-86.0]},"properties":{"wind_kt":21.5,"wind_from_deg":25.0,"temperature_c":-35.5,"relative_humidity":100.0,"turbulence_score":0.071,"icing_score":0.0,"convection_score":0.0}},{"type":"Feature","geometry":{"type":"Point","coordinates":[216.0,-86.0]},"properties":{"wind_kt":19.5,"wind_from_deg":26.0,"temperature_c":-35.2,"relative_humidity":100.0,"turbulence_score":0.054,"icing_score":0.0,"convection_score":0.0}},{"type":"Feature","geometry":{"type":"Point","coordinates":[220.0,-86.0]},"properties":{"wind_kt":17.0,"wind_from_deg":26.0,"temperature_c":-34.7,"relative_humidity":94.0,"turbulence_score":0.012,"icing_score":0.0,"convection_score":0.0}},{"type":"Feature","geometry":{"type":"Point","coordinates":[224.0,-86.0]},"properties":{"wind_kt":14.5,"wind_from_deg":25.0,"temperature_c":-34.6,"relative_humidity":95.0,"turbulence_score":0.016,"icing_score":0.0,"convection_score":0.0}},{"type":"Feature","geometry":{"type":"Point","coordinates":[228.0,-86.0]},"properties":{"wind_kt":13.0,"wind_from_deg":15.0,"temperature_c":-34.4,"relative_humidity":96.0,"turbulence_score":0.0,"icing_score":0.0,"convection_score":0.0}},{"type":"Feature","geometry":{"type":"Point","coordinates":[232.0,-86.0]},"properties":{"wind_kt":10.8,"wind_from_deg":19.0,"temperature_c":-34.2,"relative_humidity":97.0,"turbulence_score":0.0,"icing_score":0.0,"convection_score":0.0}},{"type":"Feature","geometry":{"type":"Point","coordinates":[236.0,-86.0]},"properties":{"wind_kt":13.1,"wind_from_deg":22.0,"temperature_c":-34.8,"relative_humidity":98.0,"turbulence_score":0.0,"icing_score":0.0,"convection_score":0.0}},{"type":"Feature","geometry":{"type":"Point","coordinates":[240.0,-86.0]},"properties":{"wind_kt":11.7,"wind_from_deg":23.0,"temperature_c":-35.1,"relative_humidity":100.0,"turbulence_score":0.0,"icing_score":0.0,"convection_score":0.0}},{"type":"Feature","geometry":{"type":"Point","coordinates":[244.0,-86.0]},"properties":{"wind_kt":13.7,"wind_from_deg":17.0,"temperature_c":-34.9,"relative_humidity":99.0,"turbulence_score":0.0,"icing_score":0.0,"convection_score":0.0}},{"type":"Feature","geometry":{"type":"Point","coordinates":[248.0,-86.0]},"properties":{"wind_kt":16.3,"wind_from_deg":14.0,"temperature_c":-34.7,"relative_humidity":95.0,"turbulence_score":0.0,"icing_score":0.0,"convection_score":0.0}},{"type":"Feature","geometry":{"type":"Point","coordinates":[252.0,-86.0]},"properties":{"wind_kt":16.4,"wind_from_deg":1.0,"temperature_c":-34.8,"relative_humidity":100.0,"turbulence_score":0.0,"icing_score":0.0,"convection_score":0.0}},{"type":"Feature","geometry":{"type":"Point","coordinates":[256.0,-86.0]},"properties":{"wind_kt":15.4,"wind_from_deg":352.0,"temperature_c":-34.9,"relative_humidity":100.0,"turbulence_score":0.0,"icing_score":0.0,"convection_score":0.0}},{"type":"Feature","geometry":{"type":"Point","coordinates":[260.0,-86.0]},"properties":{"wind_kt":14.4,"wind_from_deg":344.0,"temperature_c":-34.8,"relative_humidity":100.0,"turbulence_score":0.0,"icing_score":0.0,"convection_score":0.0}},{"type":"Feature","geometry":{"type":"Point","coordinates":[264.0,-86.0]},"properties":{"wind_kt":13.5,"wind_from_deg":336.0,"temperature_c":-34.8,"relative_humidity":100.0,"turbulence_score":0.0,"icing_score":0.0,"convection_score":0.0}},{"type":"Feature","geometry":{"type":"Point","coordinates":[268.0,-86.0]},"properties":{"wind_kt":12.4,"wind_from_deg":327.0,"temperature_c":-34.6,"relative_humidity":100.0,"turbulence_score":0.0,"icing_score":0.0,"convection_score":0.0}},{"type":"Feature","geometry":{"type":"Point","coordinates":[272.0,-86.0]},"properties":{"wind_kt":11.8,"wind_from_deg":317.0,"temperature_c":-34.5,"relative_humidity":100.0,"turbulence_score":0.0,"icing_score":0.0,"convection_score":0.0}},{"type":"Feature","geometry":{"type":"Point","coordinates":[276.0,-86.0]},"properties":{"wind_kt":11.2,"wind_from_deg":312.0,"temperature_c":-34.5,"relative_humidity":100.0,"turbulence_score":0.0,"icing_score":0.0,"convection_score":0.0}},{"type":"Feature","geometry":{"type":"Point","coordinates":[280.0,-86.0]},"properties":{"wind_kt":11.1,"wind_from_deg":304.0,"temperature_c":-34.6,"relative_humidity":100.0,"turbulence_score":0.0,"icing_score":0.0,"convection_score":0.0}},{"type":"Feature","geometry":{"type":"Point","coordinates":[284.0,-86.0]},"properties":{"wind_kt":11.2,"wind_from_deg":295.0,"temperature_c":-34.6,"relative_humidity":100.0,"turbulence_score":0.0,"icing_score":0.0,"convection_score":0.0}},{"type":"Feature","geometry":{"type":"Point","coordinates":[288.0,-86.0]},"properties":{"wind_kt":11.0,"wind_from_deg":284.0,"temperature_c":-34.7,"relative_humidity":100.0,"turbulence_score":0.0,"icing_score":0.0,"convection_score":0.0}},{"type":"Feature","geometry":{"type":"Point","coordinates":[292.0,-86.0]},"properties":{"wind_kt":10.9,"wind_from_deg":270.0,"temperature_c":-34.9,"relative_humidity":100.0,"turbulence_score":0.0,"icing_score":0.0,"convection_score":0.0}},{"type":"Feature","geometry":{"type":"Point","coordinates":[296.0,-86.0]},"properties":{"wind_kt":10.8,"wind_from_deg":258.0,"temperature_c":-34.9,"relative_humidity":100.0,"turbulence_score":0.0,"icing_score":0.0,"convection_score":0.0}},{"type":"Feature","geometry":{"type":"Point","coordinates":[300.0,-86.0]},"properties":{"wind_kt":10.9,"wind_from_deg":248.0,"temperature_c":-34.8,"relative_humidity":100.0,"turbulence_score":0.0,"icing_score":0.0,"convection_score":0.0}},{"type":"Feature","geometry":{"type":"Point","coordinates":[304.0,-86.0]},"properties":{"wind_kt":11.6,"wind_from_deg":239.0,"temperature_c":-34.7,"relative_humidity":100.0,"turbulence_score":0.0,"icing_score":0.0,"convection_score":0.0}},{"type":"Feature","geometry":{"type":"Point","coordinates":[308.0,-86.0]},"properties":{"wind_kt":13.4,"wind_from_deg":224.0,"temperature_c":-34.6,"relative_humidity":100.0,"turbulence_score":0.0,"icing_score":0.0,"convection_score":0.0}},{"type":"Feature","geometry":{"type":"Point","coordinates":[312.0,-86.0]},"properties":{"wind_kt":13.8,"wind_from_deg":220.0,"temperature_c":-34.6,"relative_humidity":100.0,"turbulence_score":0.0,"icing_score":0.0,"convection_score":0.0}},{"type":"Feature","geometry":{"type":"Point","coordinates":[316.0,-86.0]},"properties":{"wind_kt":12.6,"wind_from_deg":216.0,"temperature_c":-35.0,"relative_humidity":100.0,"turbulence_score":0.0,"icing_score":0.0,"convection_score":0.0}},{"type":"Feature","geometry":{"type":"Point","coordinates":[320.0,-86.0]},"properties":{"wind_kt":12.7,"wind_from_deg":206.0,"temperature_c":-35.2,"relative_humidity":100.0,"turbulence_score":0.0,"icing_score":0.0,"convection_score":0.0}},{"type":"Feature","geometry":{"type":"Point","coordinates":[324.0,-86.0]},"properties":{"wind_kt":13.6,"wind_from_deg":203.0,"temperature_c":-35.2,"relative_humidity":100.0,"turbulence_score":0.0,"icing_score":0.0,"convection_score":0.0}},{"type":"Feature","geometry":{"type":"Point","coordinates":[328.0,-86.0]},"properties":{"wind_kt":15.8,"wind_from_deg":202.0,"temperature_c":-35.4,"relative_humidity":100.0,"turbulence_score":0.0,"icing_score":0.0,"convection_score":0.0}},{"type":"Feature","geometry":{"type":"Point","coordinates":[332.0,-86.0]},"properties":{"wind_kt":17.3,"wind_from_deg":196.0,"temperature_c":-35.6,"relative_humidity":99.0,"turbulence_score":0.0,"icing_score":0.0,"convection_score":0.0}},{"type":"Feature","geometry":{"type":"Point","coordinates":[336.0,-86.0]},"properties":{"wind_kt":18.7,"wind_from_deg":190.0,"temperature_c":-35.7,"relative_humidity":98.0,"turbulence_score":0.0,"icing_score":0.0,"convection_score":0.0}},{"type":"Feature","geometry":{"type":"Point","coordinates":[340.0,-86.0]},"properties":{"wind_kt":20.9,"wind_from_deg":183.0,"temperature_c":-36.0,"relative_humidity":98.0,"turbulence_score":0.0,"icing_score":0.0,"convection_score":0.0}},{"type":"Feature","geometry":{"type":"Point","coordinates":[344.0,-86.0]},"properties":{"wind_kt":21.9,"wind_from_deg":182.0,"temperature_c":-36.3,"relative_humidity":97.0,"turbulence_score":0.003,"icing_score":0.0,"convection_score":0.0}},{"type":"Feature","geometry":{"type":"Point","coordinates":[348.0,-86.0]},"properties":{"wind_kt":23.6,"wind_from_deg":179.0,"temperature_c":-36.9,"relative_humidity":100.0,"turbulence_score":0.014,"icing_score":0.0,"convection_score":0.0}},{"type":"Feature","geometry":{"type":"Point","coordinates":[352.0,-86.0]},"properties":{"wind_kt":23.4,"wind_from_deg":171.0,"temperature_c":-37.6,"relative_humidity":100.0,"turbulence_score":0.018,"icing_score":0.0,"convection_score":0.0}},{"type":"Feature","geometry":{"type":"Point","coordinates":[356.0,-86.0]},"properties":{"wind_kt":22.5,"wind_from_deg":166.0,"temperature_c":-38.0,"relative_humidity":100.0,"turbulence_score":0.035,"icing_score":0.0,"convection_score":0.0}},{"type":"Feature","geometry":{"type":"Point","coordinates":[0.0,-90.0]},"properties":{"wind_kt":25.6,"wind_from_deg":205.0,"temperature_c":-38.3,"relative_humidity":100.0,"turbulence_score":0.079,"icing_score":0.0,"convection_score":0.0}},{"type":"Feature","geometry":{"type":"Point","coordinates":[4.0,-90.0]},"properties":{"wind_kt":25.5,"wind_from_deg":201.0,"temperature_c":-38.3,"relative_humidity":100.0,"turbulence_score":0.079,"icing_score":0.0,"convection_score":0.0}},{"type":"Feature","geometry":{"type":"Point","coordinates":[8.0,-90.0]},"properties":{"wind_kt":25.5,"wind_from_deg":197.0,"temperature_c":-38.3,"relative_humidity":100.0,"turbulence_score":0.077,"icing_score":0.0,"convection_score":0.0}},{"type":"Feature","geometry":{"type":"Point","coordinates":[12.0,-90.0]},"properties":{"wind_kt":25.6,"wind_from_deg":193.0,"temperature_c":-38.3,"relative_humidity":100.0,"turbulence_score":0.074,"icing_score":0.0,"convection_score":0.0}},{"type":"Feature","geometry":{"type":"Point","coordinates":[16.0,-90.0]},"properties":{"wind_kt":25.5,"wind_from_deg":189.0,"temperature_c":-38.3,"relative_humidity":100.0,"turbulence_score":0.074,"icing_score":0.0,"convection_score":0.0}},{"type":"Feature","geometry":{"type":"Point","coordinates":[20.0,-90.0]},"properties":{"wind_kt":25.7,"wind_from_deg":185.0,"temperature_c":-38.3,"relative_humidity":100.0,"turbulence_score":0.078,"icing_score":0.0,"convection_score":0.0}},{"type":"Feature","geometry":{"type":"Point","coordinates":[24.0,-90.0]},"properties":{"wind_kt":25.6,"wind_from_deg":181.0,"temperature_c":-38.3,"relative_humidity":100.0,"turbulence_score":0.081,"icing_score":0.0,"convection_score":0.0}},{"type":"Feature","geometry":{"type":"Point","coordinates":[28.0,-90.0]},"properties":{"wind_kt":25.6,"wind_from_deg":177.0,"temperature_c":-38.3,"relative_humidity":100.0,"turbulence_score":0.084,"icing_score":0.0,"convection_score":0.0}},{"type":"Feature","geometry":{"type":"Point","coordinates":[32.0,-90.0]},"properties":{"wind_kt":25.6,"wind_from_deg":173.0,"temperature_c":-38.3,"relative_humidity":100.0,"turbulence_score":0.086,"icing_score":0.0,"convection_score":0.0}},{"type":"Feature","geometry":{"type":"Point","coordinates":[36.0,-90.0]},"properties":{"wind_kt":25.6,"wind_from_deg":169.0,"temperature_c":-38.3,"relative_humidity":100.0,"turbulence_score":0.09,"icing_score":0.0,"convection_score":0.0}},{"type":"Feature","geometry":{"type":"Point","coordinates":[40.0,-90.0]},"properties":{"wind_kt":25.7,"wind_from_deg":165.0,"temperature_c":-38.3,"relative_humidity":100.0,"turbulence_score":0.093,"icing_score":0.0,"convection_score":0.0}},{"type":"Feature","geometry":{"type":"Point","coordinates":[44.0,-90.0]},"properties":{"wind_kt":25.6,"wind_from_deg":161.0,"temperature_c":-38.3,"relative_humidity":100.0,"turbulence_score":0.094,"icing_score":0.0,"convection_score":0.0}},{"type":"Feature","geometry":{"type":"Point","coordinates":[48.0,-90.0]},"properties":{"wind_kt":25.7,"wind_from_deg":157.0,"temperature_c":-38.3,"relative_humidity":100.0,"turbulence_score":0.098,"icing_score":0.0,"convection_score":0.0}},{"type":"Feature","geometry":{"type":"Point","coordinates":[52.0,-90.0]},"properties":{"wind_kt":25.6,"wind_from_deg":153.0,"temperature_c":-38.3,"relative_humidity":100.0,"turbulence_score":0.101,"icing_score":0.0,"convection_score":0.0}},{"type":"Feature","geometry":{"type":"Point","coordinates":[56.0,-90.0]},"properties":{"wind_kt":25.5,"wind_from_deg":149.0,"temperature_c":-38.3,"relative_humidity":100.0,"turbulence_score":0.1,"icing_score":0.0,"convection_score":0.0}},{"type":"Feature","geometry":{"type":"Point","coordinates":[60.0,-90.0]},"properties":{"wind_kt":25.6,"wind_from_deg":145.0,"temperature_c":-38.3,"relative_humidity":100.0,"turbulence_score":0.102,"icing_score":0.0,"convection_score":0.0}},{"type":"Feature","geometry":{"type":"Point","coordinates":[64.0,-90.0]},"properties":{"wind_kt":25.6,"wind_from_deg":141.0,"temperature_c":-38.3,"relative_humidity":100.0,"turbulence_score":0.102,"icing_score":0.0,"convection_score":0.0}},{"type":"Feature","geometry":{"type":"Point","coordinates":[68.0,-90.0]},"properties":{"wind_kt":25.6,"wind_from_deg":137.0,"temperature_c":-38.3,"relative_humidity":100.0,"turbulence_score":0.102,"icing_score":0.0,"convection_score":0.0}},{"type":"Feature","geometry":{"type":"Point","coordinates":[72.0,-90.0]},"properties":{"wind_kt":25.5,"wind_from_deg":133.0,"temperature_c":-38.3,"relative_humidity":100.0,"turbulence_score":0.099,"icing_score":0.0,"convection_score":0.0}},{"type":"Feature","geometry":{"type":"Point","coordinates":[76.0,-90.0]},"properties":{"wind_kt":25.5,"wind_from_deg":129.0,"temperature_c":-38.3,"relative_humidity":100.0,"turbulence_score":0.099,"icing_score":0.0,"convection_score":0.0}},{"type":"Feature","geometry":{"type":"Point","coordinates":[80.0,-90.0]},"properties":{"wind_kt":25.6,"wind_from_deg":125.0,"temperature_c":-38.3,"relative_humidity":100.0,"turbulence_score":0.099,"icing_score":0.0,"convection_score":0.0}},{"type":"Feature","geometry":{"type":"Point","coordinates":[84.0,-90.0]},"properties":{"wind_kt":25.6,"wind_from_deg":121.0,"temperature_c":-38.3,"relative_humidity":100.0,"turbulence_score":0.097,"icing_score":0.0,"convection_score":0.0}},{"type":"Feature","geometry":{"type":"Point","coordinates":[88.0,-90.0]},"properties":{"wind_kt":25.5,"wind_from_deg":117.0,"temperature_c":-38.3,"relative_humidity":100.0,"turbulence_score":0.093,"icing_score":0.0,"convection_score":0.0}},{"type":"Feature","geometry":{"type":"Point","coordinates":[92.0,-90.0]},"properties":{"wind_kt":25.5,"wind_from_deg":113.0,"temperature_c":-38.3,"relative_humidity":100.0,"turbulence_score":0.092,"icing_score":0.0,"convection_score":0.0}},{"type":"Feature","geometry":{"type":"Point","coordinates":[96.0,-90.0]},"properties":{"wind_kt":25.6,"wind_from_deg":109.0,"temperature_c":-38.3,"relative_humidity":100.0,"turbulence_score":0.09,"icing_score":0.0,"convection_score":0.0}},{"type":"Feature","geometry":{"type":"Point","coordinates":[100.0,-90.0]},"properties":{"wind_kt":25.5,"wind_from_deg":105.0,"temperature_c":-38.3,"relative_humidity":100.0,"turbulence_score":0.086,"icing_score":0.0,"convection_score":0.0}},{"type":"Feature","geometry":{"type":"Point","coordinates":[104.0,-90.0]},"properties":{"wind_kt":25.5,"wind_from_deg":101.0,"temperature_c":-38.3,"relative_humidity":100.0,"turbulence_score":0.083,"icing_score":0.0,"convection_score":0.0}},{"type":"Feature","geometry":{"type":"Point","coordinates":[108.0,-90.0]},"properties":{"wind_kt":25.6,"wind_from_deg":97.0,"temperature_c":-38.3,"relative_humidity":100.0,"turbulence_score":0.081,"icing_score":0.0,"convection_score":0.0}},{"type":"Feature","geometry":{"type":"Point","coordinates":[112.0,-90.0]},"properties":{"wind_kt":25.7,"wind_from_deg":93.0,"temperature_c":-38.3,"relative_humidity":100.0,"turbulence_score":0.078,"icing_score":0.0,"convection_score":0.0}},{"type":"Feature","geometry":{"type":"Point","coordinates":[116.0,-90.0]},"properties":{"wind_kt":25.6,"wind_from_deg":89.0,"temperature_c":-38.3,"relative_humidity":100.0,"turbulence_score":0.075,"icing_score":0.0,"convection_score":0.0}},{"type":"Feature","geometry":{"type":"Point","coordinates":[120.0,-90.0]},"properties":{"wind_kt":25.5,"wind_from_deg":85.0,"temperature_c":-38.3,"relative_humidity":100.0,"turbulence_score":0.074,"icing_score":0.0,"convection_score":0.0}},{"type":"Feature","geometry":{"type":"Point","coordinates":[124.0,-90.0]},"properties":{"wind_kt":25.5,"wind_from_deg":81.0,"temperature_c":-38.3,"relative_humidity":100.0,"turbulence_score":0.077,"icing_score":0.0,"convection_score":0.0}},{"type":"Feature","geometry":{"type":"Point","coordinates":[128.0,-90.0]},"properties":{"wind_kt":25.5,"wind_from_deg":77.0,"temperature_c":-38.3,"relative_humidity":100.0,"turbulence_score":0.08,"icing_score":0.0,"convection_score":0.0}},{"type":"Feature","geometry":{"type":"Point","coordinates":[132.0,-90.0]},"properties":{"wind_kt":25.6,"wind_from_deg":73.0,"temperature_c":-38.3,"relative_humidity":100.0,"turbulence_score":0.083,"icing_score":0.0,"convection_score":0.0}},{"type":"Feature","geometry":{"type":"Point","coordinates":[136.0,-90.0]},"properties":{"wind_kt":25.6,"wind_from_deg":69.0,"temperature_c":-38.3,"relative_humidity":100.0,"turbulence_score":0.087,"icing_score":0.0,"convection_score":0.0}},{"type":"Feature","geometry":{"type":"Point","coordinates":[140.0,-90.0]},"properties":{"wind_kt":25.5,"wind_from_deg":65.0,"temperature_c":-38.3,"relative_humidity":100.0,"turbulence_score":0.087,"icing_score":0.0,"convection_score":0.0}},{"type":"Feature","geometry":{"type":"Point","coordinates":[144.0,-90.0]},"properties":{"wind_kt":25.5,"wind_from_deg":61.0,"temperature_c":-38.3,"relative_humidity":100.0,"turbulence_score":0.087,"icing_score":0.0,"convection_score":0.0}},{"type":"Feature","geometry":{"type":"Point","coordinates":[148.0,-90.0]},"properties":{"wind_kt":25.6,"wind_from_deg":57.0,"temperature_c":-38.3,"relative_humidity":100.0,"turbulence_score":0.09,"icing_score":0.0,"convection_score":0.0}},{"type":"Feature","geometry":{"type":"Point","coordinates":[152.0,-90.0]},"properties":{"wind_kt":25.6,"wind_from_deg":53.0,"temperature_c":-38.3,"relative_humidity":100.0,"turbulence_score":0.091,"icing_score":0.0,"convection_score":0.0}},{"type":"Feature","geometry":{"type":"Point","coordinates":[156.0,-90.0]},"properties":{"wind_kt":25.5,"wind_from_deg":49.0,"temperature_c":-38.3,"relative_humidity":100.0,"turbulence_score":0.09,"icing_score":0.0,"convection_score":0.0}},{"type":"Feature","geometry":{"type":"Point","coordinates":[160.0,-90.0]},"properties":{"wind_kt":25.6,"wind_from_deg":45.0,"temperature_c":-38.3,"relative_humidity":100.0,"turbulence_score":0.091,"icing_score":0.0,"convection_score":0.0}},{"type":"Feature","geometry":{"type":"Point","coordinates":[164.0,-90.0]},"properties":{"wind_kt":25.5,"wind_from_deg":41.0,"temperature_c":-38.3,"relative_humidity":100.0,"turbulence_score":0.091,"icing_score":0.0,"convection_score":0.0}},{"type":"Feature","geometry":{"type":"Point","coordinates":[168.0,-90.0]},"properties":{"wind_kt":25.6,"wind_from_deg":37.0,"temperature_c":-38.3,"relative_humidity":100.0,"turbulence_score":0.091,"icing_score":0.0,"convection_score":0.0}},{"type":"Feature","geometry":{"type":"Point","coordinates":[172.0,-90.0]},"properties":{"wind_kt":25.6,"wind_from_deg":33.0,"temperature_c":-38.3,"relative_humidity":100.0,"turbulence_score":0.088,"icing_score":0.0,"convection_score":0.0}},{"type":"Feature","geometry":{"type":"Point","coordinates":[176.0,-90.0]},"properties":{"wind_kt":25.6,"wind_from_deg":29.0,"temperature_c":-38.3,"relative_humidity":100.0,"turbulence_score":0.087,"icing_score":0.0,"convection_score":0.0}},{"type":"Feature","geometry":{"type":"Point","coordinates":[180.0,-90.0]},"properties":{"wind_kt":25.6,"wind_from_deg":25.0,"temperature_c":-38.3,"relative_humidity":100.0,"turbulence_score":0.084,"icing_score":0.0,"convection_score":0.0}},{"type":"Feature","geometry":{"type":"Point","coordinates":[184.0,-90.0]},"properties":{"wind_kt":25.5,"wind_from_deg":21.0,"temperature_c":-38.3,"relative_humidity":100.0,"turbulence_score":0.079,"icing_score":0.0,"convection_score":0.0}},{"type":"Feature","geometry":{"type":"Point","coordinates":[188.0,-90.0]},"properties":{"wind_kt":25.5,"wind_from_deg":17.0,"temperature_c":-38.3,"relative_humidity":100.0,"turbulence_score":0.077,"icing_score":0.0,"convection_score":0.0}},{"type":"Feature","geometry":{"type":"Point","coordinates":[192.0,-90.0]},"properties":{"wind_kt":25.6,"wind_from_deg":13.0,"temperature_c":-38.3,"relative_humidity":100.0,"turbulence_score":0.077,"icing_score":0.0,"convection_score":0.0}},{"type":"Feature","geometry":{"type":"Point","coordinates":[196.0,-90.0]},"properties":{"wind_kt":25.7,"wind_from_deg":9.0,"temperature_c":-38.3,"relative_humidity":100.0,"turbulence_score":0.075,"icing_score":0.0,"convection_score":0.0}},{"type":"Feature","geometry":{"type":"Point","coordinates":[200.0,-90.0]},"properties":{"wind_kt":25.6,"wind_from_deg":5.0,"temperature_c":-38.3,"relative_humidity":100.0,"turbulence_score":0.075,"icing_score":0.0,"convection_score":0.0}},{"type":"Feature","geometry":{"type":"Point","coordinates":[204.0,-90.0]},"properties":{"wind_kt":25.5,"wind_from_deg":1.0,"temperature_c":-38.3,"relative_humidity":100.0,"turbulence_score":0.077,"icing_score":0.0,"convection_score":0.0}},{"type":"Feature","geometry":{"type":"Point","coordinates":[208.0,-90.0]},"properties":{"wind_kt":25.6,"wind_from_deg":357.0,"temperature_c":-38.3,"relative_humidity":100.0,"turbulence_score":0.079,"icing_score":0.0,"convection_score":0.0}},{"type":"Feature","geometry":{"type":"Point","coordinates":[212.0,-90.0]},"properties":{"wind_kt":25.5,"wind_from_deg":353.0,"temperature_c":-38.3,"relative_humidity":100.0,"turbulence_score":0.08,"icing_score":0.0,"convection_score":0.0}},{"type":"Feature","geometry":{"type":"Point","coordinates":[216.0,-90.0]},"properties":{"wind_kt":25.6,"wind_from_deg":349.0,"temperature_c":-38.3,"relative_humidity":100.0,"turbulence_score":0.081,"icing_score":0.0,"convection_score":0.0}},{"type":"Feature","geometry":{"type":"Point","coordinates":[220.0,-90.0]},"properties":{"wind_kt":25.6,"wind_from_deg":345.0,"temperature_c":-38.3,"relative_humidity":100.0,"turbulence_score":0.081,"icing_score":0.0,"convection_score":0.0}},{"type":"Feature","geometry":{"type":"Point","coordinates":[224.0,-90.0]},"properties":{"wind_kt":25.6,"wind_from_deg":341.0,"temperature_c":-38.3,"relative_humidity":100.0,"turbulence_score":0.082,"icing_score":0.0,"convection_score":0.0}},{"type":"Feature","geometry":{"type":"Point","coordinates":[228.0,-90.0]},"properties":{"wind_kt":25.6,"wind_from_deg":337.0,"temperature_c":-38.3,"relative_humidity":100.0,"turbulence_score":0.081,"icing_score":0.0,"convection_score":0.0}},{"type":"Feature","geometry":{"type":"Point","coordinates":[232.0,-90.0]},"properties":{"wind_kt":25.6,"wind_from_deg":333.0,"temperature_c":-38.3,"relative_humidity":100.0,"turbulence_score":0.081,"icing_score":0.0,"convection_score":0.0}},{"type":"Feature","geometry":{"type":"Point","coordinates":[236.0,-90.0]},"properties":{"wind_kt":25.6,"wind_from_deg":329.0,"temperature_c":-38.3,"relative_humidity":100.0,"turbulence_score":0.079,"icing_score":0.0,"convection_score":0.0}},{"type":"Feature","geometry":{"type":"Point","coordinates":[240.0,-90.0]},"properties":{"wind_kt":25.5,"wind_from_deg":325.0,"temperature_c":-38.3,"relative_humidity":100.0,"turbulence_score":0.077,"icing_score":0.0,"convection_score":0.0}},{"type":"Feature","geometry":{"type":"Point","coordinates":[244.0,-90.0]},"properties":{"wind_kt":25.6,"wind_from_deg":321.0,"temperature_c":-38.3,"relative_humidity":100.0,"turbulence_score":0.077,"icing_score":0.0,"convection_score":0.0}},{"type":"Feature","geometry":{"type":"Point","coordinates":[248.0,-90.0]},"properties":{"wind_kt":25.7,"wind_from_deg":317.0,"temperature_c":-38.3,"relative_humidity":100.0,"turbulence_score":0.075,"icing_score":0.0,"convection_score":0.0}},{"type":"Feature","geometry":{"type":"Point","coordinates":[252.0,-90.0]},"properties":{"wind_kt":25.5,"wind_from_deg":313.0,"temperature_c":-38.3,"relative_humidity":100.0,"turbulence_score":0.074,"icing_score":0.0,"convection_score":0.0}},{"type":"Feature","geometry":{"type":"Point","coordinates":[256.0,-90.0]},"properties":{"wind_kt":25.5,"wind_from_deg":309.0,"temperature_c":-38.3,"relative_humidity":100.0,"turbulence_score":0.074,"icing_score":0.0,"convection_score":0.0}},{"type":"Feature","geometry":{"type":"Point","coordinates":[260.0,-90.0]},"properties":{"wind_kt":25.6,"wind_from_deg":305.0,"temperature_c":-38.3,"relative_humidity":100.0,"turbulence_score":0.077,"icing_score":0.0,"convection_score":0.0}},{"type":"Feature","geometry":{"type":"Point","coordinates":[264.0,-90.0]},"properties":{"wind_kt":25.6,"wind_from_deg":301.0,"temperature_c":-38.3,"relative_humidity":100.0,"turbulence_score":0.078,"icing_score":0.0,"convection_score":0.0}},{"type":"Feature","geometry":{"type":"Point","coordinates":[268.0,-90.0]},"properties":{"wind_kt":25.5,"wind_from_deg":297.0,"temperature_c":-38.3,"relative_humidity":100.0,"turbulence_score":0.077,"icing_score":0.0,"convection_score":0.0}},{"type":"Feature","geometry":{"type":"Point","coordinates":[272.0,-90.0]},"properties":{"wind_kt":25.6,"wind_from_deg":293.0,"temperature_c":-38.3,"relative_humidity":100.0,"turbulence_score":0.079,"icing_score":0.0,"convection_score":0.0}},{"type":"Feature","geometry":{"type":"Point","coordinates":[276.0,-90.0]},"properties":{"wind_kt":25.5,"wind_from_deg":289.0,"temperature_c":-38.3,"relative_humidity":100.0,"turbulence_score":0.078,"icing_score":0.0,"convection_score":0.0}},{"type":"Feature","geometry":{"type":"Point","coordinates":[280.0,-90.0]},"properties":{"wind_kt":25.6,"wind_from_deg":285.0,"temperature_c":-38.3,"relative_humidity":100.0,"turbulence_score":0.081,"icing_score":0.0,"convection_score":0.0}},{"type":"Feature","geometry":{"type":"Point","coordinates":[284.0,-90.0]},"properties":{"wind_kt":25.6,"wind_from_deg":281.0,"temperature_c":-38.3,"relative_humidity":100.0,"turbulence_score":0.082,"icing_score":0.0,"convection_score":0.0}},{"type":"Feature","geometry":{"type":"Point","coordinates":[288.0,-90.0]},"properties":{"wind_kt":25.5,"wind_from_deg":277.0,"temperature_c":-38.3,"relative_humidity":100.0,"turbulence_score":0.081,"icing_score":0.0,"convection_score":0.0}},{"type":"Feature","geometry":{"type":"Point","coordinates":[292.0,-90.0]},"properties":{"wind_kt":25.5,"wind_from_deg":273.0,"temperature_c":-38.3,"relative_humidity":100.0,"turbulence_score":0.08,"icing_score":0.0,"convection_score":0.0}},{"type":"Feature","geometry":{"type":"Point","coordinates":[296.0,-90.0]},"properties":{"wind_kt":25.5,"wind_from_deg":269.0,"temperature_c":-38.3,"relative_humidity":100.0,"turbulence_score":0.08,"icing_score":0.0,"convection_score":0.0}},{"type":"Feature","geometry":{"type":"Point","coordinates":[300.0,-90.0]},"properties":{"wind_kt":25.6,"wind_from_deg":265.0,"temperature_c":-38.3,"relative_humidity":100.0,"turbulence_score":0.082,"icing_score":0.0,"convection_score":0.0}},{"type":"Feature","geometry":{"type":"Point","coordinates":[304.0,-90.0]},"properties":{"wind_kt":25.6,"wind_from_deg":261.0,"temperature_c":-38.3,"relative_humidity":100.0,"turbulence_score":0.082,"icing_score":0.0,"convection_score":0.0}},{"type":"Feature","geometry":{"type":"Point","coordinates":[308.0,-90.0]},"properties":{"wind_kt":25.6,"wind_from_deg":257.0,"temperature_c":-38.3,"relative_humidity":100.0,"turbulence_score":0.082,"icing_score":0.0,"convection_score":0.0}},{"type":"Feature","geometry":{"type":"Point","coordinates":[312.0,-90.0]},"properties":{"wind_kt":25.6,"wind_from_deg":253.0,"temperature_c":-38.3,"relative_humidity":100.0,"turbulence_score":0.081,"icing_score":0.0,"convection_score":0.0}},{"type":"Feature","geometry":{"type":"Point","coordinates":[316.0,-90.0]},"properties":{"wind_kt":25.7,"wind_from_deg":249.0,"temperature_c":-38.3,"relative_humidity":100.0,"turbulence_score":0.08,"icing_score":0.0,"convection_score":0.0}},{"type":"Feature","geometry":{"type":"Point","coordinates":[320.0,-90.0]},"properties":{"wind_kt":25.6,"wind_from_deg":245.0,"temperature_c":-38.3,"relative_humidity":100.0,"turbulence_score":0.08,"icing_score":0.0,"convection_score":0.0}},{"type":"Feature","geometry":{"type":"Point","coordinates":[324.0,-90.0]},"properties":{"wind_kt":25.6,"wind_from_deg":241.0,"temperature_c":-38.3,"relative_humidity":100.0,"turbulence_score":0.08,"icing_score":0.0,"convection_score":0.0}},{"type":"Feature","geometry":{"type":"Point","coordinates":[328.0,-90.0]},"properties":{"wind_kt":25.5,"wind_from_deg":237.0,"temperature_c":-38.3,"relative_humidity":100.0,"turbulence_score":0.08,"icing_score":0.0,"convection_score":0.0}},{"type":"Feature","geometry":{"type":"Point","coordinates":[332.0,-90.0]},"properties":{"wind_kt":25.6,"wind_from_deg":233.0,"temperature_c":-38.3,"relative_humidity":100.0,"turbulence_score":0.079,"icing_score":0.0,"convection_score":0.0}},{"type":"Feature","geometry":{"type":"Point","coordinates":[336.0,-90.0]},"properties":{"wind_kt":25.6,"wind_from_deg":229.0,"temperature_c":-38.3,"relative_humidity":100.0,"turbulence_score":0.079,"icing_score":0.0,"convection_score":0.0}},{"type":"Feature","geometry":{"type":"Point","coordinates":[340.0,-90.0]},"properties":{"wind_kt":25.7,"wind_from_deg":225.0,"temperature_c":-38.3,"relative_humidity":100.0,"turbulence_score":0.08,"icing_score":0.0,"convection_score":0.0}},{"type":"Feature","geometry":{"type":"Point","coordinates":[344.0,-90.0]},"properties":{"wind_kt":25.6,"wind_from_deg":221.0,"temperature_c":-38.3,"relative_humidity":100.0,"turbulence_score":0.079,"icing_score":0.0,"convection_score":0.0}},{"type":"Feature","geometry":{"type":"Point","coordinates":[348.0,-90.0]},"properties":{"wind_kt":25.7,"wind_from_deg":217.0,"temperature_c":-38.3,"relative_humidity":100.0,"turbulence_score":0.08,"icing_score":0.0,"convection_score":0.0}},{"type":"Feature","geometry":{"type":"Point","coordinates":[352.0,-90.0]},"properties":{"wind_kt":25.6,"wind_from_deg":213.0,"temperature_c":-38.3,"relative_humidity":100.0,"turbulence_score":0.079,"icing_score":0.0,"convection_score":0.0}},{"type":"Feature","geometry":{"type":"Point","coordinates":[356.0,-90.0]},"properties":{"wind_kt":25.7,"wind_from_deg":209.0,"temperature_c":-38.3,"relative_humidity":100.0,"turbulence_score":0.08,"icing_score":0.0,"convection_score":0.0}}]}